updated,md5sum,filesize,original_filename,archive_filename,airmass,ra_range,dec_range,ra,dec,ifilter,seeing,depth,exposure,expnum,obs_night,date_obs,pi_ids,pi,prop_id,release_date,instrument,telescope,site,obs_mode,obs_type,object,proc_type,prod_type,survey,caldat,collections
2020-11-19T13:17:15.136684+0000,27fdd8084f97e72573861911d391c20e,766080,/data_local/images/DTS/2015B-0602/DECam_00492135.fits.fz,/net/archive/pipeline/Q20151115/DEC15B/20151109/c4d_151112_013601_osd_g_v1.fits.fz,1.4,"{'gte': 56.25304166666666, 'lte': 56.25304166666666}","{'gte': -34.376444444444445, 'lte': -34.376444444444445}",56.25304166666666,-34.376444444444445,g DECam SDSS c0001 4720.0 1520.0,None,,75.0,0,2015-11-12,2015-11-12T01:35:02.634071+0000,[7313],Munoz,2015B-0602,2017-05-04,decam,ct4m,ct,,object,NGC1399_t7_d1_short,stacked,dqmask,,2015-11-11,[None]
2020-11-19T13:17:31.652120+0000,278b4fac02857dd0315a92f510706bfd,375203520,/data_local/images/DTS/2015B-0602/DECam_00492066.fits.fz,/net/archive/pipeline/Q20151115/DEC15B/20151109/c4d_151112_004950_osj_i_v1.fits.fz,1.74,"{'gte': 58.31554166666666, 'lte': 58.31554166666666}","{'gte': -35.18847222222222, 'lte': -35.18847222222222}",58.31554166666666,-35.18847222222222,i DECam SDSS c0003 7835.0 1470.0,None,,40.0,0,2015-11-12,2015-11-12T00:48:51.719167+0000,[7313],Munoz,2015B-0602,2017-05-04,decam,ct4m,ct,,object,NGC1399_t18_d3_short,stacked,image1,,2015-11-11,[None]
2020-11-19T04:39:35.348359+0000,2ba30d22749c33a4d46d00232a97059e,373533120,/data_local/images/DTS/2015B-0602/DECam_00492146.fits.fz,/net/archive/pipeline/Q20151115/DEC15B/20151109/c4d_151112_014400_osj_g_v1.fits.fz,1.39,"{'gte': 58.31233333333333, 'lte': 58.31233333333333}","{'gte': -35.183388888888885, 'lte': -35.183388888888885}",58.31233333333333,-35.183388888888885,g DECam SDSS c0001 4720.0 1520.0,None,,60.0,0,2015-11-12,2015-11-12T01:43:03.261737+0000,[7313],Munoz,2015B-0602,2017-05-04,decam,ct4m,ct,,object,NGC1399_t18_d1_short,stacked,image1,,2015-11-11,[None]
2020-11-19T04:39:36.383435+0000,320ee5b87142de7d6abc8b887addc29c,333195840,/data_local/images/DTS/2015B-0602/DECam_00492063.fits.fz,/net/archive/pipeline/Q20151119/DEC15B/20151109/c4d_151112_004753_osw_i_v1.fits.fz,1.63,"{'gte': 55.337875, 'lte': 55.337875}","{'gte': -39.14013888888889, 'lte': -39.14013888888889}",55.337875,-39.14013888888889,i DECam SDSS c0003 7835.0 1470.0,None,,40.0,0,2015-11-12,2015-11-12T00:46:58.857220+0000,[7313],Munoz,2015B-0602,2017-05-04,decam,ct4m,ct,,object,NGC1399_t15_d3_short,stacked,wtmap,,2015-11-11,[None]
2021-06-03T08:17:10.982386+0000,26d4272d067de624acdf2d1440bf4b49,6949440,/data_local/images/DTS/2015B-0602/DECam_00492163.fits.fz,/net/archive/pipe/20151111/ct4m/2015B-0602/c4d_151112_015639_ose_g_NGFS.fits.fz,1.28,"{'gte': 55.33195833333333, 'lte': 55.33195833333333}","{'gte': -39.13616666666667, 'lte': -39.13616666666667}",55.33195833333333,-39.13616666666667,g DECam SDSS c0001 4720.0 1520.0,None,,55.0,0,2015-11-12,2015-11-12T01:55:40.207058+0000,[7313],Munoz,2015B-0602,2017-05-04,decam,ct4m,ct,,object,NGC1399_t15_d2_short,stacked,expmap,,2015-11-11,[None]
2021-06-27T21:27:00.078513+0000,2bc748417eaa8312e03204426a1c8afb,380341440,/data_local/images/DTS/2015B-0602/DECam_00492035.fits.fz,/net/archive/pipe/20151111/ct4m/2015B-0602/c4d_151112_002939_osi_i_NGFS.fits.fz,1.86,"{'gte': 56.25062499999999, 'lte': 56.25062499999999}","{'gte': -34.374833333333335, 'lte': -34.374833333333335}",56.25062499999999,-34.374833333333335,i DECam SDSS c0003 7835.0 1470.0,None,,60.0,0,2015-11-12,2015-11-12T00:28:42.210243+0000,[7313],Munoz,2015B-0602,2017-05-04,decam,ct4m,ct,,object,NGC1399_t7_d2_short,stacked,image,,2015-11-11,[None]
2020-11-19T13:17:01.376272+0000,2b81379ccfb58864c881086755e6bf21,376156800,/data_local/images/DTS/2015B-0602/DECam_00491814.fits.fz,/net/archive/pipeline/Q20151115/DEC15B/20151109/c4d_151111_013644_osj_g_v1.fits.fz,1.38,"{'gte': 54.55741666666666, 'lte': 54.55741666666666}","{'gte': -35.525444444444446, 'lte': -35.525444444444446}",54.55741666666666,-35.525444444444446,g DECam SDSS c0001 4720.0 1520.0,None,,360.0,0,2015-11-11,2015-11-11T01:35:24.815051+0000,[7313],Munoz,2015B-0602,2017-05-03,decam,ct4m,ct,,object,NGC1399_t1_d11_short,stacked,image1,,2015-11-10,[None]
2020-11-19T13:17:20.605268+0000,2bcf851c8301a6be4a2261b9b1e5ee00,794880,/data_local/images/DTS/2015B-0602/DECam_00492141.fits.fz,/net/archive/pipeline/Q20151115/DEC15B/20151109/c4d_151112_014022_osd_g_v1.fits.fz,1.28,"{'gte': 51.12974999999999, 'lte': 51.12974999999999}","{'gte': -37.821000000000005, 'lte': -37.821000000000005}",51.12974999999999,-37.821000000000005,g DECam SDSS c0001 4720.0 1520.0,None,,75.0,0,2015-11-12,2015-11-12T01:39:23.431234+0000,[7313],Munoz,2015B-0602,2017-05-04,decam,ct4m,ct,,object,NGC1399_t13_d1_short,stacked,dqmask,,2015-11-11,[None]
2021-06-03T08:18:02.017108+0000,304bfe9e0d060231c5870e47d5d50e5a,377326080,/data_local/images/DTS/2015B-0602/DECam_00492163.fits.fz,/net/archive/pipe/20151111/ct4m/2015B-0602/c4d_151112_015639_osj_g_NGFS.fits.fz,1.28,"{'gte': 55.33195833333333, 'lte': 55.33195833333333}","{'gte': -39.13616666666667, 'lte': -39.13616666666667}",55.33195833333333,-39.13616666666667,g DECam SDSS c0001 4720.0 1520.0,None,,55.0,0,2015-11-12,2015-11-12T01:55:40.207058+0000,[7313],Munoz,2015B-0602,2017-05-04,decam,ct4m,ct,,object,NGC1399_t15_d2_short,stacked,image1,,2015-11-11,[None]
2020-11-19T00:56:29.114227+0000,1f4a2a7fdd76438d1f5b58950d3bfa51,4524480,/data_local/images/DTS/2015B-0602/DECam_00492147.fits.fz,/net/archive/pipeline/Q20151115/DEC15B/20151109/c4d_151112_014443_ose_g_v1.fits.fz,1.39,"{'gte': 57.92674999999999, 'lte': 57.92674999999999}","{'gte': -33.374972222222226, 'lte': -33.374972222222226}",57.92674999999999,-33.374972222222226,g DECam SDSS c0001 4720.0 1520.0,None,,60.0,0,2015-11-12,2015-11-12T01:43:45.194746+0000,[7313],Munoz,2015B-0602,2017-05-04,decam,ct4m,ct,,object,NGC1399_t19_d1_short,stacked,expmap,,2015-11-11,[None]
2020-11-19T13:17:31.977678+0000,30b4c49913244002d034e8476e30acc5,374797440,/data_local/images/DTS/2015B-0602/DECam_00492063.fits.fz,/net/archive/pipeline/Q20151115/DEC15B/20151109/c4d_151112_004753_osj_i_v1.fits.fz,1.63,"{'gte': 55.337875, 'lte': 55.337875}","{'gte': -39.14013888888889, 'lte': -39.14013888888889}",55.337875,-39.14013888888889,i DECam SDSS c0003 7835.0 1470.0,None,,40.0,0,2015-11-12,2015-11-12T00:46:58.857220+0000,[7313],Munoz,2015B-0602,2017-05-04,decam,ct4m,ct,,object,NGC1399_t15_d3_short,stacked,image1,,2015-11-11,[None]
2020-11-19T07:53:53.508473+0000,6a09321ed38f35b5d9df73e11c4b8167,987840,/data_local/images/DTS/2015B-0602/DECam_00491806.fits.fz,/net/archive/pipeline/Q20151115/DEC15B/20151109/c4d_151111_005628_osd_i_v1.fits.fz,1.64,"{'gte': 54.16629166666666, 'lte': 54.16629166666666}","{'gte': -33.71791666666667, 'lte': -33.71791666666667}",54.16629166666666,-33.71791666666667,i DECam SDSS c0003 7835.0 1470.0,None,,1200.0,0,2015-11-11,2015-11-11T00:50:40.768977+0000,[7313],Munoz,2015B-0602,2017-05-03,decam,ct4m,ct,,object,NGC1399_t2_d9,stacked,dqmask,,2015-11-10,[None]
2020-11-19T00:56:27.792739+0000,6a459b0778ab209795ad6e70bf5513f7,335787840,/data_local/images/DTS/2015B-0602/DECam_00491799.fits.fz,/net/archive/pipeline/Q20151119/DEC15B/20151109/c4d_151111_002220_osw_i_v1.fits.fz,1.86,"{'gte': 52.87783333333332, 'lte': 52.87783333333332}","{'gte': -36.67608333333333, 'lte': -36.67608333333333}",52.87783333333332,-36.67608333333333,i DECam SDSS c0003 7835.0 1470.0,None,,900.0,0,2015-11-11,2015-11-11T00:16:29.781982+0000,[7313],Munoz,2015B-0602,2017-05-03,decam,ct4m,ct,,object,NGC1399_t4_d8,stacked,wtmap,,2015-11-10,[None]
2020-11-18T18:58:52.614321+0000,2cbb49460d8c543a80646d9bd6deb370,374857920,/data_local/images/DTS/2015B-0602/DECam_00492058.fits.fz,/net/archive/pipeline/Q20151115/DEC15B/20151109/c4d_151112_004440_osi_i_v1.fits.fz,1.61,"{'gte': 52.13054166666666, 'lte': 52.13054166666666}","{'gte': -33.05844444444444, 'lte': -33.05844444444444}",52.13054166666666,-33.05844444444444,i DECam SDSS c0003 7835.0 1470.0,None,,40.0,0,2015-11-12,2015-11-12T00:43:45.958604+0000,[7313],Munoz,2015B-0602,2017-05-04,decam,ct4m,ct,,object,NGC1399_t10_d3_short,stacked,image,,2015-11-11,[None]
2020-11-19T03:44:41.768914+0000,3d7ddb0d6ebe3a7516cfd949e15d2361,1782720,/data_local/images/DTS/2015B-0602/DECam_00491807.fits.fz,/net/archive/pipeline/Q20151115/DEC15B/20151109/c4d_151111_010200_osd_i_v1.fits.fz,1.55,"{'gte': 52.494791666666664, 'lte': 52.494791666666664}","{'gte': -34.86933333333334, 'lte': -34.86933333333334}",52.494791666666664,-34.86933333333334,i DECam SDSS c0003 7835.0 1470.0,None,,600.0,0,2015-11-11,2015-11-11T00:56:09.130523+0000,[7313],Munoz,2015B-0602,2017-05-03,decam,ct4m,ct,,object,NGC1399_t3_d9,stacked,dqmask,,2015-11-10,[None]
2021-06-03T07:16:47.554002+0000,1f9c1427af555fdbbdbf626d5be06d26,7208640,/data_local/images/DTS/2015B-0602/DECam_00492145.fits.fz,/net/archive/pipe/20151111/ct4m/2015B-0602/c4d_151112_014319_ose_g_NGFS.fits.fz,1.4,"{'gte': 58.700958333333325, 'lte': 58.700958333333325}","{'gte': -36.97827777777778, 'lte': -36.97827777777778}",58.700958333333325,-36.97827777777778,g DECam SDSS c0001 4720.0 1520.0,None,,55.0,0,2015-11-12,2015-11-12T01:42:20.195253+0000,[7313],Munoz,2015B-0602,2017-05-04,decam,ct4m,ct,,object,NGC1399_t17_d1_short,stacked,expmap,,2015-11-11,[None]
2021-06-27T21:32:06.026728+0000,3d7fd58439155a8319e7f7dff576e77d,9506880,/data_local/images/DTS/2015B-0602/DECam_00492082.fits.fz,/net/archive/pipe/20151111/ct4m/2015B-0602/c4d_151112_010022_ose_i_NGFS.fits.fz,1.5,"{'gte': 53.26866666666666, 'lte': 53.26866666666666}","{'gte': -38.48252777777778, 'lte': -38.48252777777778}",53.26866666666666,-38.48252777777778,i DECam SDSS c0003 7835.0 1470.0,None,,40.0,0,2015-11-12,2015-11-12T00:59:26.954606+0000,[7313],Munoz,2015B-0602,2017-05-04,decam,ct4m,ct,,object,NGC1399_t14_d4_short,stacked,expmap,,2015-11-11,[None]
2020-11-19T08:10:44.356545+0000,356760dcb4a46b0348ef0c11d3ee3281,374590080,/data_local/images/DTS/2015B-0602/DECam_00492062.fits.fz,/net/archive/pipeline/Q20151115/DEC15B/20151109/c4d_151112_004712_osi_i_v1.fits.fz,1.58,"{'gte': 53.268583333333325, 'lte': 53.268583333333325}","{'gte': -38.486333333333334, 'lte': -38.486333333333334}",53.268583333333325,-38.486333333333334,i DECam SDSS c0003 7835.0 1470.0,None,,40.0,0,2015-11-12,2015-11-12T00:46:17.214590+0000,[7313],Munoz,2015B-0602,2017-05-04,decam,ct4m,ct,,object,NGC1399_t14_d3_short,stacked,image,,2015-11-11,[None]
2020-11-19T13:18:02.963827+0000,2d07c985d3bbaeffb07a3f7b9e638b2e,336309120,/data_local/images/DTS/2015B-0602/DECam_00492143.fits.fz,/net/archive/pipeline/Q20151119/DEC15B/20151109/c4d_151112_014150_osw_g_v1.fits.fz,1.34,"{'gte': 55.331833333333336, 'lte': 55.331833333333336}","{'gte': -39.139916666666664, 'lte': -39.139916666666664}",55.331833333333336,-39.139916666666664,g DECam SDSS c0001 4720.0 1520.0,None,,75.0,0,2015-11-12,2015-11-12T01:40:52.733989+0000,[7313],Munoz,2015B-0602,2017-05-04,decam,ct4m,ct,,object,NGC1399_t15_d1_short,stacked,wtmap,,2015-11-11,[None]
2020-11-19T13:17:27.200204+0000,362ba1aacea54472e37de59cb65c0356,369714240,/data_local/images/DTS/2015B-0602/DECam_00491807.fits.fz,/net/archive/pipeline/Q20151115/DEC15B/20151109/c4d_151111_010200_osi_i_v1.fits.fz,1.55,"{'gte': 52.494791666666664, 'lte': 52.494791666666664}","{'gte': -34.86933333333334, 'lte': -34.86933333333334}",52.494791666666664,-34.86933333333334,i DECam SDSS c0003 7835.0 1470.0,None,,600.0,0,2015-11-11,2015-11-11T00:56:09.130523+0000,[7313],Munoz,2015B-0602,2017-05-03,decam,ct4m,ct,,object,NGC1399_t3_d9,stacked,image,,2015-11-10,[None]
2021-06-02T15:17:40.579810+0000,33f373c6d5ebdee5b59e76695ba8bc68,378463680,/data_local/images/DTS/2015B-0602/DECam_00492131.fits.fz,/net/archive/pipe/20151111/ct4m/2015B-0602/c4d_151112_013308_osj_g_NGFS.fits.fz,1.34,"{'gte': 52.49683333333333, 'lte': 52.49683333333333}","{'gte': -34.86691666666667, 'lte': -34.86691666666667}",52.49683333333333,-34.86691666666667,g DECam SDSS c0001 4720.0 1520.0,None,,85.0,0,2015-11-12,2015-11-12T01:32:09.884102+0000,[7313],Munoz,2015B-0602,2017-05-04,decam,ct4m,ct,,object,NGC1399_t3_d1_short,stacked,image1,,2015-11-11,[None]
2020-11-19T13:17:57.660439+0000,3585fa61bddff37cbcef71cdab372de9,332902080,/data_local/images/DTS/2015B-0602/DECam_00492067.fits.fz,/net/archive/pipeline/Q20151119/DEC15B/20151109/c4d_151112_005023_osw_i_v1.fits.fz,1.74,"{'gte': 57.92937499999999, 'lte': 57.92937499999999}","{'gte': -33.38130555555556, 'lte': -33.38130555555556}",57.92937499999999,-33.38130555555556,i DECam SDSS c0003 7835.0 1470.0,None,,40.0,0,2015-11-12,2015-11-12T00:49:30.885146+0000,[7313],Munoz,2015B-0602,2017-05-04,decam,ct4m,ct,,object,NGC1399_t19_d3_short,stacked,wtmap,,2015-11-11,[None]
2021-06-27T21:27:53.370859+0000,35839f88618c7aac1c9304f59cc1addb,15693120,/data_local/images/DTS/2015B-0602/DECam_00492039.fits.fz,/net/archive/pipe/20151111/ct4m/2015B-0602/c4d_151112_003205_ose_i_NGFS.fits.fz,1.64,"{'gte': 50.443458333333325, 'lte': 50.443458333333325}","{'gte': -34.202333333333335, 'lte': -34.202333333333335}",50.443458333333325,-34.202333333333335,i DECam SDSS c0003 7835.0 1470.0,None,,50.0,0,2015-11-12,2015-11-12T00:31:13.196222+0000,[7313],Munoz,2015B-0602,2017-05-04,decam,ct4m,ct,,object,NGC1399_t11_d2_short,stacked,expmap,,2015-11-11,[None]
2020-11-19T13:18:00.329028+0000,37ae55520551276b6b20312bf11e7767,333858240,/data_local/images/DTS/2015B-0602/DECam_00492052.fits.fz,/net/archive/pipeline/Q20151119/DEC15B/20151109/c4d_151112_004048_osw_i_v1.fits.fz,1.63,"{'gte': 52.88358333333333, 'lte': 52.88358333333333}","{'gte': -36.67366666666666, 'lte': -36.67366666666666}",52.88358333333333,-36.67366666666666,i DECam SDSS c0003 7835.0 1470.0,None,,40.0,0,2015-11-12,2015-11-12T00:39:54.251608+0000,[7313],Munoz,2015B-0602,2017-05-04,decam,ct4m,ct,,object,NGC1399_t4_d3_short,stacked,wtmap,,2015-11-11,[None]
2020-11-19T13:17:21.154317+0000,34d98c5a6bd9ca412ce4dfafee560d70,375088320,/data_local/images/DTS/2015B-0602/DECam_00492066.fits.fz,/net/archive/pipeline/Q20151115/DEC15B/20151109/c4d_151112_004950_osi_i_v1.fits.fz,1.74,"{'gte': 58.31554166666666, 'lte': 58.31554166666666}","{'gte': -35.18847222222222, 'lte': -35.18847222222222}",58.31554166666666,-35.18847222222222,i DECam SDSS c0003 7835.0 1470.0,None,,40.0,0,2015-11-12,2015-11-12T00:48:51.719167+0000,[7313],Munoz,2015B-0602,2017-05-04,decam,ct4m,ct,,object,NGC1399_t18_d3_short,stacked,image,,2015-11-11,[None]
2021-06-03T08:33:59.528344+0000,3d53beda599217feee8495473bfc5c9f,373057920,/data_local/images/DTS/2015B-0602/DECam_00492142.fits.fz,/net/archive/pipe/20151111/ct4m/2015B-0602/c4d_151112_014105_osi_g_NGFS.fits.fz,1.31,"{'gte': 53.27083333333333, 'lte': 53.27083333333333}","{'gte': -38.49391666666667, 'lte': -38.49391666666667}",53.27083333333333,-38.49391666666667,g DECam SDSS c0001 4720.0 1520.0,None,,55.0,0,2015-11-12,2015-11-12T01:40:08.328215+0000,[7313],Munoz,2015B-0602,2017-05-04,decam,ct4m,ct,,object,NGC1399_t14_d1_short,stacked,image,,2015-11-11,[None]
2020-11-19T04:39:31.047443+0000,399238602a949faa9ba48cb0000dc502,786240,/data_local/images/DTS/2015B-0602/DECam_00492036.fits.fz,/net/archive/pipeline/Q20151115/DEC15B/20151109/c4d_151112_003014_osd_i_v1.fits.fz,1.87,"{'gte': 55.863375, 'lte': 55.863375}","{'gte': -32.56480555555555, 'lte': -32.56480555555555}",55.863375,-32.56480555555555,i DECam SDSS c0003 7835.0 1470.0,None,,50.0,0,2015-11-12,2015-11-12T00:29:20.284841+0000,[7313],Munoz,2015B-0602,2017-05-04,decam,ct4m,ct,,object,NGC1399_t8_d2_short,stacked,dqmask,,2015-11-11,[None]
2020-11-19T07:53:48.708467+0000,2ada0fed3ab4bd49e94c2a17db82e1af,14232960,/data_local/images/DTS/2015B-0602/DECam_00491826.fits.fz,/net/archive/pipeline/Q20151114/DEC15B/20151109/c4d_151111_023106_ose_g_v1.fits.fz,1.22,"{'gte': 56.25516666666666, 'lte': 56.25516666666666}","{'gte': -34.38280555555556, 'lte': -34.38280555555556}",56.25516666666666,-34.38280555555556,g DECam SDSS c0001 4720.0 1520.0,None,,1500.0,0,2015-11-11,2015-11-11T02:25:16.804743+0000,[7313],Munoz,2015B-0602,2017-05-03,decam,ct4m,ct,,object,NGC1399_t7_d11,stacked,expmap,,2015-11-10,[None]
2020-11-19T08:10:44.437706+0000,2a34e275bccd9d4ce35b7c7a2f3da279,5889600,/data_local/images/DTS/2015B-0602/DECam_00492139.fits.fz,/net/archive/pipeline/Q20151115/DEC15B/20151109/c4d_151112_013854_ose_g_v1.fits.fz,1.29,"{'gte': 50.44379166666666, 'lte': 50.44379166666666}","{'gte': -34.206027777777784, 'lte': -34.206027777777784}",50.44379166666666,-34.206027777777784,g DECam SDSS c0001 4720.0 1520.0,None,,75.0,0,2015-11-12,2015-11-12T01:37:57.241451+0000,[7313],Munoz,2015B-0602,2017-05-04,decam,ct4m,ct,,object,NGC1399_t11_d1_short,stacked,expmap,,2015-11-11,[None]
2021-06-27T21:28:50.111859+0000,36fb1abafdcd0c218d3afb60fae82bca,866880,/data_local/images/DTS/2015B-0602/DECam_00492045.fits.fz,/net/archive/pipe/20151111/ct4m/2015B-0602/c4d_151112_003559_osd_i_NGFS.fits.fz,1.86,"{'gte': 58.70104166666666, 'lte': 58.70104166666666}","{'gte': -36.977583333333335, 'lte': -36.977583333333335}",58.70104166666666,-36.977583333333335,i DECam SDSS c0003 7835.0 1470.0,None,,60.0,0,2015-11-12,2015-11-12T00:35:06.289790+0000,[7313],Munoz,2015B-0602,2017-05-04,decam,ct4m,ct,,object,NGC1399_t17_d2_short,stacked,dqmask,,2015-11-11,[None]
2021-06-27T21:29:04.849596+0000,7480a44e4420058d5fc0994b3cd8f368,378112320,/data_local/images/DTS/2015B-0602/DECam_00492051.fits.fz,/net/archive/pipe/20151111/ct4m/2015B-0602/c4d_151112_004008_osj_i_NGFS.fits.fz,1.64,"{'gte': 52.50154166666666, 'lte': 52.50154166666666}","{'gte': -34.86402777777778, 'lte': -34.86402777777778}",52.50154166666666,-34.86402777777778,i DECam SDSS c0003 7835.0 1470.0,None,,50.0,0,2015-11-12,2015-11-12T00:39:16.340174+0000,[7313],Munoz,2015B-0602,2017-05-04,decam,ct4m,ct,,object,NGC1399_t3_d3_short,stacked,image1,,2015-11-11,[None]
2020-11-19T13:18:00.053911+0000,39ed94ebb9a78d3246f95e11a456f585,333455040,/data_local/images/DTS/2015B-0602/DECam_00492062.fits.fz,/net/archive/pipeline/Q20151119/DEC15B/20151109/c4d_151112_004712_osw_i_v1.fits.fz,1.58,"{'gte': 53.268583333333325, 'lte': 53.268583333333325}","{'gte': -38.486333333333334, 'lte': -38.486333333333334}",53.268583333333325,-38.486333333333334,i DECam SDSS c0003 7835.0 1470.0,None,,40.0,0,2015-11-12,2015-11-12T00:46:17.214590+0000,[7313],Munoz,2015B-0602,2017-05-04,decam,ct4m,ct,,object,NGC1399_t14_d3_short,stacked,wtmap,,2015-11-11,[None]
2020-11-19T13:17:09.170430+0000,57ea14fc0d9dcc7a61a3ca1212c4ab54,377078400,/data_local/images/DTS/2015B-0602/DECam_00492140.fits.fz,/net/archive/pipeline/Q20151115/DEC15B/20151109/c4d_151112_013936_osi_g_v1.fits.fz,1.28,"{'gte': 50.77808333333333, 'lte': 50.77808333333333}","{'gte': -36.01463888888889, 'lte': -36.01463888888889}",50.77808333333333,-36.01463888888889,g DECam SDSS c0001 4720.0 1520.0,None,,75.0,0,2015-11-12,2015-11-12T01:38:39.687116+0000,[7313],Munoz,2015B-0602,2017-05-04,decam,ct4m,ct,,object,NGC1399_t12_d1_short,stacked,image,,2015-11-11,[None]
2021-06-03T08:33:51.899599+0000,3a7530a49bd020268deed436f4af1bd6,276258240,/data_local/images/DTS/2015B-0602/DECam_00492135.fits.fz,/net/archive/pipe/20151111/ct4m/2015B-0602/c4d_151112_013601_osw_g_NGFS.fits.fz,1.4,"{'gte': 56.25304166666666, 'lte': 56.25304166666666}","{'gte': -34.376444444444445, 'lte': -34.376444444444445}",56.25304166666666,-34.376444444444445,g DECam SDSS c0001 4720.0 1520.0,None,,85.0,0,2015-11-12,2015-11-12T01:35:02.634071+0000,[7313],Munoz,2015B-0602,2017-05-04,decam,ct4m,ct,,object,NGC1399_t7_d1_short,stacked,wtmap,,2015-11-11,[None]
2021-06-03T08:33:52.204289+0000,405df724c4b36a44120edad778d96f14,375580800,/data_local/images/DTS/2015B-0602/DECam_00492136.fits.fz,/net/archive/pipe/20151111/ct4m/2015B-0602/c4d_151112_013644_osj_g_NGFS.fits.fz,1.39,"{'gte': 55.86833333333333, 'lte': 55.86833333333333}","{'gte': -32.56444444444444, 'lte': -32.56444444444444}",55.86833333333333,-32.56444444444444,g DECam SDSS c0001 4720.0 1520.0,None,,55.0,0,2015-11-12,2015-11-12T01:35:44.998665+0000,[7313],Munoz,2015B-0602,2017-05-04,decam,ct4m,ct,,object,NGC1399_t8_d1_short,stacked,image1,,2015-11-11,[None]
2020-11-19T13:17:22.762342+0000,3bac453f96deb2e794e52f2399734aa0,5420160,/data_local/images/DTS/2015B-0602/DECam_00492057.fits.fz,/net/archive/pipeline/Q20151115/DEC15B/20151109/c4d_151112_004359_ose_i_v1.fits.fz,1.68,"{'gte': 53.81325, 'lte': 53.81325}","{'gte': -31.90747222222222, 'lte': -31.90747222222222}",53.81325,-31.90747222222222,i DECam SDSS c0003 7835.0 1470.0,None,,40.0,0,2015-11-12,2015-11-12T00:43:07.010223+0000,[7313],Munoz,2015B-0602,2017-05-04,decam,ct4m,ct,,object,NGC1399_t9_d3_short,stacked,expmap,,2015-11-11,[None]
2020-11-19T13:18:05.897269+0000,3bd955b7ea445ea7e8cfaf3a411c427b,335306880,/data_local/images/DTS/2015B-0602/DECam_00492135.fits.fz,/net/archive/pipeline/Q20151119/DEC15B/20151109/c4d_151112_013601_osw_g_v1.fits.fz,1.4,"{'gte': 56.25304166666666, 'lte': 56.25304166666666}","{'gte': -34.376444444444445, 'lte': -34.376444444444445}",56.25304166666666,-34.376444444444445,g DECam SDSS c0001 4720.0 1520.0,None,,75.0,0,2015-11-12,2015-11-12T01:35:02.634071+0000,[7313],Munoz,2015B-0602,2017-05-04,decam,ct4m,ct,,object,NGC1399_t7_d1_short,stacked,wtmap,,2015-11-11,[None]
2020-11-19T13:18:05.891908+0000,3c478a8f8c49907d950813b2f106fe2a,336539520,/data_local/images/DTS/2015B-0602/DECam_00492142.fits.fz,/net/archive/pipeline/Q20151119/DEC15B/20151109/c4d_151112_014105_osw_g_v1.fits.fz,1.31,"{'gte': 53.26283333333332, 'lte': 53.26283333333332}","{'gte': -38.487027777777776, 'lte': -38.487027777777776}",53.26283333333332,-38.487027777777776,g DECam SDSS c0001 4720.0 1520.0,None,,75.0,0,2015-11-12,2015-11-12T01:40:08.328215+0000,[7313],Munoz,2015B-0602,2017-05-04,decam,ct4m,ct,,object,NGC1399_t14_d1_short,stacked,wtmap,,2015-11-11,[None]
2020-11-19T03:44:41.245208+0000,3c1242cf15d736d4a38e4fc0be95f821,376997760,/data_local/images/DTS/2015B-0602/DECam_00492138.fits.fz,/net/archive/pipeline/Q20151115/DEC15B/20151109/c4d_151112_013811_osi_g_v1.fits.fz,1.32,"{'gte': 52.126875, 'lte': 52.126875}","{'gte': -33.059083333333334, 'lte': -33.059083333333334}",52.126875,-33.059083333333334,g DECam SDSS c0001 4720.0 1520.0,None,,75.0,0,2015-11-12,2015-11-12T01:37:15.054087+0000,[7313],Munoz,2015B-0602,2017-05-04,decam,ct4m,ct,,object,NGC1399_t10_d1_short,stacked,image,,2015-11-11,[None]
2020-11-19T13:17:48.179452+0000,3cd8341ab71c55d949c2fbcccc45d305,372107520,/data_local/images/DTS/2015B-0602/DECam_00491799.fits.fz,/net/archive/pipeline/Q20151116/DEC15B/20151109/c4d_151111_002220_osj_i_v1.fits.fz,1.86,"{'gte': 52.87783333333332, 'lte': 52.87783333333332}","{'gte': -36.67608333333333, 'lte': -36.67608333333333}",52.87783333333332,-36.67608333333333,i DECam SDSS c0003 7835.0 1470.0,None,,900.0,0,2015-11-11,2015-11-11T00:16:29.781982+0000,[7313],Munoz,2015B-0602,2017-05-03,decam,ct4m,ct,,object,NGC1399_t4_d8,stacked,image1,,2015-11-10,[None]
2020-11-18T18:58:52.842231+0000,3ea97233b1d872f80635d27b53dd8631,5823360,/data_local/images/DTS/2015B-0602/DECam_00492145.fits.fz,/net/archive/pipeline/Q20151114/DEC15B/20151109/c4d_151112_014319_ose_g_v1.fits.fz,1.4,"{'gte': 58.70291666666665, 'lte': 58.70291666666665}","{'gte': -36.97827777777778, 'lte': -36.97827777777778}",58.70291666666665,-36.97827777777778,g DECam SDSS c0001 4720.0 1520.0,None,,75.0,0,2015-11-12,2015-11-12T01:42:20.195253+0000,[7313],Munoz,2015B-0602,2017-05-04,decam,ct4m,ct,,object,NGC1399_t17_d1_short,stacked,expmap,,2015-11-11,[None]
2021-06-03T05:33:53.845825+0000,3c199545b72ab10d442e8cdcab32da5a,273605760,/data_local/images/DTS/2015B-0602/DECam_00492206.fits.fz,/net/archive/pipe/20151111/ct4m/2015B-0602/c4d_151112_022825_osw_g_NGFS.fits.fz,1.22,"{'gte': 58.31737499999999, 'lte': 58.31737499999999}","{'gte': -35.186388888888885, 'lte': -35.186388888888885}",58.31737499999999,-35.186388888888885,g DECam SDSS c0001 4720.0 1520.0,None,,40.0,0,2015-11-12,2015-11-12T02:27:24.928915+0000,[7313],Munoz,2015B-0602,2017-05-04,decam,ct4m,ct,,object,NGC1399_t18_d4_short,stacked,wtmap,,2015-11-11,[None]
2021-06-27T21:26:49.843202+0000,3ee204652426665833e2d0326250ccb3,371684160,/data_local/images/DTS/2015B-0602/DECam_00492024.fits.fz,/net/archive/pipe/20151111/ct4m/2015B-0602/c4d_151112_002215_osj_i_NGFS.fits.fz,1.92,"{'gte': 57.01962499999999, 'lte': 57.01962499999999}","{'gte': -37.99608333333333, 'lte': -37.99608333333333}",57.01962499999999,-37.99608333333333,i DECam SDSS c0003 7835.0 1470.0,None,,50.0,0,2015-11-12,2015-11-12T00:21:19.287398+0000,[7313],Munoz,2015B-0602,2017-05-04,decam,ct4m,ct,,object,NGC1399_t16_d1_short,stacked,image1,,2015-11-11,[None]
2020-11-19T13:17:21.139178+0000,3c13b505e29bc77b0306fc14c07fbe82,375249600,/data_local/images/DTS/2015B-0602/DECam_00492052.fits.fz,/net/archive/pipeline/Q20151115/DEC15B/20151109/c4d_151112_004048_osi_i_v1.fits.fz,1.63,"{'gte': 52.88358333333333, 'lte': 52.88358333333333}","{'gte': -36.67366666666666, 'lte': -36.67366666666666}",52.88358333333333,-36.67366666666666,i DECam SDSS c0003 7835.0 1470.0,None,,40.0,0,2015-11-12,2015-11-12T00:39:54.251608+0000,[7313],Munoz,2015B-0602,2017-05-04,decam,ct4m,ct,,object,NGC1399_t4_d3_short,stacked,image,,2015-11-11,[None]
2020-11-19T13:18:05.886576+0000,3f99090c2a011ea6e6ed625480f44f0b,336297600,/data_local/images/DTS/2015B-0602/DECam_00492138.fits.fz,/net/archive/pipeline/Q20151119/DEC15B/20151109/c4d_151112_013811_osw_g_v1.fits.fz,1.32,"{'gte': 52.126875, 'lte': 52.126875}","{'gte': -33.059083333333334, 'lte': -33.059083333333334}",52.126875,-33.059083333333334,g DECam SDSS c0001 4720.0 1520.0,None,,75.0,0,2015-11-12,2015-11-12T01:37:15.054087+0000,[7313],Munoz,2015B-0602,2017-05-04,decam,ct4m,ct,,object,NGC1399_t10_d1_short,stacked,wtmap,,2015-11-11,[None]
2021-06-27T21:28:12.550612+0000,3f83ef08eaf43e92dfb150ba8063adff,274835520,/data_local/images/DTS/2015B-0602/DECam_00492040.fits.fz,/net/archive/pipe/20151111/ct4m/2015B-0602/c4d_151112_003248_osw_i_NGFS.fits.fz,1.63,"{'gte': 50.77654166666666, 'lte': 50.77654166666666}","{'gte': -36.010555555555555, 'lte': -36.010555555555555}",50.77654166666666,-36.010555555555555,i DECam SDSS c0003 7835.0 1470.0,None,,40.0,0,2015-11-12,2015-11-12T00:31:51.838889+0000,[7313],Munoz,2015B-0602,2017-05-04,decam,ct4m,ct,,object,NGC1399_t12_d2_short,stacked,wtmap,,2015-11-11,[None]
2021-06-27T21:26:37.909534+0000,40f22f914788be516169b34f25ad6753,379071360,/data_local/images/DTS/2015B-0602/DECam_00492023.fits.fz,/net/archive/pipe/20151111/ct4m/2015B-0602/c4d_151112_002133_osi_i_NGFS.fits.fz,1.84,"{'gte': 55.32375, 'lte': 55.32375}","{'gte': -39.14011111111111, 'lte': -39.14011111111111}",55.32375,-39.14011111111111,i DECam SDSS c0003 7835.0 1470.0,None,,60.0,0,2015-11-12,2015-11-12T00:20:40.312831+0000,[7313],Munoz,2015B-0602,2017-05-04,decam,ct4m,ct,,object,NGC1399_t15_d1_short,stacked,image,,2015-11-11,[None]
2020-11-19T13:00:36.122288+0000,379df4fe0684a88207fca48e3273de39,329330880,/data_local/images/DTS/2015B-0602/DECam_00491816.fits.fz,/net/archive/pipeline/Q20151119/DEC15B/20151109/c4d_151111_014741_osw_g_v1.fits.fz,1.35,"{'gte': 54.173958333333324, 'lte': 54.173958333333324}","{'gte': -33.719, 'lte': -33.719}",54.173958333333324,-33.719,g DECam SDSS c0001 4720.0 1520.0,None,,1500.0,0,2015-11-11,2015-11-11T01:41:52.333549+0000,[7313],Munoz,2015B-0602,2017-05-03,decam,ct4m,ct,,object,NGC1399_t2_d11,stacked,wtmap,,2015-11-10,[None]
2021-06-03T08:32:52.066538+0000,0268bb7e03e7539a8dbff063ef2a24ee,375658560,/data_local/images/DTS/2015B-0602/DECam_00492136.fits.fz,/net/archive/pipe/20151111/ct4m/2015B-0602/c4d_151112_013644_osi_g_NGFS.fits.fz,1.39,"{'gte': 55.86833333333333, 'lte': 55.86833333333333}","{'gte': -32.56444444444444, 'lte': -32.56444444444444}",55.86833333333333,-32.56444444444444,g DECam SDSS c0001 4720.0 1520.0,None,,55.0,0,2015-11-12,2015-11-12T01:35:44.998665+0000,[7313],Munoz,2015B-0602,2017-05-04,decam,ct4m,ct,,object,NGC1399_t8_d1_short,stacked,image,,2015-11-11,[None]
2020-11-19T13:17:31.815638+0000,5dbb0641487df80cfbc1bde06ea6d009,341714880,/data_local/images/DTS/2015B-0602/DECam_00491802.fits.fz,/net/archive/pipeline/Q20151115/DEC15B/20151109/c4d_151111_003848_osi_i_v1.fits.fz,1.86,"{'gte': 56.25449999999999, 'lte': 56.25449999999999}","{'gte': -34.365833333333335, 'lte': -34.365833333333335}",56.25449999999999,-34.365833333333335,i DECam SDSS c0003 7835.0 1470.0,None,,600.0,0,2015-11-11,2015-11-11T00:32:58.563628+0000,[7313],Munoz,2015B-0602,2017-05-03,decam,ct4m,ct,,object,NGC1399_t7_d8,stacked,image,,2015-11-10,[None]
2020-11-19T13:17:35.636408+0000,321ae13840f02b29df3b8f75cce8fa70,7318080,/data_local/images/DTS/2015B-0602/DECam_00491799.fits.fz,/net/archive/pipeline/Q20151115/DEC15B/20151109/c4d_151111_002220_ose_i_v1.fits.fz,1.86,"{'gte': 52.87783333333332, 'lte': 52.87783333333332}","{'gte': -36.67608333333333, 'lte': -36.67608333333333}",52.87783333333332,-36.67608333333333,i DECam SDSS c0003 7835.0 1470.0,None,,900.0,0,2015-11-11,2015-11-11T00:16:29.781982+0000,[7313],Munoz,2015B-0602,2017-05-03,decam,ct4m,ct,,object,NGC1399_t4_d8,stacked,expmap,,2015-11-10,[None]
2020-11-19T13:17:33.004652+0000,3a857f7e94bb0e00fa3d3c04a734f7b9,374532480,/data_local/images/DTS/2015B-0602/DECam_00492067.fits.fz,/net/archive/pipeline/Q20151115/DEC15B/20151109/c4d_151112_005023_osi_i_v1.fits.fz,1.74,"{'gte': 57.92937499999999, 'lte': 57.92937499999999}","{'gte': -33.38130555555556, 'lte': -33.38130555555556}",57.92937499999999,-33.38130555555556,i DECam SDSS c0003 7835.0 1470.0,None,,40.0,0,2015-11-12,2015-11-12T00:49:30.885146+0000,[7313],Munoz,2015B-0602,2017-05-04,decam,ct4m,ct,,object,NGC1399_t19_d3_short,stacked,image,,2015-11-11,[None]
2020-11-19T13:17:45.570733+0000,1c8592c83173f96f43ea35be39e64af9,771840,/data_local/images/DTS/2015B-0602/DECam_00492029.fits.fz,/net/archive/pipeline/Q20151117/DEC15B/20151109/c4d_151112_002545_osd_i_v1.fits.fz,1.82,"{'gte': 54.55358333333332, 'lte': 54.55358333333332}","{'gte': -35.52280555555556, 'lte': -35.52280555555556}",54.55358333333332,-35.52280555555556,i DECam SDSS c0003 7835.0 1470.0,None,,140.0,0,2015-11-12,2015-11-12T00:24:53.620476+0000,[7313],Munoz,2015B-0602,2017-05-04,decam,ct4m,ct,,object,NGC1399_t1_d2_short,stacked,dqmask,,2015-11-11,[None]
2021-06-03T08:32:54.830864+0000,1a6756ebd1b430267dccfe6fe104f221,377925120,/data_local/images/DTS/2015B-0602/DECam_00492140.fits.fz,/net/archive/pipe/20151111/ct4m/2015B-0602/c4d_151112_013936_osi_g_NGFS.fits.fz,1.28,"{'gte': 50.78345833333333, 'lte': 50.78345833333333}","{'gte': -36.01463888888889, 'lte': -36.01463888888889}",50.78345833333333,-36.01463888888889,g DECam SDSS c0001 4720.0 1520.0,None,,70.0,0,2015-11-12,2015-11-12T01:38:39.687116+0000,[7313],Munoz,2015B-0602,2017-05-04,decam,ct4m,ct,,object,NGC1399_t12_d1_short,stacked,image,,2015-11-11,[None]
2020-11-19T13:17:12.656550+0000,1a08ef97c31d609f2f39f2af44d93f30,373999680,/data_local/images/DTS/2015B-0602/DECam_00492131.fits.fz,/net/archive/pipeline/Q20151115/DEC15B/20151109/c4d_151112_013308_osj_g_v1.fits.fz,1.34,"{'gte': 52.49383333333333, 'lte': 52.49383333333333}","{'gte': -34.86688888888889, 'lte': -34.86688888888889}",52.49383333333333,-34.86688888888889,g DECam SDSS c0001 4720.0 1520.0,None,,60.0,0,2015-11-12,2015-11-12T01:32:09.884102+0000,[7313],Munoz,2015B-0602,2017-05-04,decam,ct4m,ct,,object,NGC1399_t3_d1_short,stacked,image1,,2015-11-11,[None]
2021-06-27T21:27:54.111346+0000,15dd9a2d8a73f9b4fbb2b86977de1b98,378627840,/data_local/images/DTS/2015B-0602/DECam_00492039.fits.fz,/net/archive/pipe/20151111/ct4m/2015B-0602/c4d_151112_003205_osi_i_NGFS.fits.fz,1.64,"{'gte': 50.443458333333325, 'lte': 50.443458333333325}","{'gte': -34.202333333333335, 'lte': -34.202333333333335}",50.443458333333325,-34.202333333333335,i DECam SDSS c0003 7835.0 1470.0,None,,50.0,0,2015-11-12,2015-11-12T00:31:13.196222+0000,[7313],Munoz,2015B-0602,2017-05-04,decam,ct4m,ct,,object,NGC1399_t11_d2_short,stacked,image,,2015-11-11,[None]
2020-11-19T00:33:39.032386+0000,1ae3d6571dba2279aed51369baa891d8,376076160,/data_local/images/DTS/2015B-0602/DECam_00492135.fits.fz,/net/archive/pipeline/Q20151115/DEC15B/20151109/c4d_151112_013601_osi_g_v1.fits.fz,1.4,"{'gte': 56.25304166666666, 'lte': 56.25304166666666}","{'gte': -34.376444444444445, 'lte': -34.376444444444445}",56.25304166666666,-34.376444444444445,g DECam SDSS c0001 4720.0 1520.0,None,,75.0,0,2015-11-12,2015-11-12T01:35:02.634071+0000,[7313],Munoz,2015B-0602,2017-05-04,decam,ct4m,ct,,object,NGC1399_t7_d1_short,stacked,image,,2015-11-11,[None]
2021-06-27T21:28:09.832425+0000,16877fe41564aacbdfc45425937d1d2b,1200960,/data_local/images/DTS/2015B-0602/DECam_00492040.fits.fz,/net/archive/pipe/20151111/ct4m/2015B-0602/c4d_151112_003248_osd_i_NGFS.fits.fz,1.63,"{'gte': 50.77654166666666, 'lte': 50.77654166666666}","{'gte': -36.010555555555555, 'lte': -36.010555555555555}",50.77654166666666,-36.010555555555555,i DECam SDSS c0003 7835.0 1470.0,None,,40.0,0,2015-11-12,2015-11-12T00:31:51.838889+0000,[7313],Munoz,2015B-0602,2017-05-04,decam,ct4m,ct,,object,NGC1399_t12_d2_short,stacked,dqmask,,2015-11-11,[None]
2021-06-27T21:26:59.432422+0000,5e588230ac5412c2d612a8deca3d3e60,967680,/data_local/images/DTS/2015B-0602/DECam_00492035.fits.fz,/net/archive/pipe/20151111/ct4m/2015B-0602/c4d_151112_002939_osd_i_NGFS.fits.fz,1.86,"{'gte': 56.25062499999999, 'lte': 56.25062499999999}","{'gte': -34.374833333333335, 'lte': -34.374833333333335}",56.25062499999999,-34.374833333333335,i DECam SDSS c0003 7835.0 1470.0,None,,60.0,0,2015-11-12,2015-11-12T00:28:42.210243+0000,[7313],Munoz,2015B-0602,2017-05-04,decam,ct4m,ct,,object,NGC1399_t7_d2_short,stacked,dqmask,,2015-11-11,[None]
2021-06-27T21:28:10.671452+0000,305c20938740327c751b696b0d5e9cb7,23241600,/data_local/images/DTS/2015B-0602/DECam_00492040.fits.fz,/net/archive/pipe/20151111/ct4m/2015B-0602/c4d_151112_003248_ose_i_NGFS.fits.fz,1.63,"{'gte': 50.77654166666666, 'lte': 50.77654166666666}","{'gte': -36.010555555555555, 'lte': -36.010555555555555}",50.77654166666666,-36.010555555555555,i DECam SDSS c0003 7835.0 1470.0,None,,40.0,0,2015-11-12,2015-11-12T00:31:51.838889+0000,[7313],Munoz,2015B-0602,2017-05-04,decam,ct4m,ct,,object,NGC1399_t12_d2_short,stacked,expmap,,2015-11-11,[None]
2020-11-19T13:17:28.839800+0000,164f293ff672b446d2e5bc13edff086d,760320,/data_local/images/DTS/2015B-0602/DECam_00491805.fits.fz,/net/archive/pipeline/Q20151115/DEC15B/20151109/c4d_151111_005103_osd_i_v1.fits.fz,1.65,"{'gte': 54.17049999999999, 'lte': 54.17049999999999}","{'gte': -33.71066666666667, 'lte': -33.71066666666667}",54.17049999999999,-33.71066666666667,i DECam SDSS c0003 7835.0 1470.0,None,,140.0,0,2015-11-11,2015-11-11T00:49:42.911298+0000,[7313],Munoz,2015B-0602,2017-05-03,decam,ct4m,ct,,object,NGC1399_t2_d9_short,stacked,dqmask,,2015-11-10,[None]
2020-11-19T13:17:22.521096+0000,134e45175ad02a04a40171ee5c9b443e,1221120,/data_local/images/DTS/2015B-0602/DECam_00491799.fits.fz,/net/archive/pipeline/Q20151116/DEC15B/20151109/c4d_151111_002220_osd_i_v1.fits.fz,1.86,"{'gte': 52.87783333333332, 'lte': 52.87783333333332}","{'gte': -36.67608333333333, 'lte': -36.67608333333333}",52.87783333333332,-36.67608333333333,i DECam SDSS c0003 7835.0 1470.0,None,,900.0,0,2015-11-11,2015-11-11T00:16:29.781982+0000,[7313],Munoz,2015B-0602,2017-05-03,decam,ct4m,ct,,object,NGC1399_t4_d8,stacked,dqmask,,2015-11-10,[None]
2020-11-19T13:17:29.388300+0000,15b0024377f4936fcf8d5d8b5f5c9d1e,375958080,/data_local/images/DTS/2015B-0602/DECam_00492134.fits.fz,/net/archive/pipeline/Q20151115/DEC15B/20151109/c4d_151112_013530_osj_g_v1.fits.fz,1.4,"{'gte': 56.63120833333332, 'lte': 56.63120833333332}","{'gte': -36.18366666666666, 'lte': -36.18366666666666}",56.63120833333332,-36.18366666666666,g DECam SDSS c0001 4720.0 1520.0,None,,75.0,0,2015-11-12,2015-11-12T01:34:20.144791+0000,[7313],Munoz,2015B-0602,2017-05-04,decam,ct4m,ct,,object,NGC1399_t6_d1_short,stacked,image1,,2015-11-11,[None]
2020-11-19T13:17:18.378160+0000,64172ad6fe0b23eb4da28e2b5269dd5f,4533120,/data_local/images/DTS/2015B-0602/DECam_00492146.fits.fz,/net/archive/pipeline/Q20151115/DEC15B/20151109/c4d_151112_014400_ose_g_v1.fits.fz,1.39,"{'gte': 58.31233333333333, 'lte': 58.31233333333333}","{'gte': -35.183388888888885, 'lte': -35.183388888888885}",58.31233333333333,-35.183388888888885,g DECam SDSS c0001 4720.0 1520.0,None,,60.0,0,2015-11-12,2015-11-12T01:43:03.261737+0000,[7313],Munoz,2015B-0602,2017-05-04,decam,ct4m,ct,,object,NGC1399_t18_d1_short,stacked,expmap,,2015-11-11,[None]
2021-06-27T21:26:49.499549+0000,115a1dbd835d83d8225eaac8a39dbeeb,23129280,/data_local/images/DTS/2015B-0602/DECam_00492024.fits.fz,/net/archive/pipe/20151111/ct4m/2015B-0602/c4d_151112_002215_ose_i_NGFS.fits.fz,1.92,"{'gte': 57.01962499999999, 'lte': 57.01962499999999}","{'gte': -37.99608333333333, 'lte': -37.99608333333333}",57.01962499999999,-37.99608333333333,i DECam SDSS c0003 7835.0 1470.0,None,,50.0,0,2015-11-12,2015-11-12T00:21:19.287398+0000,[7313],Munoz,2015B-0602,2017-05-04,decam,ct4m,ct,,object,NGC1399_t16_d1_short,stacked,expmap,,2015-11-11,[None]
2020-11-19T13:17:51.463378+0000,12005a68e6280e706f160ee99d9bc9f5,4181760,/data_local/images/DTS/2015B-0602/DECam_00492051.fits.fz,/net/archive/pipeline/Q20151116/DEC15B/20151109/c4d_151112_004008_ose_i_v1.fits.fz,1.64,"{'gte': 52.50154166666666, 'lte': 52.50154166666666}","{'gte': -34.86402777777778, 'lte': -34.86402777777778}",52.50154166666666,-34.86402777777778,i DECam SDSS c0003 7835.0 1470.0,None,,40.0,0,2015-11-12,2015-11-12T00:39:16.340174+0000,[7313],Munoz,2015B-0602,2017-05-04,decam,ct4m,ct,,object,NGC1399_t3_d3_short,stacked,expmap,,2015-11-11,[None]
2020-11-19T12:20:05.194460+0000,64d35763ab7d2edf3d40968af7765511,792000,/data_local/images/DTS/2015B-0602/DECam_00492064.fits.fz,/net/archive/pipeline/Q20151115/DEC15B/20151109/c4d_151112_004831_osd_i_v1.fits.fz,1.68,"{'gte': 57.02558333333332, 'lte': 57.02558333333332}","{'gte': -37.993805555555554, 'lte': -37.993805555555554}",57.02558333333332,-37.993805555555554,i DECam SDSS c0003 7835.0 1470.0,None,,40.0,0,2015-11-12,2015-11-12T00:47:37.207936+0000,[7313],Munoz,2015B-0602,2017-05-04,decam,ct4m,ct,,object,NGC1399_t16_d3_short,stacked,dqmask,,2015-11-11,[None]
2020-11-19T04:39:36.373978+0000,36a7277d3ae7661182247f452d3a7904,337250880,/data_local/images/DTS/2015B-0602/DECam_00492141.fits.fz,/net/archive/pipeline/Q20151119/DEC15B/20151109/c4d_151112_014022_osw_g_v1.fits.fz,1.28,"{'gte': 51.12974999999999, 'lte': 51.12974999999999}","{'gte': -37.821000000000005, 'lte': -37.821000000000005}",51.12974999999999,-37.821000000000005,g DECam SDSS c0001 4720.0 1520.0,None,,75.0,0,2015-11-12,2015-11-12T01:39:23.431234+0000,[7313],Munoz,2015B-0602,2017-05-04,decam,ct4m,ct,,object,NGC1399_t13_d1_short,stacked,wtmap,,2015-11-11,[None]
2021-06-03T06:16:56.636743+0000,225b3a0617cc1513ffaa63a157969ca8,915840,/data_local/images/DTS/2015B-0602/DECam_00492136.fits.fz,/net/archive/pipe/20151111/ct4m/2015B-0602/c4d_151112_013644_osd_g_NGFS.fits.fz,1.39,"{'gte': 55.86833333333333, 'lte': 55.86833333333333}","{'gte': -32.56444444444444, 'lte': -32.56444444444444}",55.86833333333333,-32.56444444444444,g DECam SDSS c0001 4720.0 1520.0,None,,55.0,0,2015-11-12,2015-11-12T01:35:44.998665+0000,[7313],Munoz,2015B-0602,2017-05-04,decam,ct4m,ct,,object,NGC1399_t8_d1_short,stacked,dqmask,,2015-11-11,[None]
2021-06-27T21:26:50.274729+0000,1dbab2ecd0845f25c813a4a4edbe5088,270086400,/data_local/images/DTS/2015B-0602/DECam_00492024.fits.fz,/net/archive/pipe/20151111/ct4m/2015B-0602/c4d_151112_002215_osw_i_NGFS.fits.fz,1.92,"{'gte': 57.01962499999999, 'lte': 57.01962499999999}","{'gte': -37.99608333333333, 'lte': -37.99608333333333}",57.01962499999999,-37.99608333333333,i DECam SDSS c0003 7835.0 1470.0,None,,50.0,0,2015-11-12,2015-11-12T00:21:19.287398+0000,[7313],Munoz,2015B-0602,2017-05-04,decam,ct4m,ct,,object,NGC1399_t16_d1_short,stacked,wtmap,,2015-11-11,[None]
2020-11-19T13:17:24.899313+0000,363036d9fd665e9816f1fb427696e406,372683520,/data_local/images/DTS/2015B-0602/DECam_00491824.fits.fz,/net/archive/pipeline/Q20151115/DEC15B/20151109/c4d_151111_022007_osj_g_v1.fits.fz,1.23,"{'gte': 54.94458333333333, 'lte': 54.94458333333333}","{'gte': -37.33980555555556, 'lte': -37.33980555555556}",54.94458333333333,-37.33980555555556,g DECam SDSS c0001 4720.0 1520.0,None,,1500.0,0,2015-11-11,2015-11-11T02:14:17.834719+0000,[7313],Munoz,2015B-0602,2017-05-03,decam,ct4m,ct,,object,NGC1399_t5_d11,stacked,image1,,2015-11-10,[None]
2020-11-19T13:18:00.326094+0000,24fd67297ad8c7d804c610ad29aa60a2,330094080,/data_local/images/DTS/2015B-0602/DECam_00492074.fits.fz,/net/archive/pipeline/Q20151119/DEC15B/20151109/c4d_151112_005521_osw_i_v1.fits.fz,1.64,"{'gte': 56.634499999999996, 'lte': 56.634499999999996}","{'gte': -36.17691666666666, 'lte': -36.17691666666666}",56.634499999999996,-36.17691666666666,i DECam SDSS c0003 7835.0 1470.0,None,,30.0,0,2015-11-12,2015-11-12T00:54:22.010332+0000,[7313],Munoz,2015B-0602,2017-05-04,decam,ct4m,ct,,object,NGC1399_t6_d4_short,stacked,wtmap,,2015-11-11,[None]
2020-11-19T00:56:28.793076+0000,163b302f1285a391a3330ba115128c6d,375160320,/data_local/images/DTS/2015B-0602/DECam_00492051.fits.fz,/net/archive/pipeline/Q20151117/DEC15B/20151109/c4d_151112_004008_osj_i_v1.fits.fz,1.64,"{'gte': 52.50154166666666, 'lte': 52.50154166666666}","{'gte': -34.86402777777778, 'lte': -34.86402777777778}",52.50154166666666,-34.86402777777778,i DECam SDSS c0003 7835.0 1470.0,None,,40.0,0,2015-11-12,2015-11-12T00:39:16.340174+0000,[7313],Munoz,2015B-0602,2017-05-04,decam,ct4m,ct,,object,NGC1399_t3_d3_short,stacked,image1,,2015-11-11,[None]
2021-06-27T21:30:06.616552+0000,17c7cdd8e85a6db6127d6679309288bd,272280960,/data_local/images/DTS/2015B-0602/DECam_00492066.fits.fz,/net/archive/pipe/20151111/ct4m/2015B-0602/c4d_151112_004950_osw_i_NGFS.fits.fz,1.74,"{'gte': 58.317541666666656, 'lte': 58.317541666666656}","{'gte': -35.19391666666667, 'lte': -35.19391666666667}",58.317541666666656,-35.19391666666667,i DECam SDSS c0003 7835.0 1470.0,None,,40.0,0,2015-11-12,2015-11-12T00:48:51.719167+0000,[7313],Munoz,2015B-0602,2017-05-04,decam,ct4m,ct,,object,NGC1399_t18_d3_short,stacked,wtmap,,2015-11-11,[None]
2020-11-19T13:18:01.996449+0000,41b1e0d48761deac5ed48c24dbbbcb6c,330036480,/data_local/images/DTS/2015B-0602/DECam_00491824.fits.fz,/net/archive/pipeline/Q20151119/DEC15B/20151109/c4d_151111_022007_osw_g_v1.fits.fz,1.23,"{'gte': 54.94458333333333, 'lte': 54.94458333333333}","{'gte': -37.33980555555556, 'lte': -37.33980555555556}",54.94458333333333,-37.33980555555556,g DECam SDSS c0001 4720.0 1520.0,None,,1500.0,0,2015-11-11,2015-11-11T02:14:17.834719+0000,[7313],Munoz,2015B-0602,2017-05-03,decam,ct4m,ct,,object,NGC1399_t5_d11,stacked,wtmap,,2015-11-10,[None]
2020-11-18T18:58:52.660357+0000,4534153d6fe2a3eeb1ed5ee0a2eba51a,368058240,/data_local/images/DTS/2015B-0602/DECam_00491812.fits.fz,/net/archive/pipeline/Q20151115/DEC15B/20151109/c4d_151111_012927_osj_i_v1.fits.fz,1.4,"{'gte': 52.121624999999995, 'lte': 52.121624999999995}","{'gte': -33.060805555555554, 'lte': -33.060805555555554}",52.121624999999995,-33.060805555555554,i DECam SDSS c0003 7835.0 1470.0,None,,600.0,0,2015-11-11,2015-11-11T01:23:38.671621+0000,[7313],Munoz,2015B-0602,2017-05-03,decam,ct4m,ct,,object,NGC1399_t10_d9,stacked,image1,,2015-11-10,[None]
2020-11-19T13:17:25.200682+0000,41a180c656b0f2860cad8dc3e5e2ce3b,10808640,/data_local/images/DTS/2015B-0602/DECam_00491806.fits.fz,/net/archive/pipeline/Q20151115/DEC15B/20151109/c4d_151111_005628_ose_i_v1.fits.fz,1.64,"{'gte': 54.16629166666666, 'lte': 54.16629166666666}","{'gte': -33.71791666666667, 'lte': -33.71791666666667}",54.16629166666666,-33.71791666666667,i DECam SDSS c0003 7835.0 1470.0,None,,1200.0,0,2015-11-11,2015-11-11T00:50:40.768977+0000,[7313],Munoz,2015B-0602,2017-05-03,decam,ct4m,ct,,object,NGC1399_t2_d9,stacked,expmap,,2015-11-10,[None]
2021-06-03T08:33:55.582115+0000,4253051583244a87c44d2b77c0b29538,377864640,/data_local/images/DTS/2015B-0602/DECam_00492140.fits.fz,/net/archive/pipe/20151111/ct4m/2015B-0602/c4d_151112_013936_osj_g_NGFS.fits.fz,1.28,"{'gte': 50.78345833333333, 'lte': 50.78345833333333}","{'gte': -36.01463888888889, 'lte': -36.01463888888889}",50.78345833333333,-36.01463888888889,g DECam SDSS c0001 4720.0 1520.0,None,,70.0,0,2015-11-12,2015-11-12T01:38:39.687116+0000,[7313],Munoz,2015B-0602,2017-05-04,decam,ct4m,ct,,object,NGC1399_t12_d1_short,stacked,image1,,2015-11-11,[None]
2020-11-19T13:17:40.125496+0000,2a057995b773e9991135d4c90652336d,6739200,/data_local/images/DTS/2015B-0602/DECam_00492041.fits.fz,/net/archive/pipeline/Q20151115/DEC15B/20151109/c4d_151112_003327_ose_i_v1.fits.fz,1.62,"{'gte': 51.128874999999994, 'lte': 51.128874999999994}","{'gte': -37.820972222222224, 'lte': -37.820972222222224}",51.128874999999994,-37.820972222222224,i DECam SDSS c0003 7835.0 1470.0,None,,50.0,0,2015-11-12,2015-11-12T00:32:30.241658+0000,[7313],Munoz,2015B-0602,2017-05-04,decam,ct4m,ct,,object,NGC1399_t13_d2_short,stacked,expmap,,2015-11-11,[None]
2021-06-27T21:29:04.379659+0000,24eac6c47d8c4e39fdf03710fa82ee2c,12723840,/data_local/images/DTS/2015B-0602/DECam_00492051.fits.fz,/net/archive/pipe/20151111/ct4m/2015B-0602/c4d_151112_004008_ose_i_NGFS.fits.fz,1.64,"{'gte': 52.50154166666666, 'lte': 52.50154166666666}","{'gte': -34.86402777777778, 'lte': -34.86402777777778}",52.50154166666666,-34.86402777777778,i DECam SDSS c0003 7835.0 1470.0,None,,50.0,0,2015-11-12,2015-11-12T00:39:16.340174+0000,[7313],Munoz,2015B-0602,2017-05-04,decam,ct4m,ct,,object,NGC1399_t3_d3_short,stacked,expmap,,2015-11-11,[None]
2020-11-18T18:58:53.747174+0000,248dbe962b0e38b2664353d5814c962d,335652480,/data_local/images/DTS/2015B-0602/DECam_00492039.fits.fz,/net/archive/pipeline/Q20151119/DEC15B/20151109/c4d_151112_003205_osw_i_v1.fits.fz,1.64,"{'gte': 50.4435, 'lte': 50.4435}","{'gte': -34.205194444444444, 'lte': -34.205194444444444}",50.4435,-34.205194444444444,i DECam SDSS c0003 7835.0 1470.0,None,,50.0,0,2015-11-12,2015-11-12T00:31:13.196222+0000,[7313],Munoz,2015B-0602,2017-05-04,decam,ct4m,ct,,object,NGC1399_t11_d2_short,stacked,wtmap,,2015-11-11,[None]
2021-06-27T21:31:59.367184+0000,248339825e15b93ea8d87d12803789a9,1010880,/data_local/images/DTS/2015B-0602/DECam_00492087.fits.fz,/net/archive/pipe/20151111/ct4m/2015B-0602/c4d_151112_010331_osd_i_NGFS.fits.fz,1.64,"{'gte': 57.92933333333333, 'lte': 57.92933333333333}","{'gte': -33.37936111111111, 'lte': -33.37936111111111}",57.92933333333333,-33.37936111111111,i DECam SDSS c0003 7835.0 1470.0,None,,40.0,0,2015-11-12,2015-11-12T01:02:39.865060+0000,[7313],Munoz,2015B-0602,2017-05-04,decam,ct4m,ct,,object,NGC1399_t19_d4_short,stacked,dqmask,,2015-11-11,[None]
2020-11-19T13:18:01.574356+0000,5831cb73ee018a9c2feeb71fb363913c,328464000,/data_local/images/DTS/2015B-0602/DECam_00491828.fits.fz,/net/archive/pipeline/Q20151119/DEC15B/20151109/c4d_151111_024214_osw_g_v1.fits.fz,1.14,"{'gte': 51.132208333333324, 'lte': 51.132208333333324}","{'gte': -37.82622222222223, 'lte': -37.82622222222223}",51.132208333333324,-37.82622222222223,g DECam SDSS c0001 4720.0 1520.0,None,,900.0,0,2015-11-11,2015-11-11T02:36:27.336804+0000,[7313],Munoz,2015B-0602,2017-05-03,decam,ct4m,ct,,object,NGC1399_t13_d11,stacked,wtmap,,2015-11-10,[None]
2020-11-19T13:17:02.521440+0000,52b1c388c65c09d1f4431a13fcd91578,1008000,/data_local/images/DTS/2015B-0602/DECam_00491817.fits.fz,/net/archive/pipeline/Q20151115/DEC15B/20151109/c4d_151111_015310_osd_g_v1.fits.fz,1.29,"{'gte': 52.499624999999995, 'lte': 52.499624999999995}","{'gte': -34.87175, 'lte': -34.87175}",52.499624999999995,-34.87175,g DECam SDSS c0001 4720.0 1520.0,None,,1500.0,0,2015-11-11,2015-11-11T01:47:20.199437+0000,[7313],Munoz,2015B-0602,2017-05-03,decam,ct4m,ct,,object,NGC1399_t3_d11,stacked,dqmask,,2015-11-10,[None]
2020-11-19T13:16:48.826149+0000,4c4c8987160f65b30c707f99ccf82bda,377179200,/data_local/images/DTS/2015B-0602/DECam_00492144.fits.fz,/net/archive/pipeline/Q20151115/DEC15B/20151109/c4d_151112_014238_osi_g_v1.fits.fz,1.37,"{'gte': 57.02329166666666, 'lte': 57.02329166666666}","{'gte': -37.99491666666667, 'lte': -37.99491666666667}",57.02329166666666,-37.99491666666667,g DECam SDSS c0001 4720.0 1520.0,None,,75.0,0,2015-11-12,2015-11-12T01:41:37.121785+0000,[7313],Munoz,2015B-0602,2017-05-04,decam,ct4m,ct,,object,NGC1399_t16_d1_short,stacked,image,,2015-11-11,[None]
2021-06-27T21:26:49.024730+0000,57158ccc2e15120166f7ab27119b3651,1293120,/data_local/images/DTS/2015B-0602/DECam_00492024.fits.fz,/net/archive/pipe/20151111/ct4m/2015B-0602/c4d_151112_002215_osd_i_NGFS.fits.fz,1.92,"{'gte': 57.01962499999999, 'lte': 57.01962499999999}","{'gte': -37.99608333333333, 'lte': -37.99608333333333}",57.01962499999999,-37.99608333333333,i DECam SDSS c0003 7835.0 1470.0,None,,50.0,0,2015-11-12,2015-11-12T00:21:19.287398+0000,[7313],Munoz,2015B-0602,2017-05-04,decam,ct4m,ct,,object,NGC1399_t16_d1_short,stacked,dqmask,,2015-11-11,[None]
2020-11-19T08:10:47.003463+0000,4db6e783575cc486a3e07e0297e4b131,376594560,/data_local/images/DTS/2015B-0602/DECam_00492139.fits.fz,/net/archive/pipeline/Q20151115/DEC15B/20151109/c4d_151112_013854_osj_g_v1.fits.fz,1.29,"{'gte': 50.44379166666666, 'lte': 50.44379166666666}","{'gte': -34.206027777777784, 'lte': -34.206027777777784}",50.44379166666666,-34.206027777777784,g DECam SDSS c0001 4720.0 1520.0,None,,75.0,0,2015-11-12,2015-11-12T01:37:57.241451+0000,[7313],Munoz,2015B-0602,2017-05-04,decam,ct4m,ct,,object,NGC1399_t11_d1_short,stacked,image1,,2015-11-11,[None]
2021-06-02T14:50:28.751899+0000,5b6a06c4850f098b4985953e7a842e65,910080,/data_local/images/DTS/2015B-0602/DECam_00492163.fits.fz,/net/archive/pipe/20151111/ct4m/2015B-0602/c4d_151112_015639_osd_g_NGFS.fits.fz,1.28,"{'gte': 55.33195833333333, 'lte': 55.33195833333333}","{'gte': -39.13616666666667, 'lte': -39.13616666666667}",55.33195833333333,-39.13616666666667,g DECam SDSS c0001 4720.0 1520.0,None,,55.0,0,2015-11-12,2015-11-12T01:55:40.207058+0000,[7313],Munoz,2015B-0602,2017-05-04,decam,ct4m,ct,,object,NGC1399_t15_d2_short,stacked,dqmask,,2015-11-11,[None]
2020-11-19T13:17:24.772297+0000,68bc100042fdcc151af1bd922b45afb9,378446400,/data_local/images/DTS/2015B-0602/DECam_00491805.fits.fz,/net/archive/pipeline/Q20151115/DEC15B/20151109/c4d_151111_005103_osi_i_v1.fits.fz,1.65,"{'gte': 54.17049999999999, 'lte': 54.17049999999999}","{'gte': -33.71066666666667, 'lte': -33.71066666666667}",54.17049999999999,-33.71066666666667,i DECam SDSS c0003 7835.0 1470.0,None,,140.0,0,2015-11-11,2015-11-11T00:49:42.911298+0000,[7313],Munoz,2015B-0602,2017-05-03,decam,ct4m,ct,,object,NGC1399_t2_d9_short,stacked,image,,2015-11-10,[None]
2020-11-18T23:41:45.448626+0000,5cfe150340e64a24deb44a275bfaf9ca,1008000,/data_local/images/DTS/2015B-0602/DECam_00491826.fits.fz,/net/archive/pipeline/Q20151115/DEC15B/20151109/c4d_151111_023106_osd_g_v1.fits.fz,1.22,"{'gte': 56.25516666666666, 'lte': 56.25516666666666}","{'gte': -34.38280555555556, 'lte': -34.38280555555556}",56.25516666666666,-34.38280555555556,g DECam SDSS c0001 4720.0 1520.0,None,,1500.0,0,2015-11-11,2015-11-11T02:25:16.804743+0000,[7313],Munoz,2015B-0602,2017-05-03,decam,ct4m,ct,,object,NGC1399_t7_d11,stacked,dqmask,,2015-11-10,[None]
2021-06-02T14:01:43.076897+0000,2df04b2cf3e455f57f6aaa1c1de03394,378509760,/data_local/images/DTS/2015B-0602/DECam_00492131.fits.fz,/net/archive/pipe/20151111/ct4m/2015B-0602/c4d_151112_013308_osi_g_NGFS.fits.fz,1.34,"{'gte': 52.49683333333333, 'lte': 52.49683333333333}","{'gte': -34.86691666666667, 'lte': -34.86691666666667}",52.49683333333333,-34.86691666666667,g DECam SDSS c0001 4720.0 1520.0,None,,85.0,0,2015-11-12,2015-11-12T01:32:09.884102+0000,[7313],Munoz,2015B-0602,2017-05-04,decam,ct4m,ct,,object,NGC1399_t3_d1_short,stacked,image,,2015-11-11,[None]
2020-11-19T13:17:42.934260+0000,9be129e218e1c195538063763915bfc5,792000,/data_local/images/DTS/2015B-0602/DECam_00492058.fits.fz,/net/archive/pipeline/Q20151115/DEC15B/20151109/c4d_151112_004440_osd_i_v1.fits.fz,1.61,"{'gte': 52.13054166666666, 'lte': 52.13054166666666}","{'gte': -33.05844444444444, 'lte': -33.05844444444444}",52.13054166666666,-33.05844444444444,i DECam SDSS c0003 7835.0 1470.0,None,,40.0,0,2015-11-12,2015-11-12T00:43:45.958604+0000,[7313],Munoz,2015B-0602,2017-05-04,decam,ct4m,ct,,object,NGC1399_t10_d3_short,stacked,dqmask,,2015-11-11,[None]
2021-06-03T08:18:38.134582+0000,5fde8189160fa7b0344a1eb1a243694d,276356160,/data_local/images/DTS/2015B-0602/DECam_00492157.fits.fz,/net/archive/pipe/20151111/ct4m/2015B-0602/c4d_151112_015217_osw_g_NGFS.fits.fz,1.29,"{'gte': 53.80979166666666, 'lte': 53.80979166666666}","{'gte': -31.909333333333333, 'lte': -31.909333333333333}",53.80979166666666,-31.909333333333333,g DECam SDSS c0001 4720.0 1520.0,None,,70.0,0,2015-11-12,2015-11-12T01:51:17.810980+0000,[7313],Munoz,2015B-0602,2017-05-04,decam,ct4m,ct,,object,NGC1399_t9_d2_short,stacked,wtmap,,2015-11-11,[None]
2020-11-19T13:18:01.992536+0000,309d375246800d8c0d98781e3deacd62,329592960,/data_local/images/DTS/2015B-0602/DECam_00491807.fits.fz,/net/archive/pipeline/Q20151119/DEC15B/20151109/c4d_151111_010200_osw_i_v1.fits.fz,1.55,"{'gte': 52.494791666666664, 'lte': 52.494791666666664}","{'gte': -34.86933333333334, 'lte': -34.86933333333334}",52.494791666666664,-34.86933333333334,i DECam SDSS c0003 7835.0 1470.0,None,,600.0,0,2015-11-11,2015-11-11T00:56:09.130523+0000,[7313],Munoz,2015B-0602,2017-05-03,decam,ct4m,ct,,object,NGC1399_t3_d9,stacked,wtmap,,2015-11-10,[None]
2021-06-03T08:33:09.015261+0000,1222c4ca4427fce07dd45127bfbf425a,373135680,/data_local/images/DTS/2015B-0602/DECam_00492142.fits.fz,/net/archive/pipe/20151111/ct4m/2015B-0602/c4d_151112_014105_osj_g_NGFS.fits.fz,1.31,"{'gte': 53.27083333333333, 'lte': 53.27083333333333}","{'gte': -38.49391666666667, 'lte': -38.49391666666667}",53.27083333333333,-38.49391666666667,g DECam SDSS c0001 4720.0 1520.0,None,,55.0,0,2015-11-12,2015-11-12T01:40:08.328215+0000,[7313],Munoz,2015B-0602,2017-05-04,decam,ct4m,ct,,object,NGC1399_t14_d1_short,stacked,image1,,2015-11-11,[None]
2020-11-19T13:17:14.665021+0000,6e534c7838360935017f0d068da408fa,5693760,/data_local/images/DTS/2015B-0602/DECam_00492134.fits.fz,/net/archive/pipeline/Q20151115/DEC15B/20151109/c4d_151112_013530_ose_g_v1.fits.fz,1.4,"{'gte': 56.63120833333332, 'lte': 56.63120833333332}","{'gte': -36.18366666666666, 'lte': -36.18366666666666}",56.63120833333332,-36.18366666666666,g DECam SDSS c0001 4720.0 1520.0,None,,75.0,0,2015-11-12,2015-11-12T01:34:20.144791+0000,[7313],Munoz,2015B-0602,2017-05-04,decam,ct4m,ct,,object,NGC1399_t6_d1_short,stacked,expmap,,2015-11-11,[None]
2020-11-19T13:17:13.209606+0000,17e57f0fa0e92ba9914bc8db192bee28,1224000,/data_local/images/DTS/2015B-0602/DECam_00491828.fits.fz,/net/archive/pipeline/Q20151115/DEC15B/20151109/c4d_151111_024214_osd_g_v1.fits.fz,1.14,"{'gte': 51.132208333333324, 'lte': 51.132208333333324}","{'gte': -37.82622222222223, 'lte': -37.82622222222223}",51.132208333333324,-37.82622222222223,g DECam SDSS c0001 4720.0 1520.0,None,,900.0,0,2015-11-11,2015-11-11T02:36:27.336804+0000,[7313],Munoz,2015B-0602,2017-05-03,decam,ct4m,ct,,object,NGC1399_t13_d11,stacked,dqmask,,2015-11-10,[None]
2021-06-27T21:26:38.909984+0000,6dd7117fd210ee32bfc8a130517a1bdf,275472000,/data_local/images/DTS/2015B-0602/DECam_00492023.fits.fz,/net/archive/pipe/20151111/ct4m/2015B-0602/c4d_151112_002133_osw_i_NGFS.fits.fz,1.84,"{'gte': 55.32375, 'lte': 55.32375}","{'gte': -39.14011111111111, 'lte': -39.14011111111111}",55.32375,-39.14011111111111,i DECam SDSS c0003 7835.0 1470.0,None,,60.0,0,2015-11-12,2015-11-12T00:20:40.312831+0000,[7313],Munoz,2015B-0602,2017-05-04,decam,ct4m,ct,,object,NGC1399_t15_d1_short,stacked,wtmap,,2015-11-11,[None]
2021-06-02T15:18:45.138061+0000,5a204b797d9866ac1e5599355f4a8163,864000,/data_local/images/DTS/2015B-0602/DECam_00492140.fits.fz,/net/archive/pipe/20151111/ct4m/2015B-0602/c4d_151112_013936_osd_g_NGFS.fits.fz,1.28,"{'gte': 50.78345833333333, 'lte': 50.78345833333333}","{'gte': -36.01463888888889, 'lte': -36.01463888888889}",50.78345833333333,-36.01463888888889,g DECam SDSS c0001 4720.0 1520.0,None,,70.0,0,2015-11-12,2015-11-12T01:38:39.687116+0000,[7313],Munoz,2015B-0602,2017-05-04,decam,ct4m,ct,,object,NGC1399_t12_d1_short,stacked,dqmask,,2015-11-11,[None]
2020-11-19T13:17:44.246059+0000,614beffd916e10e56cea39c3e27a2be4,341709120,/data_local/images/DTS/2015B-0602/DECam_00491802.fits.fz,/net/archive/pipeline/Q20151115/DEC15B/20151109/c4d_151111_003848_osj_i_v1.fits.fz,1.86,"{'gte': 56.25449999999999, 'lte': 56.25449999999999}","{'gte': -34.365833333333335, 'lte': -34.365833333333335}",56.25449999999999,-34.365833333333335,i DECam SDSS c0003 7835.0 1470.0,None,,600.0,0,2015-11-11,2015-11-11T00:32:58.563628+0000,[7313],Munoz,2015B-0602,2017-05-03,decam,ct4m,ct,,object,NGC1399_t7_d8,stacked,image1,,2015-11-10,[None]
2020-11-19T13:17:03.212827+0000,9d07c45c1d5421a37a95074db869809c,376007040,/data_local/images/DTS/2015B-0602/DECam_00492133.fits.fz,/net/archive/pipeline/Q20151115/DEC15B/20151109/c4d_151112_013435_osi_g_v1.fits.fz,1.37,"{'gte': 54.94154166666666, 'lte': 54.94154166666666}","{'gte': -37.334, 'lte': -37.334}",54.94154166666666,-37.334,g DECam SDSS c0001 4720.0 1520.0,None,,75.0,0,2015-11-12,2015-11-12T01:33:37.143157+0000,[7313],Munoz,2015B-0602,2017-05-04,decam,ct4m,ct,,object,NGC1399_t5_d1_short,stacked,image,,2015-11-11,[None]
2021-06-03T08:50:05.122600+0000,574c1a1dc52c2c3b0402536c9d8cd4df,12205440,/data_local/images/DTS/2015B-0602/DECam_00492130.fits.fz,/net/archive/pipe/20151111/ct4m/2015B-0602/c4d_151112_013224_ose_g_NGFS.fits.fz,1.38,"{'gte': 54.17283333333333, 'lte': 54.17283333333333}","{'gte': -33.713750000000005, 'lte': -33.713750000000005}",54.17283333333333,-33.713750000000005,g DECam SDSS c0001 4720.0 1520.0,None,,85.0,0,2015-11-12,2015-11-12T01:31:27.004801+0000,[7313],Munoz,2015B-0602,2017-05-04,decam,ct4m,ct,,object,NGC1399_t2_d1_short,stacked,expmap,,2015-11-11,[None]
2021-06-27T21:27:00.764194+0000,6f81fdd41d33cb7914be80dfa0407d52,276609600,/data_local/images/DTS/2015B-0602/DECam_00492035.fits.fz,/net/archive/pipe/20151111/ct4m/2015B-0602/c4d_151112_002939_osw_i_NGFS.fits.fz,1.86,"{'gte': 56.25062499999999, 'lte': 56.25062499999999}","{'gte': -34.374833333333335, 'lte': -34.374833333333335}",56.25062499999999,-34.374833333333335,i DECam SDSS c0003 7835.0 1470.0,None,,60.0,0,2015-11-12,2015-11-12T00:28:42.210243+0000,[7313],Munoz,2015B-0602,2017-05-04,decam,ct4m,ct,,object,NGC1399_t7_d2_short,stacked,wtmap,,2015-11-11,[None]
2020-11-19T13:17:11.296762+0000,7f68ff8ebf571d1d4af979b58e4a38fc,10938240,/data_local/images/DTS/2015B-0602/DECam_00491827.fits.fz,/net/archive/pipeline/Q20151115/DEC15B/20151109/c4d_151111_023642_ose_g_v1.fits.fz,1.16,"{'gte': 52.129208333333324, 'lte': 52.129208333333324}","{'gte': -33.06372222222222, 'lte': -33.06372222222222}",52.129208333333324,-33.06372222222222,g DECam SDSS c0001 4720.0 1520.0,None,,1200.0,0,2015-11-11,2015-11-11T02:30:51.865220+0000,[7313],Munoz,2015B-0602,2017-05-03,decam,ct4m,ct,,object,NGC1399_t10_d11,stacked,expmap,,2015-11-10,[None]
2020-11-19T13:18:01.585887+0000,7d65e649e83dcfd340f5e67e331dc090,335882880,/data_local/images/DTS/2015B-0602/DECam_00492041.fits.fz,/net/archive/pipeline/Q20151119/DEC15B/20151109/c4d_151112_003327_osw_i_v1.fits.fz,1.62,"{'gte': 51.128874999999994, 'lte': 51.128874999999994}","{'gte': -37.820972222222224, 'lte': -37.820972222222224}",51.128874999999994,-37.820972222222224,i DECam SDSS c0003 7835.0 1470.0,None,,50.0,0,2015-11-12,2015-11-12T00:32:30.241658+0000,[7313],Munoz,2015B-0602,2017-05-04,decam,ct4m,ct,,object,NGC1399_t13_d2_short,stacked,wtmap,,2015-11-11,[None]
2020-11-19T13:17:00.527481+0000,7c52b2bc45f4bf1836957aec7d454c70,20301120,/data_local/images/DTS/2015B-0602/DECam_00491818.fits.fz,/net/archive/pipeline/Q20151114/DEC15B/20151109/c4d_151111_015841_ose_g_v1.fits.fz,1.28,"{'gte': 52.88291666666666, 'lte': 52.88291666666666}","{'gte': -36.68116666666666, 'lte': -36.68116666666666}",52.88291666666666,-36.68116666666666,g DECam SDSS c0001 4720.0 1520.0,None,,1800.0,0,2015-11-11,2015-11-11T01:52:48.701463+0000,[7313],Munoz,2015B-0602,2017-05-03,decam,ct4m,ct,,object,NGC1399_t4_d11,stacked,expmap,,2015-11-10,[None]
2020-11-19T13:17:20.711528+0000,3b713b7b8d7961429f328c5a89080aca,378999360,/data_local/images/DTS/2015B-0602/DECam_00492029.fits.fz,/net/archive/pipeline/Q20151115/DEC15B/20151109/c4d_151112_002545_osj_i_v1.fits.fz,1.82,"{'gte': 54.55358333333332, 'lte': 54.55358333333332}","{'gte': -35.52280555555556, 'lte': -35.52280555555556}",54.55358333333332,-35.52280555555556,i DECam SDSS c0003 7835.0 1470.0,None,,140.0,0,2015-11-12,2015-11-12T00:24:53.620476+0000,[7313],Munoz,2015B-0602,2017-05-04,decam,ct4m,ct,,object,NGC1399_t1_d2_short,stacked,image1,,2015-11-11,[None]
2020-11-19T13:17:37.435971+0000,7e707d1ac8b63c26bf95eac3a4ea92a2,374371200,/data_local/images/DTS/2015B-0602/DECam_00492067.fits.fz,/net/archive/pipeline/Q20151117/DEC15B/20151109/c4d_151112_005023_osj_i_v1.fits.fz,1.74,"{'gte': 57.92937499999999, 'lte': 57.92937499999999}","{'gte': -33.38130555555556, 'lte': -33.38130555555556}",57.92937499999999,-33.38130555555556,i DECam SDSS c0003 7835.0 1470.0,None,,40.0,0,2015-11-12,2015-11-12T00:49:30.885146+0000,[7313],Munoz,2015B-0602,2017-05-04,decam,ct4m,ct,,object,NGC1399_t19_d3_short,stacked,image1,,2015-11-11,[None]
2020-11-19T08:10:45.727492+0000,7ea1e6ce5e8724447efeccee53ef9e26,374895360,/data_local/images/DTS/2015B-0602/DECam_00492064.fits.fz,/net/archive/pipeline/Q20151115/DEC15B/20151109/c4d_151112_004831_osi_i_v1.fits.fz,1.68,"{'gte': 57.02558333333332, 'lte': 57.02558333333332}","{'gte': -37.993805555555554, 'lte': -37.993805555555554}",57.02558333333332,-37.993805555555554,i DECam SDSS c0003 7835.0 1470.0,None,,40.0,0,2015-11-12,2015-11-12T00:47:37.207936+0000,[7313],Munoz,2015B-0602,2017-05-04,decam,ct4m,ct,,object,NGC1399_t16_d3_short,stacked,image,,2015-11-11,[None]
2020-11-18T18:58:52.838469+0000,a817b3b21817fd662f9e7d8a7750a3c8,377602560,/data_local/images/DTS/2015B-0602/DECam_00492045.fits.fz,/net/archive/pipeline/Q20151116/DEC15B/20151109/c4d_151112_003559_osj_i_v1.fits.fz,1.86,"{'gte': 58.700999999999986, 'lte': 58.700999999999986}","{'gte': -36.97752777777778, 'lte': -36.97752777777778}",58.700999999999986,-36.97752777777778,i DECam SDSS c0003 7835.0 1470.0,None,,50.0,0,2015-11-12,2015-11-12T00:35:06.289790+0000,[7313],Munoz,2015B-0602,2017-05-04,decam,ct4m,ct,,object,NGC1399_t17_d2_short,stacked,image1,,2015-11-11,[None]
2020-11-19T13:18:02.183059+0000,258477d45540b2fac094098931ae49b6,335666880,/data_local/images/DTS/2015B-0602/DECam_00492035.fits.fz,/net/archive/pipeline/Q20151119/DEC15B/20151109/c4d_151112_002939_osw_i_v1.fits.fz,1.86,"{'gte': 56.25062499999999, 'lte': 56.25062499999999}","{'gte': -34.37477777777778, 'lte': -34.37477777777778}",56.25062499999999,-34.37477777777778,i DECam SDSS c0003 7835.0 1470.0,None,,50.0,0,2015-11-12,2015-11-12T00:28:42.210243+0000,[7313],Munoz,2015B-0602,2017-05-04,decam,ct4m,ct,,object,NGC1399_t7_d2_short,stacked,wtmap,,2015-11-11,[None]
2020-11-19T13:17:07.837139+0000,79c62ae504052197bcdfef7d9422bb5d,376162560,/data_local/images/DTS/2015B-0602/DECam_00492135.fits.fz,/net/archive/pipeline/Q20151115/DEC15B/20151109/c4d_151112_013601_osj_g_v1.fits.fz,1.4,"{'gte': 56.25304166666666, 'lte': 56.25304166666666}","{'gte': -34.376444444444445, 'lte': -34.376444444444445}",56.25304166666666,-34.376444444444445,g DECam SDSS c0001 4720.0 1520.0,None,,75.0,0,2015-11-12,2015-11-12T01:35:02.634071+0000,[7313],Munoz,2015B-0602,2017-05-04,decam,ct4m,ct,,object,NGC1399_t7_d1_short,stacked,image1,,2015-11-11,[None]
2021-06-03T08:34:37.701232+0000,6bcfb4e26edea3f172153d83f84b8e9d,6698880,/data_local/images/DTS/2015B-0602/DECam_00492142.fits.fz,/net/archive/pipe/20151111/ct4m/2015B-0602/c4d_151112_014105_ose_g_NGFS.fits.fz,1.31,"{'gte': 53.27083333333333, 'lte': 53.27083333333333}","{'gte': -38.49391666666667, 'lte': -38.49391666666667}",53.27083333333333,-38.49391666666667,g DECam SDSS c0001 4720.0 1520.0,None,,55.0,0,2015-11-12,2015-11-12T01:40:08.328215+0000,[7313],Munoz,2015B-0602,2017-05-04,decam,ct4m,ct,,object,NGC1399_t14_d1_short,stacked,expmap,,2015-11-11,[None]
2020-11-19T10:49:41.076547+0000,7ab280e8f110508733b9626a516cb651,335802240,/data_local/images/DTS/2015B-0602/DECam_00492036.fits.fz,/net/archive/pipeline/Q20151119/DEC15B/20151109/c4d_151112_003014_osw_i_v1.fits.fz,1.87,"{'gte': 55.863375, 'lte': 55.863375}","{'gte': -32.56480555555555, 'lte': -32.56480555555555}",55.863375,-32.56480555555555,i DECam SDSS c0003 7835.0 1470.0,None,,50.0,0,2015-11-12,2015-11-12T00:29:20.284841+0000,[7313],Munoz,2015B-0602,2017-05-04,decam,ct4m,ct,,object,NGC1399_t8_d2_short,stacked,wtmap,,2015-11-11,[None]
2020-11-19T08:10:42.112523+0000,83e6aa8674f460727c5e7e54b508f58e,4155840,/data_local/images/DTS/2015B-0602/DECam_00492067.fits.fz,/net/archive/pipeline/Q20151115/DEC15B/20151109/c4d_151112_005023_ose_i_v1.fits.fz,1.74,"{'gte': 57.92937499999999, 'lte': 57.92937499999999}","{'gte': -33.38130555555556, 'lte': -33.38130555555556}",57.92937499999999,-33.38130555555556,i DECam SDSS c0003 7835.0 1470.0,None,,40.0,0,2015-11-12,2015-11-12T00:49:30.885146+0000,[7313],Munoz,2015B-0602,2017-05-04,decam,ct4m,ct,,object,NGC1399_t19_d3_short,stacked,expmap,,2015-11-11,[None]
2021-06-02T14:02:54.255723+0000,69c773ba23cf022d920f86bed57d0f9a,275909760,/data_local/images/DTS/2015B-0602/DECam_00492130.fits.fz,/net/archive/pipe/20151111/ct4m/2015B-0602/c4d_151112_013224_osw_g_NGFS.fits.fz,1.38,"{'gte': 54.17283333333333, 'lte': 54.17283333333333}","{'gte': -33.713750000000005, 'lte': -33.713750000000005}",54.17283333333333,-33.713750000000005,g DECam SDSS c0001 4720.0 1520.0,None,,85.0,0,2015-11-12,2015-11-12T01:31:27.004801+0000,[7313],Munoz,2015B-0602,2017-05-04,decam,ct4m,ct,,object,NGC1399_t2_d1_short,stacked,wtmap,,2015-11-11,[None]
2020-11-19T12:20:10.195251+0000,84d6334e337d3760cf2c777a979e9e6f,376989120,/data_local/images/DTS/2015B-0602/DECam_00492035.fits.fz,/net/archive/pipeline/Q20151115/DEC15B/20151109/c4d_151112_002939_osi_i_v1.fits.fz,1.86,"{'gte': 56.25062499999999, 'lte': 56.25062499999999}","{'gte': -34.37477777777778, 'lte': -34.37477777777778}",56.25062499999999,-34.37477777777778,i DECam SDSS c0003 7835.0 1470.0,None,,50.0,0,2015-11-12,2015-11-12T00:28:42.210243+0000,[7313],Munoz,2015B-0602,2017-05-04,decam,ct4m,ct,,object,NGC1399_t7_d2_short,stacked,image,,2015-11-11,[None]
2021-06-03T08:51:02.094628+0000,79164154dd29c4d86f98b8862c6f46f7,378506880,/data_local/images/DTS/2015B-0602/DECam_00492130.fits.fz,/net/archive/pipe/20151111/ct4m/2015B-0602/c4d_151112_013224_osj_g_NGFS.fits.fz,1.38,"{'gte': 54.17283333333333, 'lte': 54.17283333333333}","{'gte': -33.713750000000005, 'lte': -33.713750000000005}",54.17283333333333,-33.713750000000005,g DECam SDSS c0001 4720.0 1520.0,None,,85.0,0,2015-11-12,2015-11-12T01:31:27.004801+0000,[7313],Munoz,2015B-0602,2017-05-04,decam,ct4m,ct,,object,NGC1399_t2_d1_short,stacked,image1,,2015-11-11,[None]
2021-06-27T21:26:32.880660+0000,aa05e166e2ab27af164245cbcecbc95e,17089920,/data_local/images/DTS/2015B-0602/DECam_00492030.fits.fz,/net/archive/pipe/20151111/ct4m/2015B-0602/c4d_151112_002628_ose_i_NGFS.fits.fz,1.82,"{'gte': 54.17049999999999, 'lte': 54.17049999999999}","{'gte': -33.71072222222222, 'lte': -33.71072222222222}",54.17049999999999,-33.71072222222222,i DECam SDSS c0003 7835.0 1470.0,None,,90.0,0,2015-11-12,2015-11-12T00:25:30.993999+0000,[7313],Munoz,2015B-0602,2017-05-04,decam,ct4m,ct,,object,NGC1399_t2_d2_short,stacked,expmap,,2015-11-11,[None]
2021-06-03T06:19:34.410132+0000,7c5a1ab1b00cb04b3aacb58b376db205,875520,/data_local/images/DTS/2015B-0602/DECam_00492144.fits.fz,/net/archive/pipe/20151111/ct4m/2015B-0602/c4d_151112_014238_osd_g_NGFS.fits.fz,1.37,"{'gte': 57.02804166666666, 'lte': 57.02804166666666}","{'gte': -37.99491666666667, 'lte': -37.99491666666667}",57.02804166666666,-37.99491666666667,g DECam SDSS c0001 4720.0 1520.0,None,,70.0,0,2015-11-12,2015-11-12T01:41:37.121785+0000,[7313],Munoz,2015B-0602,2017-05-04,decam,ct4m,ct,,object,NGC1399_t16_d1_short,stacked,dqmask,,2015-11-11,[None]
2020-11-19T13:17:30.950401+0000,79debc7c34c8cdae37bc6506f6053da8,777600,/data_local/images/DTS/2015B-0602/DECam_00492035.fits.fz,/net/archive/pipeline/Q20151115/DEC15B/20151109/c4d_151112_002939_osd_i_v1.fits.fz,1.86,"{'gte': 56.25062499999999, 'lte': 56.25062499999999}","{'gte': -34.37477777777778, 'lte': -34.37477777777778}",56.25062499999999,-34.37477777777778,i DECam SDSS c0003 7835.0 1470.0,None,,50.0,0,2015-11-12,2015-11-12T00:28:42.210243+0000,[7313],Munoz,2015B-0602,2017-05-04,decam,ct4m,ct,,object,NGC1399_t7_d2_short,stacked,dqmask,,2015-11-11,[None]
2020-11-19T13:17:01.813212+0000,79d2c841c214e906c62c98bf2e4cf1b3,8818560,/data_local/images/DTS/2015B-0602/DECam_00491828.fits.fz,/net/archive/pipeline/Q20151115/DEC15B/20151109/c4d_151111_024214_ose_g_v1.fits.fz,1.14,"{'gte': 51.132208333333324, 'lte': 51.132208333333324}","{'gte': -37.82622222222223, 'lte': -37.82622222222223}",51.132208333333324,-37.82622222222223,g DECam SDSS c0001 4720.0 1520.0,None,,900.0,0,2015-11-11,2015-11-11T02:36:27.336804+0000,[7313],Munoz,2015B-0602,2017-05-03,decam,ct4m,ct,,object,NGC1399_t13_d11,stacked,expmap,,2015-11-10,[None]
2021-06-03T06:51:20.614153+0000,89ee5e0d9d71e823b1ec8d1a763948cc,275025600,/data_local/images/DTS/2015B-0602/DECam_00492163.fits.fz,/net/archive/pipe/20151111/ct4m/2015B-0602/c4d_151112_015639_osw_g_NGFS.fits.fz,1.28,"{'gte': 55.33195833333333, 'lte': 55.33195833333333}","{'gte': -39.13616666666667, 'lte': -39.13616666666667}",55.33195833333333,-39.13616666666667,g DECam SDSS c0001 4720.0 1520.0,None,,55.0,0,2015-11-12,2015-11-12T01:55:40.207058+0000,[7313],Munoz,2015B-0602,2017-05-04,decam,ct4m,ct,,object,NGC1399_t15_d2_short,stacked,wtmap,,2015-11-11,[None]
2020-11-19T13:18:02.840426+0000,86eb9b67834ddfc7e46a7519b1e1ed5f,334912320,/data_local/images/DTS/2015B-0602/DECam_00492132.fits.fz,/net/archive/pipeline/Q20151119/DEC15B/20151109/c4d_151112_013349_osw_g_v1.fits.fz,1.34,"{'gte': 52.87870833333333, 'lte': 52.87870833333333}","{'gte': -36.67547222222222, 'lte': -36.67547222222222}",52.87870833333333,-36.67547222222222,g DECam SDSS c0001 4720.0 1520.0,None,,75.0,0,2015-11-12,2015-11-12T01:32:52.173931+0000,[7313],Munoz,2015B-0602,2017-05-04,decam,ct4m,ct,,object,NGC1399_t4_d1_short,stacked,wtmap,,2015-11-11,[None]
2020-11-19T13:17:39.477180+0000,7df4ec3c51f82922616bcd0433a72bf5,780480,/data_local/images/DTS/2015B-0602/DECam_00492041.fits.fz,/net/archive/pipeline/Q20151117/DEC15B/20151109/c4d_151112_003327_osd_i_v1.fits.fz,1.62,"{'gte': 51.128874999999994, 'lte': 51.128874999999994}","{'gte': -37.820972222222224, 'lte': -37.820972222222224}",51.128874999999994,-37.820972222222224,i DECam SDSS c0003 7835.0 1470.0,None,,50.0,0,2015-11-12,2015-11-12T00:32:30.241658+0000,[7313],Munoz,2015B-0602,2017-05-04,decam,ct4m,ct,,object,NGC1399_t13_d2_short,stacked,dqmask,,2015-11-11,[None]
2020-11-19T13:17:08.796225+0000,7f9bee9b0ab6a2648682a35080f42488,376565760,/data_local/images/DTS/2015B-0602/DECam_00492137.fits.fz,/net/archive/pipeline/Q20151115/DEC15B/20151109/c4d_151112_013725_osi_g_v1.fits.fz,1.35,"{'gte': 53.809749999999994, 'lte': 53.809749999999994}","{'gte': -31.909333333333333, 'lte': -31.909333333333333}",53.809749999999994,-31.909333333333333,g DECam SDSS c0001 4720.0 1520.0,None,,75.0,0,2015-11-12,2015-11-12T01:36:28.523509+0000,[7313],Munoz,2015B-0602,2017-05-04,decam,ct4m,ct,,object,NGC1399_t9_d1_short,stacked,image,,2015-11-11,[None]
2021-06-02T13:51:04.701343+0000,7b95de2cf60ea08274a1501c701187b4,927360,/data_local/images/DTS/2015B-0602/DECam_00492206.fits.fz,/net/archive/pipe/20151111/ct4m/2015B-0602/c4d_151112_022825_osd_g_NGFS.fits.fz,1.22,"{'gte': 58.31737499999999, 'lte': 58.31737499999999}","{'gte': -35.186388888888885, 'lte': -35.186388888888885}",58.31737499999999,-35.186388888888885,g DECam SDSS c0001 4720.0 1520.0,None,,40.0,0,2015-11-12,2015-11-12T02:27:24.928915+0000,[7313],Munoz,2015B-0602,2017-05-04,decam,ct4m,ct,,object,NGC1399_t18_d4_short,stacked,dqmask,,2015-11-11,[None]
2020-11-19T13:17:04.612152+0000,8bce86ab8e36598d42f349c4fd5b949b,14523840,/data_local/images/DTS/2015B-0602/DECam_00491816.fits.fz,/net/archive/pipeline/Q20151115/DEC15B/20151109/c4d_151111_014741_ose_g_v1.fits.fz,1.35,"{'gte': 54.173958333333324, 'lte': 54.173958333333324}","{'gte': -33.719, 'lte': -33.719}",54.173958333333324,-33.719,g DECam SDSS c0001 4720.0 1520.0,None,,1500.0,0,2015-11-11,2015-11-11T01:41:52.333549+0000,[7313],Munoz,2015B-0602,2017-05-03,decam,ct4m,ct,,object,NGC1399_t2_d11,stacked,expmap,,2015-11-10,[None]
2020-11-19T03:44:41.345652+0000,8bbd770301702658b6f71d7c3f6b0bea,826560,/data_local/images/DTS/2015B-0602/DECam_00492074.fits.fz,/net/archive/pipeline/Q20151115/DEC15B/20151109/c4d_151112_005521_osd_i_v1.fits.fz,1.64,"{'gte': 56.634499999999996, 'lte': 56.634499999999996}","{'gte': -36.17691666666666, 'lte': -36.17691666666666}",56.634499999999996,-36.17691666666666,i DECam SDSS c0003 7835.0 1470.0,None,,30.0,0,2015-11-12,2015-11-12T00:54:22.010332+0000,[7313],Munoz,2015B-0602,2017-05-04,decam,ct4m,ct,,object,NGC1399_t6_d4_short,stacked,dqmask,,2015-11-11,[None]
2021-06-27T21:27:52.392257+0000,7ccea943385a36986dd15d0d5383b19a,1080000,/data_local/images/DTS/2015B-0602/DECam_00492039.fits.fz,/net/archive/pipe/20151111/ct4m/2015B-0602/c4d_151112_003205_osd_i_NGFS.fits.fz,1.64,"{'gte': 50.443458333333325, 'lte': 50.443458333333325}","{'gte': -34.202333333333335, 'lte': -34.202333333333335}",50.443458333333325,-34.202333333333335,i DECam SDSS c0003 7835.0 1470.0,None,,50.0,0,2015-11-12,2015-11-12T00:31:13.196222+0000,[7313],Munoz,2015B-0602,2017-05-04,decam,ct4m,ct,,object,NGC1399_t11_d2_short,stacked,dqmask,,2015-11-11,[None]
2020-11-19T13:17:20.952569+0000,81c395336b7c74b13787adbbd3224095,375278400,/data_local/images/DTS/2015B-0602/DECam_00492057.fits.fz,/net/archive/pipeline/Q20151115/DEC15B/20151109/c4d_151112_004359_osi_i_v1.fits.fz,1.68,"{'gte': 53.81325, 'lte': 53.81325}","{'gte': -31.90747222222222, 'lte': -31.90747222222222}",53.81325,-31.90747222222222,i DECam SDSS c0003 7835.0 1470.0,None,,40.0,0,2015-11-12,2015-11-12T00:43:07.010223+0000,[7313],Munoz,2015B-0602,2017-05-04,decam,ct4m,ct,,object,NGC1399_t9_d3_short,stacked,image,,2015-11-11,[None]
2020-11-19T07:42:24.445608+0000,8e3218cf56731494da378929ed9e08b9,1019520,/data_local/images/DTS/2015B-0602/DECam_00491825.fits.fz,/net/archive/pipeline/Q20151115/DEC15B/20151109/c4d_151111_022537_osd_g_v1.fits.fz,1.24,"{'gte': 56.635458333333325, 'lte': 56.635458333333325}","{'gte': -36.190527777777774, 'lte': -36.190527777777774}",56.635458333333325,-36.190527777777774,g DECam SDSS c0001 4720.0 1520.0,None,,1500.0,0,2015-11-11,2015-11-11T02:19:47.373664+0000,[7313],Munoz,2015B-0602,2017-05-03,decam,ct4m,ct,,object,NGC1399_t6_d11,stacked,dqmask,,2015-11-10,[None]
2020-11-19T13:17:09.207524+0000,83bf42d37d6b95201718200c6c36bb59,373841280,/data_local/images/DTS/2015B-0602/DECam_00492131.fits.fz,/net/archive/pipeline/Q20151115/DEC15B/20151109/c4d_151112_013308_osi_g_v1.fits.fz,1.34,"{'gte': 52.49383333333333, 'lte': 52.49383333333333}","{'gte': -34.86688888888889, 'lte': -34.86688888888889}",52.49383333333333,-34.86688888888889,g DECam SDSS c0001 4720.0 1520.0,None,,60.0,0,2015-11-12,2015-11-12T01:32:09.884102+0000,[7313],Munoz,2015B-0602,2017-05-04,decam,ct4m,ct,,object,NGC1399_t3_d1_short,stacked,image,,2015-11-11,[None]
2020-11-19T08:10:47.066523+0000,7b3037b19f4bdea105cdbfce90dbdf91,797760,/data_local/images/DTS/2015B-0602/DECam_00492067.fits.fz,/net/archive/pipeline/Q20151115/DEC15B/20151109/c4d_151112_005023_osd_i_v1.fits.fz,1.74,"{'gte': 57.92937499999999, 'lte': 57.92937499999999}","{'gte': -33.38130555555556, 'lte': -33.38130555555556}",57.92937499999999,-33.38130555555556,i DECam SDSS c0003 7835.0 1470.0,None,,40.0,0,2015-11-12,2015-11-12T00:49:30.885146+0000,[7313],Munoz,2015B-0602,2017-05-04,decam,ct4m,ct,,object,NGC1399_t19_d3_short,stacked,dqmask,,2015-11-11,[None]
2020-11-19T13:17:32.566928+0000,8ff4610a457fb0e3c39ff2484c5f2638,377187840,/data_local/images/DTS/2015B-0602/DECam_00492142.fits.fz,/net/archive/pipeline/Q20151115/DEC15B/20151109/c4d_151112_014105_osj_g_v1.fits.fz,1.31,"{'gte': 53.26283333333332, 'lte': 53.26283333333332}","{'gte': -38.487027777777776, 'lte': -38.487027777777776}",53.26283333333332,-38.487027777777776,g DECam SDSS c0001 4720.0 1520.0,None,,75.0,0,2015-11-12,2015-11-12T01:40:08.328215+0000,[7313],Munoz,2015B-0602,2017-05-04,decam,ct4m,ct,,object,NGC1399_t14_d1_short,stacked,image1,,2015-11-11,[None]
2021-06-27T21:29:04.202285+0000,8829a67fdeaa9ca0e92eb6b5d296635d,910080,/data_local/images/DTS/2015B-0602/DECam_00492051.fits.fz,/net/archive/pipe/20151111/ct4m/2015B-0602/c4d_151112_004008_osd_i_NGFS.fits.fz,1.64,"{'gte': 52.50154166666666, 'lte': 52.50154166666666}","{'gte': -34.86402777777778, 'lte': -34.86402777777778}",52.50154166666666,-34.86402777777778,i DECam SDSS c0003 7835.0 1470.0,None,,50.0,0,2015-11-12,2015-11-12T00:39:16.340174+0000,[7313],Munoz,2015B-0602,2017-05-04,decam,ct4m,ct,,object,NGC1399_t3_d3_short,stacked,dqmask,,2015-11-11,[None]
2020-11-18T18:58:52.656357+0000,8843f12be5cb01660080461aa54ed817,5895360,/data_local/images/DTS/2015B-0602/DECam_00491812.fits.fz,/net/archive/pipeline/Q20151115/DEC15B/20151109/c4d_151111_012927_ose_i_v1.fits.fz,1.4,"{'gte': 52.121624999999995, 'lte': 52.121624999999995}","{'gte': -33.060805555555554, 'lte': -33.060805555555554}",52.121624999999995,-33.060805555555554,i DECam SDSS c0003 7835.0 1470.0,None,,600.0,0,2015-11-11,2015-11-11T01:23:38.671621+0000,[7313],Munoz,2015B-0602,2017-05-03,decam,ct4m,ct,,object,NGC1399_t10_d9,stacked,expmap,,2015-11-10,[None]
2021-06-02T14:02:44.171877+0000,66e00969e6845bbe9f57fe5d33aecaed,961920,/data_local/images/DTS/2015B-0602/DECam_00492145.fits.fz,/net/archive/pipe/20151111/ct4m/2015B-0602/c4d_151112_014319_osd_g_NGFS.fits.fz,1.4,"{'gte': 58.700958333333325, 'lte': 58.700958333333325}","{'gte': -36.97827777777778, 'lte': -36.97827777777778}",58.700958333333325,-36.97827777777778,g DECam SDSS c0001 4720.0 1520.0,None,,55.0,0,2015-11-12,2015-11-12T01:42:20.195253+0000,[7313],Munoz,2015B-0602,2017-05-04,decam,ct4m,ct,,object,NGC1399_t17_d1_short,stacked,dqmask,,2015-11-11,[None]
2021-06-02T15:19:01.087693+0000,780c6cdecd12e14a8f22660010e2e0bd,274495680,/data_local/images/DTS/2015B-0602/DECam_00492132.fits.fz,/net/archive/pipe/20151111/ct4m/2015B-0602/c4d_151112_013349_osw_g_NGFS.fits.fz,1.34,"{'gte': 52.88391666666666, 'lte': 52.88391666666666}","{'gte': -36.67547222222222, 'lte': -36.67547222222222}",52.88391666666666,-36.67547222222222,g DECam SDSS c0001 4720.0 1520.0,None,,70.0,0,2015-11-12,2015-11-12T01:32:52.173931+0000,[7313],Munoz,2015B-0602,2017-05-04,decam,ct4m,ct,,object,NGC1399_t4_d1_short,stacked,wtmap,,2015-11-11,[None]
2021-06-27T21:29:05.594412+0000,88a932448ce5449d32bae00504337b6b,275155200,/data_local/images/DTS/2015B-0602/DECam_00492051.fits.fz,/net/archive/pipe/20151111/ct4m/2015B-0602/c4d_151112_004008_osw_i_NGFS.fits.fz,1.64,"{'gte': 52.50154166666666, 'lte': 52.50154166666666}","{'gte': -34.86402777777778, 'lte': -34.86402777777778}",52.50154166666666,-34.86402777777778,i DECam SDSS c0003 7835.0 1470.0,None,,50.0,0,2015-11-12,2015-11-12T00:39:16.340174+0000,[7313],Munoz,2015B-0602,2017-05-04,decam,ct4m,ct,,object,NGC1399_t3_d3_short,stacked,wtmap,,2015-11-11,[None]
2020-11-19T13:18:01.988643+0000,89d2437c0ebbe1cf406b02e02ab9ecb2,326404800,/data_local/images/DTS/2015B-0602/DECam_00491812.fits.fz,/net/archive/pipeline/Q20151119/DEC15B/20151109/c4d_151111_012927_osw_i_v1.fits.fz,1.4,"{'gte': 52.121624999999995, 'lte': 52.121624999999995}","{'gte': -33.060805555555554, 'lte': -33.060805555555554}",52.121624999999995,-33.060805555555554,i DECam SDSS c0003 7835.0 1470.0,None,,600.0,0,2015-11-11,2015-11-11T01:23:38.671621+0000,[7313],Munoz,2015B-0602,2017-05-03,decam,ct4m,ct,,object,NGC1399_t10_d9,stacked,wtmap,,2015-11-10,[None]
2020-11-19T13:18:01.581945+0000,b426696bcb066aed1195a68493d244aa,335646720,/data_local/images/DTS/2015B-0602/DECam_00492137.fits.fz,/net/archive/pipeline/Q20151119/DEC15B/20151109/c4d_151112_013725_osw_g_v1.fits.fz,1.35,"{'gte': 53.809749999999994, 'lte': 53.809749999999994}","{'gte': -31.909333333333333, 'lte': -31.909333333333333}",53.809749999999994,-31.909333333333333,g DECam SDSS c0001 4720.0 1520.0,None,,75.0,0,2015-11-12,2015-11-12T01:36:28.523509+0000,[7313],Munoz,2015B-0602,2017-05-04,decam,ct4m,ct,,object,NGC1399_t9_d1_short,stacked,wtmap,,2015-11-11,[None]
2021-06-03T06:35:24.824863+0000,8614a20ccb03c93890d8dacddaf12c79,5184000,/data_local/images/DTS/2015B-0602/DECam_00492206.fits.fz,/net/archive/pipe/20151111/ct4m/2015B-0602/c4d_151112_022825_ose_g_NGFS.fits.fz,1.22,"{'gte': 58.31737499999999, 'lte': 58.31737499999999}","{'gte': -35.186388888888885, 'lte': -35.186388888888885}",58.31737499999999,-35.186388888888885,g DECam SDSS c0001 4720.0 1520.0,None,,40.0,0,2015-11-12,2015-11-12T02:27:24.928915+0000,[7313],Munoz,2015B-0602,2017-05-04,decam,ct4m,ct,,object,NGC1399_t18_d4_short,stacked,expmap,,2015-11-11,[None]
2020-11-19T00:56:07.522647+0000,7c1bb7b2f0bd9f27c7cfbce75c321aa5,10437120,/data_local/images/DTS/2015B-0602/DECam_00491805.fits.fz,/net/archive/pipeline/Q20151115/DEC15B/20151109/c4d_151111_005103_ose_i_v1.fits.fz,1.65,"{'gte': 54.17049999999999, 'lte': 54.17049999999999}","{'gte': -33.71066666666667, 'lte': -33.71066666666667}",54.17049999999999,-33.71066666666667,i DECam SDSS c0003 7835.0 1470.0,None,,140.0,0,2015-11-11,2015-11-11T00:49:42.911298+0000,[7313],Munoz,2015B-0602,2017-05-03,decam,ct4m,ct,,object,NGC1399_t2_d9_short,stacked,expmap,,2015-11-10,[None]
2021-06-27T21:32:00.384529+0000,b781f89cfb7f8dc771e964db80b8cf65,376361280,/data_local/images/DTS/2015B-0602/DECam_00492087.fits.fz,/net/archive/pipe/20151111/ct4m/2015B-0602/c4d_151112_010331_osi_i_NGFS.fits.fz,1.64,"{'gte': 57.92933333333333, 'lte': 57.92933333333333}","{'gte': -33.37936111111111, 'lte': -33.37936111111111}",57.92933333333333,-33.37936111111111,i DECam SDSS c0003 7835.0 1470.0,None,,40.0,0,2015-11-12,2015-11-12T01:02:39.865060+0000,[7313],Munoz,2015B-0602,2017-05-04,decam,ct4m,ct,,object,NGC1399_t19_d4_short,stacked,image,,2015-11-11,[None]
2020-11-19T13:17:28.508898+0000,70d62e28627a1918a4ec4fc68a7ddb6d,766080,/data_local/images/DTS/2015B-0602/DECam_00491814.fits.fz,/net/archive/pipeline/Q20151115/DEC15B/20151109/c4d_151111_013644_osd_g_v1.fits.fz,1.38,"{'gte': 54.55741666666666, 'lte': 54.55741666666666}","{'gte': -35.525444444444446, 'lte': -35.525444444444446}",54.55741666666666,-35.525444444444446,g DECam SDSS c0001 4720.0 1520.0,None,,360.0,0,2015-11-11,2015-11-11T01:35:24.815051+0000,[7313],Munoz,2015B-0602,2017-05-03,decam,ct4m,ct,,object,NGC1399_t1_d11_short,stacked,dqmask,,2015-11-10,[None]
2020-11-19T13:17:46.099749+0000,8c031360554ec03536a70b3b0ac98fca,371116800,/data_local/images/DTS/2015B-0602/DECam_00491804.fits.fz,/net/archive/pipeline/Q20151116/DEC15B/20151109/c4d_151111_004956_osi_i_v1.fits.fz,1.57,"{'gte': 51.12783333333332, 'lte': 51.12783333333332}","{'gte': -37.820888888888895, 'lte': -37.820888888888895}",51.12783333333332,-37.820888888888895,i DECam SDSS c0003 7835.0 1470.0,None,,900.0,0,2015-11-11,2015-11-11T00:44:08.649448+0000,[7313],Munoz,2015B-0602,2017-05-03,decam,ct4m,ct,,object,NGC1399_t13_d8,stacked,image,,2015-11-10,[None]
2021-06-27T21:27:13.578154+0000,b6bdc3cfb1e08e035ae76c773ac14e35,377493120,/data_local/images/DTS/2015B-0602/DECam_00492036.fits.fz,/net/archive/pipe/20151111/ct4m/2015B-0602/c4d_151112_003014_osj_i_NGFS.fits.fz,1.87,"{'gte': 55.863375, 'lte': 55.863375}","{'gte': -32.57055555555556, 'lte': -32.57055555555556}",55.863375,-32.57055555555556,i DECam SDSS c0003 7835.0 1470.0,None,,50.0,0,2015-11-12,2015-11-12T00:29:20.284841+0000,[7313],Munoz,2015B-0602,2017-05-04,decam,ct4m,ct,,object,NGC1399_t8_d2_short,stacked,image1,,2015-11-11,[None]
2020-11-19T13:17:20.989543+0000,72eb47218d4b500e835349d1cb86733b,376830720,/data_local/images/DTS/2015B-0602/DECam_00492039.fits.fz,/net/archive/pipeline/Q20151115/DEC15B/20151109/c4d_151112_003205_osi_i_v1.fits.fz,1.64,"{'gte': 50.4435, 'lte': 50.4435}","{'gte': -34.205194444444444, 'lte': -34.205194444444444}",50.4435,-34.205194444444444,i DECam SDSS c0003 7835.0 1470.0,None,,50.0,0,2015-11-12,2015-11-12T00:31:13.196222+0000,[7313],Munoz,2015B-0602,2017-05-04,decam,ct4m,ct,,object,NGC1399_t11_d2_short,stacked,image,,2015-11-11,[None]
2021-06-27T21:30:04.714809+0000,3ef6819f099b1c10deeac0f88dc656ee,374618880,/data_local/images/DTS/2015B-0602/DECam_00492066.fits.fz,/net/archive/pipe/20151111/ct4m/2015B-0602/c4d_151112_004950_osi_i_NGFS.fits.fz,1.74,"{'gte': 58.317541666666656, 'lte': 58.317541666666656}","{'gte': -35.19391666666667, 'lte': -35.19391666666667}",58.317541666666656,-35.19391666666667,i DECam SDSS c0003 7835.0 1470.0,None,,40.0,0,2015-11-12,2015-11-12T00:48:51.719167+0000,[7313],Munoz,2015B-0602,2017-05-04,decam,ct4m,ct,,object,NGC1399_t18_d3_short,stacked,image,,2015-11-11,[None]
2020-11-19T13:17:02.105499+0000,770e67196fe8e8b7b5dfd18e91682d7c,372551040,/data_local/images/DTS/2015B-0602/DECam_00491816.fits.fz,/net/archive/pipeline/Q20151115/DEC15B/20151109/c4d_151111_014741_osi_g_v1.fits.fz,1.35,"{'gte': 54.173958333333324, 'lte': 54.173958333333324}","{'gte': -33.719, 'lte': -33.719}",54.173958333333324,-33.719,g DECam SDSS c0001 4720.0 1520.0,None,,1500.0,0,2015-11-11,2015-11-11T01:41:52.333549+0000,[7313],Munoz,2015B-0602,2017-05-03,decam,ct4m,ct,,object,NGC1399_t2_d11,stacked,image,,2015-11-10,[None]
2020-11-19T13:18:02.836122+0000,8b7ad5036305f697665b076ab24b3619,336378240,/data_local/images/DTS/2015B-0602/DECam_00492140.fits.fz,/net/archive/pipeline/Q20151119/DEC15B/20151109/c4d_151112_013936_osw_g_v1.fits.fz,1.28,"{'gte': 50.77808333333333, 'lte': 50.77808333333333}","{'gte': -36.01463888888889, 'lte': -36.01463888888889}",50.77808333333333,-36.01463888888889,g DECam SDSS c0001 4720.0 1520.0,None,,75.0,0,2015-11-12,2015-11-12T01:38:39.687116+0000,[7313],Munoz,2015B-0602,2017-05-04,decam,ct4m,ct,,object,NGC1399_t12_d1_short,stacked,wtmap,,2015-11-11,[None]
2020-11-19T13:17:24.247534+0000,8224b1921001936d3debed677bf68121,371724480,/data_local/images/DTS/2015B-0602/DECam_00492074.fits.fz,/net/archive/pipeline/Q20151115/DEC15B/20151109/c4d_151112_005521_osj_i_v1.fits.fz,1.64,"{'gte': 56.634499999999996, 'lte': 56.634499999999996}","{'gte': -36.17691666666666, 'lte': -36.17691666666666}",56.634499999999996,-36.17691666666666,i DECam SDSS c0003 7835.0 1470.0,None,,30.0,0,2015-11-12,2015-11-12T00:54:22.010332+0000,[7313],Munoz,2015B-0602,2017-05-04,decam,ct4m,ct,,object,NGC1399_t6_d4_short,stacked,image1,,2015-11-11,[None]
2021-06-03T06:20:57.338482+0000,bba547360d43a43994d540244e0c5b4b,881280,/data_local/images/DTS/2015B-0602/DECam_00492131.fits.fz,/net/archive/pipe/20151111/ct4m/2015B-0602/c4d_151112_013308_osd_g_NGFS.fits.fz,1.34,"{'gte': 52.49683333333333, 'lte': 52.49683333333333}","{'gte': -34.86691666666667, 'lte': -34.86691666666667}",52.49683333333333,-34.86691666666667,g DECam SDSS c0001 4720.0 1520.0,None,,85.0,0,2015-11-12,2015-11-12T01:32:09.884102+0000,[7313],Munoz,2015B-0602,2017-05-04,decam,ct4m,ct,,object,NGC1399_t3_d1_short,stacked,dqmask,,2015-11-11,[None]
2020-11-19T13:17:25.060253+0000,5e8ecfa43b71d9f612e9beb6de6b4318,377323200,/data_local/images/DTS/2015B-0602/DECam_00492145.fits.fz,/net/archive/pipeline/Q20151115/DEC15B/20151109/c4d_151112_014319_osi_g_v1.fits.fz,1.4,"{'gte': 58.70291666666665, 'lte': 58.70291666666665}","{'gte': -36.97827777777778, 'lte': -36.97827777777778}",58.70291666666665,-36.97827777777778,g DECam SDSS c0001 4720.0 1520.0,None,,75.0,0,2015-11-12,2015-11-12T01:42:20.195253+0000,[7313],Munoz,2015B-0602,2017-05-04,decam,ct4m,ct,,object,NGC1399_t17_d1_short,stacked,image,,2015-11-11,[None]
2020-11-19T13:17:07.053168+0000,613c70bbaf46c390b31614c5710b9e9d,812160,/data_local/images/DTS/2015B-0602/DECam_00492147.fits.fz,/net/archive/pipeline/Q20151115/DEC15B/20151109/c4d_151112_014443_osd_g_v1.fits.fz,1.39,"{'gte': 57.92674999999999, 'lte': 57.92674999999999}","{'gte': -33.374972222222226, 'lte': -33.374972222222226}",57.92674999999999,-33.374972222222226,g DECam SDSS c0001 4720.0 1520.0,None,,60.0,0,2015-11-12,2015-11-12T01:43:45.194746+0000,[7313],Munoz,2015B-0602,2017-05-04,decam,ct4m,ct,,object,NGC1399_t19_d1_short,stacked,dqmask,,2015-11-11,[None]
2020-11-19T13:17:06.066147+0000,803638f9c3a307c60381108210f95d70,5806080,/data_local/images/DTS/2015B-0602/DECam_00492133.fits.fz,/net/archive/pipeline/Q20151115/DEC15B/20151109/c4d_151112_013435_ose_g_v1.fits.fz,1.37,"{'gte': 54.94154166666666, 'lte': 54.94154166666666}","{'gte': -37.334, 'lte': -37.334}",54.94154166666666,-37.334,g DECam SDSS c0001 4720.0 1520.0,None,,75.0,0,2015-11-12,2015-11-12T01:33:37.143157+0000,[7313],Munoz,2015B-0602,2017-05-04,decam,ct4m,ct,,object,NGC1399_t5_d1_short,stacked,expmap,,2015-11-11,[None]
2020-11-19T13:17:03.160422+0000,985b67209ffeffacd426a642294b090d,377153280,/data_local/images/DTS/2015B-0602/DECam_00492144.fits.fz,/net/archive/pipeline/Q20151115/DEC15B/20151109/c4d_151112_014238_osj_g_v1.fits.fz,1.37,"{'gte': 57.02329166666666, 'lte': 57.02329166666666}","{'gte': -37.99491666666667, 'lte': -37.99491666666667}",57.02329166666666,-37.99491666666667,g DECam SDSS c0001 4720.0 1520.0,None,,75.0,0,2015-11-12,2015-11-12T01:41:37.121785+0000,[7313],Munoz,2015B-0602,2017-05-04,decam,ct4m,ct,,object,NGC1399_t16_d1_short,stacked,image1,,2015-11-11,[None]
2020-11-19T13:17:20.963103+0000,b9ea3c709706bcc0aec450c598907030,374880960,/data_local/images/DTS/2015B-0602/DECam_00492058.fits.fz,/net/archive/pipeline/Q20151115/DEC15B/20151109/c4d_151112_004440_osj_i_v1.fits.fz,1.61,"{'gte': 52.13054166666666, 'lte': 52.13054166666666}","{'gte': -33.05844444444444, 'lte': -33.05844444444444}",52.13054166666666,-33.05844444444444,i DECam SDSS c0003 7835.0 1470.0,None,,40.0,0,2015-11-12,2015-11-12T00:43:45.958604+0000,[7313],Munoz,2015B-0602,2017-05-04,decam,ct4m,ct,,object,NGC1399_t10_d3_short,stacked,image1,,2015-11-11,[None]
2020-11-19T13:17:13.214771+0000,ba0ed4d470bbd716e6799efe9a42d719,366396480,/data_local/images/DTS/2015B-0602/DECam_00491827.fits.fz,/net/archive/pipeline/Q20151115/DEC15B/20151109/c4d_151111_023642_osi_g_v1.fits.fz,1.16,"{'gte': 52.129208333333324, 'lte': 52.129208333333324}","{'gte': -33.06372222222222, 'lte': -33.06372222222222}",52.129208333333324,-33.06372222222222,g DECam SDSS c0001 4720.0 1520.0,None,,1200.0,0,2015-11-11,2015-11-11T02:30:51.865220+0000,[7313],Munoz,2015B-0602,2017-05-03,decam,ct4m,ct,,object,NGC1399_t10_d11,stacked,image,,2015-11-10,[None]
2020-11-19T13:17:28.904695+0000,7530d55a5f8dc8fffa3bf045b49ff047,840960,/data_local/images/DTS/2015B-0602/DECam_00492080.fits.fz,/net/archive/pipeline/Q20151116/DEC15B/20151109/c4d_151112_005905_osd_i_v1.fits.fz,1.47,"{'gte': 50.78312499999999, 'lte': 50.78312499999999}","{'gte': -36.00794444444445, 'lte': -36.00794444444445}",50.78312499999999,-36.00794444444445,i DECam SDSS c0003 7835.0 1470.0,None,,30.0,0,2015-11-12,2015-11-12T00:58:08.737325+0000,[7313],Munoz,2015B-0602,2017-05-04,decam,ct4m,ct,,object,NGC1399_t12_d4_short,stacked,dqmask,,2015-11-11,[None]
2020-11-19T07:30:35.984519+0000,58addd34acddab571aeea32514bb4720,797760,/data_local/images/DTS/2015B-0602/DECam_00492052.fits.fz,/net/archive/pipeline/Q20151115/DEC15B/20151109/c4d_151112_004048_osd_i_v1.fits.fz,1.63,"{'gte': 52.88358333333333, 'lte': 52.88358333333333}","{'gte': -36.67366666666666, 'lte': -36.67366666666666}",52.88358333333333,-36.67366666666666,i DECam SDSS c0003 7835.0 1470.0,None,,40.0,0,2015-11-12,2015-11-12T00:39:54.251608+0000,[7313],Munoz,2015B-0602,2017-05-04,decam,ct4m,ct,,object,NGC1399_t4_d3_short,stacked,dqmask,,2015-11-11,[None]
2021-06-03T06:18:58.383596+0000,65c9e45b6bf99132a89dd9c44fec8020,275952960,/data_local/images/DTS/2015B-0602/DECam_00492131.fits.fz,/net/archive/pipe/20151111/ct4m/2015B-0602/c4d_151112_013308_osw_g_NGFS.fits.fz,1.34,"{'gte': 52.49683333333333, 'lte': 52.49683333333333}","{'gte': -34.86691666666667, 'lte': -34.86691666666667}",52.49683333333333,-34.86691666666667,g DECam SDSS c0001 4720.0 1520.0,None,,85.0,0,2015-11-12,2015-11-12T01:32:09.884102+0000,[7313],Munoz,2015B-0602,2017-05-04,decam,ct4m,ct,,object,NGC1399_t3_d1_short,stacked,wtmap,,2015-11-11,[None]
2021-06-27T21:32:06.185804+0000,957a1b3516e1786c3494bededcde2b9b,375747840,/data_local/images/DTS/2015B-0602/DECam_00492082.fits.fz,/net/archive/pipe/20151111/ct4m/2015B-0602/c4d_151112_010022_osi_i_NGFS.fits.fz,1.5,"{'gte': 53.26866666666666, 'lte': 53.26866666666666}","{'gte': -38.48252777777778, 'lte': -38.48252777777778}",53.26866666666666,-38.48252777777778,i DECam SDSS c0003 7835.0 1470.0,None,,40.0,0,2015-11-12,2015-11-12T00:59:26.954606+0000,[7313],Munoz,2015B-0602,2017-05-04,decam,ct4m,ct,,object,NGC1399_t14_d4_short,stacked,image,,2015-11-11,[None]
2020-11-19T13:18:02.952515+0000,66770776bcfed2452964bd046d71819a,332616960,/data_local/images/DTS/2015B-0602/DECam_00492147.fits.fz,/net/archive/pipeline/Q20151119/DEC15B/20151109/c4d_151112_014443_osw_g_v1.fits.fz,1.39,"{'gte': 57.92674999999999, 'lte': 57.92674999999999}","{'gte': -33.374972222222226, 'lte': -33.374972222222226}",57.92674999999999,-33.374972222222226,g DECam SDSS c0001 4720.0 1520.0,None,,60.0,0,2015-11-12,2015-11-12T01:43:45.194746+0000,[7313],Munoz,2015B-0602,2017-05-04,decam,ct4m,ct,,object,NGC1399_t19_d1_short,stacked,wtmap,,2015-11-11,[None]
2021-06-03T08:34:52.957033+0000,67c57abc2e4ce19bdd97b30eaf96e8b2,832320,/data_local/images/DTS/2015B-0602/DECam_00492139.fits.fz,/net/archive/pipe/20151111/ct4m/2015B-0602/c4d_151112_013854_osd_g_NGFS.fits.fz,1.29,"{'gte': 50.44383333333332, 'lte': 50.44383333333332}","{'gte': -34.206027777777784, 'lte': -34.206027777777784}",50.44383333333332,-34.206027777777784,g DECam SDSS c0001 4720.0 1520.0,None,,85.0,0,2015-11-12,2015-11-12T01:37:57.241451+0000,[7313],Munoz,2015B-0602,2017-05-04,decam,ct4m,ct,,object,NGC1399_t11_d1_short,stacked,dqmask,,2015-11-11,[None]
2020-11-19T13:17:30.953014+0000,5b5d6b5167b2a233c1cad886a55187b8,376983360,/data_local/images/DTS/2015B-0602/DECam_00492035.fits.fz,/net/archive/pipeline/Q20151115/DEC15B/20151109/c4d_151112_002939_osj_i_v1.fits.fz,1.86,"{'gte': 56.25062499999999, 'lte': 56.25062499999999}","{'gte': -34.37477777777778, 'lte': -34.37477777777778}",56.25062499999999,-34.37477777777778,i DECam SDSS c0003 7835.0 1470.0,None,,50.0,0,2015-11-12,2015-11-12T00:28:42.210243+0000,[7313],Munoz,2015B-0602,2017-05-04,decam,ct4m,ct,,object,NGC1399_t7_d2_short,stacked,image1,,2015-11-11,[None]
2021-06-03T08:36:06.070357+0000,9989be781c808b3dd9aab3053fc913ee,9460800,/data_local/images/DTS/2015B-0602/DECam_00492144.fits.fz,/net/archive/pipe/20151111/ct4m/2015B-0602/c4d_151112_014238_ose_g_NGFS.fits.fz,1.37,"{'gte': 57.02804166666666, 'lte': 57.02804166666666}","{'gte': -37.99491666666667, 'lte': -37.99491666666667}",57.02804166666666,-37.99491666666667,g DECam SDSS c0001 4720.0 1520.0,None,,70.0,0,2015-11-12,2015-11-12T01:41:37.121785+0000,[7313],Munoz,2015B-0602,2017-05-04,decam,ct4m,ct,,object,NGC1399_t16_d1_short,stacked,expmap,,2015-11-11,[None]
2021-06-02T15:19:42.349215+0000,90887ea8f006621a76437b29b009aed1,8484480,/data_local/images/DTS/2015B-0602/DECam_00492147.fits.fz,/net/archive/pipe/20151111/ct4m/2015B-0602/c4d_151112_014443_ose_g_NGFS.fits.fz,1.39,"{'gte': 57.92679166666667, 'lte': 57.92679166666667}","{'gte': -33.3775, 'lte': -33.3775}",57.92679166666667,-33.3775,g DECam SDSS c0001 4720.0 1520.0,None,,70.0,0,2015-11-12,2015-11-12T01:43:45.194746+0000,[7313],Munoz,2015B-0602,2017-05-04,decam,ct4m,ct,,object,NGC1399_t19_d1_short,stacked,expmap,,2015-11-11,[None]
2021-06-27T21:27:10.975712+0000,938accfd6adde70fa769560dda4f2813,1172160,/data_local/images/DTS/2015B-0602/DECam_00492036.fits.fz,/net/archive/pipe/20151111/ct4m/2015B-0602/c4d_151112_003014_osd_i_NGFS.fits.fz,1.87,"{'gte': 55.863375, 'lte': 55.863375}","{'gte': -32.57055555555556, 'lte': -32.57055555555556}",55.863375,-32.57055555555556,i DECam SDSS c0003 7835.0 1470.0,None,,50.0,0,2015-11-12,2015-11-12T00:29:20.284841+0000,[7313],Munoz,2015B-0602,2017-05-04,decam,ct4m,ct,,object,NGC1399_t8_d2_short,stacked,dqmask,,2015-11-11,[None]
2021-06-03T08:34:44.045600+0000,7442f5d6331f067407d690c9315a9209,273744000,/data_local/images/DTS/2015B-0602/DECam_00492136.fits.fz,/net/archive/pipe/20151111/ct4m/2015B-0602/c4d_151112_013644_osw_g_NGFS.fits.fz,1.39,"{'gte': 55.86833333333333, 'lte': 55.86833333333333}","{'gte': -32.56444444444444, 'lte': -32.56444444444444}",55.86833333333333,-32.56444444444444,g DECam SDSS c0001 4720.0 1520.0,None,,55.0,0,2015-11-12,2015-11-12T01:35:44.998665+0000,[7313],Munoz,2015B-0602,2017-05-04,decam,ct4m,ct,,object,NGC1399_t8_d1_short,stacked,wtmap,,2015-11-11,[None]
2020-11-19T13:17:31.149960+0000,a6ffd637ee5f22eecbd62a21343d2a77,794880,/data_local/images/DTS/2015B-0602/DECam_00492143.fits.fz,/net/archive/pipeline/Q20151115/DEC15B/20151109/c4d_151112_014150_osd_g_v1.fits.fz,1.34,"{'gte': 55.331833333333336, 'lte': 55.331833333333336}","{'gte': -39.139916666666664, 'lte': -39.139916666666664}",55.331833333333336,-39.139916666666664,g DECam SDSS c0001 4720.0 1520.0,None,,75.0,0,2015-11-12,2015-11-12T01:40:52.733989+0000,[7313],Munoz,2015B-0602,2017-05-04,decam,ct4m,ct,,object,NGC1399_t15_d1_short,stacked,dqmask,,2015-11-11,[None]
2020-11-19T07:42:25.302607+0000,ad07b086dcd92b6d8e6200ef58511b50,375935040,/data_local/images/DTS/2015B-0602/DECam_00492132.fits.fz,/net/archive/pipeline/Q20151115/DEC15B/20151109/c4d_151112_013349_osj_g_v1.fits.fz,1.34,"{'gte': 52.87870833333333, 'lte': 52.87870833333333}","{'gte': -36.67547222222222, 'lte': -36.67547222222222}",52.87870833333333,-36.67547222222222,g DECam SDSS c0001 4720.0 1520.0,None,,75.0,0,2015-11-12,2015-11-12T01:32:52.173931+0000,[7313],Munoz,2015B-0602,2017-05-04,decam,ct4m,ct,,object,NGC1399_t4_d1_short,stacked,image1,,2015-11-11,[None]
2020-11-19T13:17:40.046194+0000,ac6077ac3a28787f117b127eac338ddd,372000960,/data_local/images/DTS/2015B-0602/DECam_00491801.fits.fz,/net/archive/pipeline/Q20151115/DEC15B/20151109/c4d_151111_003320_osi_i_v1.fits.fz,1.9,"{'gte': 56.62995833333333, 'lte': 56.62995833333333}","{'gte': -36.18408333333333, 'lte': -36.18408333333333}",56.62995833333333,-36.18408333333333,i DECam SDSS c0003 7835.0 1470.0,None,,600.0,0,2015-11-11,2015-11-11T00:27:30.214197+0000,[7313],Munoz,2015B-0602,2017-05-03,decam,ct4m,ct,,object,NGC1399_t6_d8,stacked,image,,2015-11-10,[None]
2020-11-19T13:17:00.334548+0000,904a9b263df4d3dcfe9dad8717b6f0ae,5927040,/data_local/images/DTS/2015B-0602/DECam_00492137.fits.fz,/net/archive/pipeline/Q20151115/DEC15B/20151109/c4d_151112_013725_ose_g_v1.fits.fz,1.35,"{'gte': 53.809749999999994, 'lte': 53.809749999999994}","{'gte': -31.909333333333333, 'lte': -31.909333333333333}",53.809749999999994,-31.909333333333333,g DECam SDSS c0001 4720.0 1520.0,None,,75.0,0,2015-11-12,2015-11-12T01:36:28.523509+0000,[7313],Munoz,2015B-0602,2017-05-04,decam,ct4m,ct,,object,NGC1399_t9_d1_short,stacked,expmap,,2015-11-11,[None]
2021-06-03T07:19:50.460074+0000,8cf298651c184c0a247f5bada3fcc818,271653120,/data_local/images/DTS/2015B-0602/DECam_00492142.fits.fz,/net/archive/pipe/20151111/ct4m/2015B-0602/c4d_151112_014105_osw_g_NGFS.fits.fz,1.31,"{'gte': 53.27083333333333, 'lte': 53.27083333333333}","{'gte': -38.49391666666667, 'lte': -38.49391666666667}",53.27083333333333,-38.49391666666667,g DECam SDSS c0001 4720.0 1520.0,None,,55.0,0,2015-11-12,2015-11-12T01:40:08.328215+0000,[7313],Munoz,2015B-0602,2017-05-04,decam,ct4m,ct,,object,NGC1399_t14_d1_short,stacked,wtmap,,2015-11-11,[None]
2021-06-27T21:26:38.362796+0000,8c96e8f819b8adef37252cb801e64236,379152000,/data_local/images/DTS/2015B-0602/DECam_00492023.fits.fz,/net/archive/pipe/20151111/ct4m/2015B-0602/c4d_151112_002133_osj_i_NGFS.fits.fz,1.84,"{'gte': 55.32375, 'lte': 55.32375}","{'gte': -39.14011111111111, 'lte': -39.14011111111111}",55.32375,-39.14011111111111,i DECam SDSS c0003 7835.0 1470.0,None,,60.0,0,2015-11-12,2015-11-12T00:20:40.312831+0000,[7313],Munoz,2015B-0602,2017-05-04,decam,ct4m,ct,,object,NGC1399_t15_d1_short,stacked,image1,,2015-11-11,[None]
2020-11-19T13:18:05.966205+0000,610882c44a0d619cf6e0d6821a1425c3,322482240,/data_local/images/DTS/2015B-0602/DECam_00491827.fits.fz,/net/archive/pipeline/Q20151119/DEC15B/20151109/c4d_151111_023642_osw_g_v1.fits.fz,1.16,"{'gte': 52.129208333333324, 'lte': 52.129208333333324}","{'gte': -33.06372222222222, 'lte': -33.06372222222222}",52.129208333333324,-33.06372222222222,g DECam SDSS c0001 4720.0 1520.0,None,,1200.0,0,2015-11-11,2015-11-11T02:30:51.865220+0000,[7313],Munoz,2015B-0602,2017-05-03,decam,ct4m,ct,,object,NGC1399_t10_d11,stacked,wtmap,,2015-11-10,[None]
2020-11-19T13:17:56.060207+0000,41944ec210d2f52dab177aef5d09c495,333757440,/data_local/images/DTS/2015B-0602/DECam_00492051.fits.fz,/net/archive/pipeline/Q20151119/DEC15B/20151109/c4d_151112_004008_osw_i_v1.fits.fz,1.64,"{'gte': 52.50154166666666, 'lte': 52.50154166666666}","{'gte': -34.86402777777778, 'lte': -34.86402777777778}",52.50154166666666,-34.86402777777778,i DECam SDSS c0003 7835.0 1470.0,None,,40.0,0,2015-11-12,2015-11-12T00:39:16.340174+0000,[7313],Munoz,2015B-0602,2017-05-04,decam,ct4m,ct,,object,NGC1399_t3_d3_short,stacked,wtmap,,2015-11-11,[None]
2020-11-19T13:18:02.956298+0000,4491a49226957efb7b970b5462479da3,336409920,/data_local/images/DTS/2015B-0602/DECam_00492144.fits.fz,/net/archive/pipeline/Q20151119/DEC15B/20151109/c4d_151112_014238_osw_g_v1.fits.fz,1.37,"{'gte': 57.02329166666666, 'lte': 57.02329166666666}","{'gte': -37.99491666666667, 'lte': -37.99491666666667}",57.02329166666666,-37.99491666666667,g DECam SDSS c0001 4720.0 1520.0,None,,75.0,0,2015-11-12,2015-11-12T01:41:37.121785+0000,[7313],Munoz,2015B-0602,2017-05-04,decam,ct4m,ct,,object,NGC1399_t16_d1_short,stacked,wtmap,,2015-11-11,[None]
2021-06-27T21:26:18.719866+0000,b4519e57e44107aa1cec52f15089bac5,274008960,/data_local/images/DTS/2015B-0602/DECam_00492017.fits.fz,/net/archive/pipe/20151111/ct4m/2015B-0602/c4d_151112_001743_osw_i_NGFS.fits.fz,1.93,"{'gte': 53.81454166666666, 'lte': 53.81454166666666}","{'gte': -31.913527777777777, 'lte': -31.913527777777777}",53.81454166666666,-31.913527777777777,i DECam SDSS c0003 7835.0 1470.0,None,,50.0,0,2015-11-12,2015-11-12T00:16:49.393650+0000,[7313],Munoz,2015B-0602,2017-05-04,decam,ct4m,ct,,object,NGC1399_t9_d1_short,stacked,wtmap,,2015-11-11,[None]
2021-06-02T14:03:35.066425+0000,a0e1bb56979b1959b628e055529e741c,376387200,/data_local/images/DTS/2015B-0602/DECam_00492132.fits.fz,/net/archive/pipe/20151111/ct4m/2015B-0602/c4d_151112_013349_osj_g_NGFS.fits.fz,1.34,"{'gte': 52.88391666666666, 'lte': 52.88391666666666}","{'gte': -36.67547222222222, 'lte': -36.67547222222222}",52.88391666666666,-36.67547222222222,g DECam SDSS c0001 4720.0 1520.0,None,,70.0,0,2015-11-12,2015-11-12T01:32:52.173931+0000,[7313],Munoz,2015B-0602,2017-05-04,decam,ct4m,ct,,object,NGC1399_t4_d1_short,stacked,image1,,2015-11-11,[None]
2020-11-19T09:33:54.017713+0000,98b88e82d06c79b9250e0a69bed175e8,14057280,/data_local/images/DTS/2015B-0602/DECam_00491824.fits.fz,/net/archive/pipeline/Q20151115/DEC15B/20151109/c4d_151111_022007_ose_g_v1.fits.fz,1.23,"{'gte': 54.94458333333333, 'lte': 54.94458333333333}","{'gte': -37.33980555555556, 'lte': -37.33980555555556}",54.94458333333333,-37.33980555555556,g DECam SDSS c0001 4720.0 1520.0,None,,1500.0,0,2015-11-11,2015-11-11T02:14:17.834719+0000,[7313],Munoz,2015B-0602,2017-05-03,decam,ct4m,ct,,object,NGC1399_t5_d11,stacked,expmap,,2015-11-10,[None]
2020-11-19T13:17:31.818215+0000,8e61d3c3c2a0a859923a2c69566b5c23,2920320,/data_local/images/DTS/2015B-0602/DECam_00492080.fits.fz,/net/archive/pipeline/Q20151115/DEC15B/20151109/c4d_151112_005905_ose_i_v1.fits.fz,1.47,"{'gte': 50.78312499999999, 'lte': 50.78312499999999}","{'gte': -36.00794444444445, 'lte': -36.00794444444445}",50.78312499999999,-36.00794444444445,i DECam SDSS c0003 7835.0 1470.0,None,,30.0,0,2015-11-12,2015-11-12T00:58:08.737325+0000,[7313],Munoz,2015B-0602,2017-05-04,decam,ct4m,ct,,object,NGC1399_t12_d4_short,stacked,expmap,,2015-11-11,[None]
2021-06-03T08:35:42.000861+0000,a39fc4f71ea79c73a34c4164a2e9f97c,8599680,/data_local/images/DTS/2015B-0602/DECam_00492132.fits.fz,/net/archive/pipe/20151111/ct4m/2015B-0602/c4d_151112_013349_ose_g_NGFS.fits.fz,1.34,"{'gte': 52.88391666666666, 'lte': 52.88391666666666}","{'gte': -36.67547222222222, 'lte': -36.67547222222222}",52.88391666666666,-36.67547222222222,g DECam SDSS c0001 4720.0 1520.0,None,,70.0,0,2015-11-12,2015-11-12T01:32:52.173931+0000,[7313],Munoz,2015B-0602,2017-05-04,decam,ct4m,ct,,object,NGC1399_t4_d1_short,stacked,expmap,,2015-11-11,[None]
2021-06-03T07:19:51.984859+0000,8d14d6bee23050b5e99beb962bafcc1c,812160,/data_local/images/DTS/2015B-0602/DECam_00492135.fits.fz,/net/archive/pipe/20151111/ct4m/2015B-0602/c4d_151112_013601_osd_g_NGFS.fits.fz,1.4,"{'gte': 56.25304166666666, 'lte': 56.25304166666666}","{'gte': -34.376444444444445, 'lte': -34.376444444444445}",56.25304166666666,-34.376444444444445,g DECam SDSS c0001 4720.0 1520.0,None,,85.0,0,2015-11-12,2015-11-12T01:35:02.634071+0000,[7313],Munoz,2015B-0602,2017-05-04,decam,ct4m,ct,,object,NGC1399_t7_d1_short,stacked,dqmask,,2015-11-11,[None]
2020-11-19T13:17:24.140719+0000,791f84a6a83771c58e892451427b35e5,372159360,/data_local/images/DTS/2015B-0602/DECam_00491801.fits.fz,/net/archive/pipeline/Q20151115/DEC15B/20151109/c4d_151111_003320_osj_i_v1.fits.fz,1.9,"{'gte': 56.62995833333333, 'lte': 56.62995833333333}","{'gte': -36.18408333333333, 'lte': -36.18408333333333}",56.62995833333333,-36.18408333333333,i DECam SDSS c0003 7835.0 1470.0,None,,600.0,0,2015-11-11,2015-11-11T00:27:30.214197+0000,[7313],Munoz,2015B-0602,2017-05-03,decam,ct4m,ct,,object,NGC1399_t6_d8,stacked,image1,,2015-11-10,[None]
2020-11-19T08:10:55.018500+0000,a4e22f0666b01725ebaee346469a80f5,766080,/data_local/images/DTS/2015B-0602/DECam_00492134.fits.fz,/net/archive/pipeline/Q20151115/DEC15B/20151109/c4d_151112_013530_osd_g_v1.fits.fz,1.4,"{'gte': 56.63120833333332, 'lte': 56.63120833333332}","{'gte': -36.18366666666666, 'lte': -36.18366666666666}",56.63120833333332,-36.18366666666666,g DECam SDSS c0001 4720.0 1520.0,None,,75.0,0,2015-11-12,2015-11-12T01:34:20.144791+0000,[7313],Munoz,2015B-0602,2017-05-04,decam,ct4m,ct,,object,NGC1399_t6_d1_short,stacked,dqmask,,2015-11-11,[None]
2020-11-19T13:17:00.929412+0000,4b59048bf485b06f6491e634e6026e17,1028160,/data_local/images/DTS/2015B-0602/DECam_00491816.fits.fz,/net/archive/pipeline/Q20151115/DEC15B/20151109/c4d_151111_014741_osd_g_v1.fits.fz,1.35,"{'gte': 54.173958333333324, 'lte': 54.173958333333324}","{'gte': -33.719, 'lte': -33.719}",54.173958333333324,-33.719,g DECam SDSS c0001 4720.0 1520.0,None,,1500.0,0,2015-11-11,2015-11-11T01:41:52.333549+0000,[7313],Munoz,2015B-0602,2017-05-03,decam,ct4m,ct,,object,NGC1399_t2_d11,stacked,dqmask,,2015-11-10,[None]
2020-11-19T03:44:41.454106+0000,62831907f55e8e277f628b1a08408dbf,5814720,/data_local/images/DTS/2015B-0602/DECam_00492138.fits.fz,/net/archive/pipeline/Q20151115/DEC15B/20151109/c4d_151112_013811_ose_g_v1.fits.fz,1.32,"{'gte': 52.126875, 'lte': 52.126875}","{'gte': -33.059083333333334, 'lte': -33.059083333333334}",52.126875,-33.059083333333334,g DECam SDSS c0001 4720.0 1520.0,None,,75.0,0,2015-11-12,2015-11-12T01:37:15.054087+0000,[7313],Munoz,2015B-0602,2017-05-04,decam,ct4m,ct,,object,NGC1399_t10_d1_short,stacked,expmap,,2015-11-11,[None]
2020-11-19T07:42:25.140370+0000,7f3e7cccaa521cf1e9099c7b215f445b,376344000,/data_local/images/DTS/2015B-0602/DECam_00491814.fits.fz,/net/archive/pipeline/Q20151115/DEC15B/20151109/c4d_151111_013644_osi_g_v1.fits.fz,1.38,"{'gte': 54.55741666666666, 'lte': 54.55741666666666}","{'gte': -35.525444444444446, 'lte': -35.525444444444446}",54.55741666666666,-35.525444444444446,g DECam SDSS c0001 4720.0 1520.0,None,,360.0,0,2015-11-11,2015-11-11T01:35:24.815051+0000,[7313],Munoz,2015B-0602,2017-05-03,decam,ct4m,ct,,object,NGC1399_t1_d11_short,stacked,image,,2015-11-10,[None]
2020-11-19T13:17:07.544480+0000,9449cade5a1844c560ad0e3cf7599b99,4484160,/data_local/images/DTS/2015B-0602/DECam_00492131.fits.fz,/net/archive/pipeline/Q20151115/DEC15B/20151109/c4d_151112_013308_ose_g_v1.fits.fz,1.34,"{'gte': 52.49383333333333, 'lte': 52.49383333333333}","{'gte': -34.86688888888889, 'lte': -34.86688888888889}",52.49383333333333,-34.86688888888889,g DECam SDSS c0001 4720.0 1520.0,None,,60.0,0,2015-11-12,2015-11-12T01:32:09.884102+0000,[7313],Munoz,2015B-0602,2017-05-04,decam,ct4m,ct,,object,NGC1399_t3_d1_short,stacked,expmap,,2015-11-11,[None]
2021-06-27T21:27:11.811273+0000,7acd350ef30269ab6a9a1f8f006a9c01,377475840,/data_local/images/DTS/2015B-0602/DECam_00492036.fits.fz,/net/archive/pipe/20151111/ct4m/2015B-0602/c4d_151112_003014_osi_i_NGFS.fits.fz,1.87,"{'gte': 55.863375, 'lte': 55.863375}","{'gte': -32.57055555555556, 'lte': -32.57055555555556}",55.863375,-32.57055555555556,i DECam SDSS c0003 7835.0 1470.0,None,,50.0,0,2015-11-12,2015-11-12T00:29:20.284841+0000,[7313],Munoz,2015B-0602,2017-05-04,decam,ct4m,ct,,object,NGC1399_t8_d2_short,stacked,image,,2015-11-11,[None]
2020-11-19T13:17:43.019386+0000,5131e216da9d1e2d947f8ea97b06fbcd,375125760,/data_local/images/DTS/2015B-0602/DECam_00492052.fits.fz,/net/archive/pipeline/Q20151115/DEC15B/20151109/c4d_151112_004048_osj_i_v1.fits.fz,1.63,"{'gte': 52.88358333333333, 'lte': 52.88358333333333}","{'gte': -36.67366666666666, 'lte': -36.67366666666666}",52.88358333333333,-36.67366666666666,i DECam SDSS c0003 7835.0 1470.0,None,,40.0,0,2015-11-12,2015-11-12T00:39:54.251608+0000,[7313],Munoz,2015B-0602,2017-05-04,decam,ct4m,ct,,object,NGC1399_t4_d3_short,stacked,image1,,2015-11-11,[None]
2020-11-19T07:42:24.845260+0000,9a419aa258ad5a8bf9e0f3ff62a348b4,14279040,/data_local/images/DTS/2015B-0602/DECam_00491815.fits.fz,/net/archive/pipeline/Q20151115/DEC15B/20151109/c4d_151111_014213_ose_g_v1.fits.fz,1.37,"{'gte': 54.55666666666666, 'lte': 54.55666666666666}","{'gte': -35.52919444444444, 'lte': -35.52919444444444}",54.55666666666666,-35.52919444444444,g DECam SDSS c0001 4720.0 1520.0,None,,1500.0,0,2015-11-11,2015-11-11T01:36:23.527746+0000,[7313],Munoz,2015B-0602,2017-05-03,decam,ct4m,ct,,object,NGC1399_t1_d11,stacked,expmap,,2015-11-10,[None]
2020-11-19T04:39:36.378626+0000,00212e5b8e1e6347d275b60d822a41d2,338762880,/data_local/images/DTS/2015B-0602/DECam_00492029.fits.fz,/net/archive/pipeline/Q20151119/DEC15B/20151109/c4d_151112_002545_osw_i_v1.fits.fz,1.82,"{'gte': 54.55358333333332, 'lte': 54.55358333333332}","{'gte': -35.52280555555556, 'lte': -35.52280555555556}",54.55358333333332,-35.52280555555556,i DECam SDSS c0003 7835.0 1470.0,None,,140.0,0,2015-11-12,2015-11-12T00:24:53.620476+0000,[7313],Munoz,2015B-0602,2017-05-04,decam,ct4m,ct,,object,NGC1399_t1_d2_short,stacked,wtmap,,2015-11-11,[None]
2021-06-03T08:32:52.470361+0000,0ca57721465ce8a55d92c7f5f756c00a,373104000,/data_local/images/DTS/2015B-0602/DECam_00492145.fits.fz,/net/archive/pipe/20151111/ct4m/2015B-0602/c4d_151112_014319_osj_g_NGFS.fits.fz,1.4,"{'gte': 58.700958333333325, 'lte': 58.700958333333325}","{'gte': -36.97827777777778, 'lte': -36.97827777777778}",58.700958333333325,-36.97827777777778,g DECam SDSS c0001 4720.0 1520.0,None,,55.0,0,2015-11-12,2015-11-12T01:42:20.195253+0000,[7313],Munoz,2015B-0602,2017-05-04,decam,ct4m,ct,,object,NGC1399_t17_d1_short,stacked,image1,,2015-11-11,[None]
2020-11-19T13:17:02.639437+0000,0e0ed9744e07cdb1b1c710a98a0ab459,373527360,/data_local/images/DTS/2015B-0602/DECam_00491815.fits.fz,/net/archive/pipeline/Q20151115/DEC15B/20151109/c4d_151111_014213_osj_g_v1.fits.fz,1.37,"{'gte': 54.55666666666666, 'lte': 54.55666666666666}","{'gte': -35.52919444444444, 'lte': -35.52919444444444}",54.55666666666666,-35.52919444444444,g DECam SDSS c0001 4720.0 1520.0,None,,1500.0,0,2015-11-11,2015-11-11T01:36:23.527746+0000,[7313],Munoz,2015B-0602,2017-05-03,decam,ct4m,ct,,object,NGC1399_t1_d11,stacked,image1,,2015-11-10,[None]
2020-11-19T13:18:01.570606+0000,5aba3c08532ad8a8f1fb126b8f598b80,300545280,/data_local/images/DTS/2015B-0602/DECam_00491802.fits.fz,/net/archive/pipeline/Q20151119/DEC15B/20151109/c4d_151111_003848_osw_i_v1.fits.fz,1.86,"{'gte': 56.25449999999999, 'lte': 56.25449999999999}","{'gte': -34.365833333333335, 'lte': -34.365833333333335}",56.25449999999999,-34.365833333333335,i DECam SDSS c0003 7835.0 1470.0,None,,600.0,0,2015-11-11,2015-11-11T00:32:58.563628+0000,[7313],Munoz,2015B-0602,2017-05-03,decam,ct4m,ct,,object,NGC1399_t7_d8,stacked,wtmap,,2015-11-10,[None]
2020-11-19T13:17:24.182105+0000,9d45d2a4da183d44cff97715e69ff65e,378699840,/data_local/images/DTS/2015B-0602/DECam_00492029.fits.fz,/net/archive/pipeline/Q20151115/DEC15B/20151109/c4d_151112_002545_osi_i_v1.fits.fz,1.82,"{'gte': 54.55358333333332, 'lte': 54.55358333333332}","{'gte': -35.52280555555556, 'lte': -35.52280555555556}",54.55358333333332,-35.52280555555556,i DECam SDSS c0003 7835.0 1470.0,None,,140.0,0,2015-11-12,2015-11-12T00:24:53.620476+0000,[7313],Munoz,2015B-0602,2017-05-04,decam,ct4m,ct,,object,NGC1399_t1_d2_short,stacked,image,,2015-11-11,[None]
2020-11-19T13:17:59.959844+0000,587926277e038d41801ebd382d288776,333417600,/data_local/images/DTS/2015B-0602/DECam_00492064.fits.fz,/net/archive/pipeline/Q20151119/DEC15B/20151109/c4d_151112_004831_osw_i_v1.fits.fz,1.68,"{'gte': 57.02558333333332, 'lte': 57.02558333333332}","{'gte': -37.993805555555554, 'lte': -37.993805555555554}",57.02558333333332,-37.993805555555554,i DECam SDSS c0003 7835.0 1470.0,None,,40.0,0,2015-11-12,2015-11-12T00:47:37.207936+0000,[7313],Munoz,2015B-0602,2017-05-04,decam,ct4m,ct,,object,NGC1399_t16_d3_short,stacked,wtmap,,2015-11-11,[None]
2021-06-02T14:51:55.362423+0000,9c0cdf8c14773a551740eac00d0192da,375805440,/data_local/images/DTS/2015B-0602/DECam_00492206.fits.fz,/net/archive/pipe/20151111/ct4m/2015B-0602/c4d_151112_022825_osj_g_NGFS.fits.fz,1.22,"{'gte': 58.31737499999999, 'lte': 58.31737499999999}","{'gte': -35.186388888888885, 'lte': -35.186388888888885}",58.31737499999999,-35.186388888888885,g DECam SDSS c0001 4720.0 1520.0,None,,40.0,0,2015-11-12,2015-11-12T02:27:24.928915+0000,[7313],Munoz,2015B-0602,2017-05-04,decam,ct4m,ct,,object,NGC1399_t18_d4_short,stacked,image1,,2015-11-11,[None]
2020-11-19T13:17:10.730587+0000,6e7beaa65d1f813730934e28c2fea5ba,13478400,/data_local/images/DTS/2015B-0602/DECam_00491825.fits.fz,/net/archive/pipeline/Q20151115/DEC15B/20151109/c4d_151111_022537_ose_g_v1.fits.fz,1.24,"{'gte': 56.635458333333325, 'lte': 56.635458333333325}","{'gte': -36.190527777777774, 'lte': -36.190527777777774}",56.635458333333325,-36.190527777777774,g DECam SDSS c0001 4720.0 1520.0,None,,1500.0,0,2015-11-11,2015-11-11T02:19:47.373664+0000,[7313],Munoz,2015B-0602,2017-05-03,decam,ct4m,ct,,object,NGC1399_t6_d11,stacked,expmap,,2015-11-10,[None]
2020-11-19T07:53:57.890138+0000,03e43ac652b089f0f9527a0dcc99534c,803520,/data_local/images/DTS/2015B-0602/DECam_00492053.fits.fz,/net/archive/pipeline/Q20151115/DEC15B/20151109/c4d_151112_004128_osd_i_v1.fits.fz,1.68,"{'gte': 54.94424999999999, 'lte': 54.94424999999999}","{'gte': -37.33133333333333, 'lte': -37.33133333333333}",54.94424999999999,-37.33133333333333,i DECam SDSS c0003 7835.0 1470.0,None,,40.0,0,2015-11-12,2015-11-12T00:40:33.705025+0000,[7313],Munoz,2015B-0602,2017-05-04,decam,ct4m,ct,,object,NGC1399_t5_d3_short,stacked,dqmask,,2015-11-11,[None]
2020-11-19T13:17:14.815635+0000,10aaf45c496d1c2d37cb0c953e260892,371603520,/data_local/images/DTS/2015B-0602/DECam_00491825.fits.fz,/net/archive/pipeline/Q20151115/DEC15B/20151109/c4d_151111_022537_osj_g_v1.fits.fz,1.24,"{'gte': 56.635458333333325, 'lte': 56.635458333333325}","{'gte': -36.190527777777774, 'lte': -36.190527777777774}",56.635458333333325,-36.190527777777774,g DECam SDSS c0001 4720.0 1520.0,None,,1500.0,0,2015-11-11,2015-11-11T02:19:47.373664+0000,[7313],Munoz,2015B-0602,2017-05-03,decam,ct4m,ct,,object,NGC1399_t6_d11,stacked,image1,,2015-11-10,[None]
2020-11-19T13:17:01.472629+0000,12aad271e1490dba1f51f4b93c877c62,5892480,/data_local/images/DTS/2015B-0602/DECam_00492140.fits.fz,/net/archive/pipeline/Q20151115/DEC15B/20151109/c4d_151112_013936_ose_g_v1.fits.fz,1.28,"{'gte': 50.77808333333333, 'lte': 50.77808333333333}","{'gte': -36.01463888888889, 'lte': -36.01463888888889}",50.77808333333333,-36.01463888888889,g DECam SDSS c0001 4720.0 1520.0,None,,75.0,0,2015-11-12,2015-11-12T01:38:39.687116+0000,[7313],Munoz,2015B-0602,2017-05-04,decam,ct4m,ct,,object,NGC1399_t12_d1_short,stacked,expmap,,2015-11-11,[None]
2021-06-02T15:19:46.597332+0000,a02c0ba6258c5d5e2e6322cee60afd3b,8530560,/data_local/images/DTS/2015B-0602/DECam_00492140.fits.fz,/net/archive/pipe/20151111/ct4m/2015B-0602/c4d_151112_013936_ose_g_NGFS.fits.fz,1.28,"{'gte': 50.78345833333333, 'lte': 50.78345833333333}","{'gte': -36.01463888888889, 'lte': -36.01463888888889}",50.78345833333333,-36.01463888888889,g DECam SDSS c0001 4720.0 1520.0,None,,70.0,0,2015-11-12,2015-11-12T01:38:39.687116+0000,[7313],Munoz,2015B-0602,2017-05-04,decam,ct4m,ct,,object,NGC1399_t12_d1_short,stacked,expmap,,2015-11-11,[None]
2021-06-03T06:17:19.143916+0000,1441a5757111ec01757a22d0bf459d9d,377959680,/data_local/images/DTS/2015B-0602/DECam_00492147.fits.fz,/net/archive/pipe/20151111/ct4m/2015B-0602/c4d_151112_014443_osj_g_NGFS.fits.fz,1.39,"{'gte': 57.92679166666667, 'lte': 57.92679166666667}","{'gte': -33.3775, 'lte': -33.3775}",57.92679166666667,-33.3775,g DECam SDSS c0001 4720.0 1520.0,None,,70.0,0,2015-11-12,2015-11-12T01:43:45.194746+0000,[7313],Munoz,2015B-0602,2017-05-04,decam,ct4m,ct,,object,NGC1399_t19_d1_short,stacked,image1,,2015-11-11,[None]
2021-06-27T21:26:37.487172+0000,42c2e84398a5b955fa4c493ed81c182e,19126080,/data_local/images/DTS/2015B-0602/DECam_00492023.fits.fz,/net/archive/pipe/20151111/ct4m/2015B-0602/c4d_151112_002133_ose_i_NGFS.fits.fz,1.84,"{'gte': 55.32375, 'lte': 55.32375}","{'gte': -39.14011111111111, 'lte': -39.14011111111111}",55.32375,-39.14011111111111,i DECam SDSS c0003 7835.0 1470.0,None,,60.0,0,2015-11-12,2015-11-12T00:20:40.312831+0000,[7313],Munoz,2015B-0602,2017-05-04,decam,ct4m,ct,,object,NGC1399_t15_d1_short,stacked,expmap,,2015-11-11,[None]
2021-06-02T15:20:24.889951+0000,b70077d377267464225d6ee6f9c902c3,379226880,/data_local/images/DTS/2015B-0602/DECam_00492139.fits.fz,/net/archive/pipe/20151111/ct4m/2015B-0602/c4d_151112_013854_osj_g_NGFS.fits.fz,1.29,"{'gte': 50.44383333333332, 'lte': 50.44383333333332}","{'gte': -34.206027777777784, 'lte': -34.206027777777784}",50.44383333333332,-34.206027777777784,g DECam SDSS c0001 4720.0 1520.0,None,,85.0,0,2015-11-12,2015-11-12T01:37:57.241451+0000,[7313],Munoz,2015B-0602,2017-05-04,decam,ct4m,ct,,object,NGC1399_t11_d1_short,stacked,image1,,2015-11-11,[None]
2021-06-27T21:26:33.673920+0000,1852d4dab57221ea59e9c1a5c961c736,381087360,/data_local/images/DTS/2015B-0602/DECam_00492030.fits.fz,/net/archive/pipe/20151111/ct4m/2015B-0602/c4d_151112_002628_osi_i_NGFS.fits.fz,1.82,"{'gte': 54.17049999999999, 'lte': 54.17049999999999}","{'gte': -33.71072222222222, 'lte': -33.71072222222222}",54.17049999999999,-33.71072222222222,i DECam SDSS c0003 7835.0 1470.0,None,,90.0,0,2015-11-12,2015-11-12T00:25:30.993999+0000,[7313],Munoz,2015B-0602,2017-05-04,decam,ct4m,ct,,object,NGC1399_t2_d2_short,stacked,image,,2015-11-11,[None]
2020-11-19T13:17:31.053734+0000,684c5c5675a0ef243bbb3ef2fd5179d8,371577600,/data_local/images/DTS/2015B-0602/DECam_00491825.fits.fz,/net/archive/pipeline/Q20151115/DEC15B/20151109/c4d_151111_022537_osi_g_v1.fits.fz,1.24,"{'gte': 56.635458333333325, 'lte': 56.635458333333325}","{'gte': -36.190527777777774, 'lte': -36.190527777777774}",56.635458333333325,-36.190527777777774,g DECam SDSS c0001 4720.0 1520.0,None,,1500.0,0,2015-11-11,2015-11-11T02:19:47.373664+0000,[7313],Munoz,2015B-0602,2017-05-03,decam,ct4m,ct,,object,NGC1399_t6_d11,stacked,image,,2015-11-10,[None]
2020-11-19T08:54:27.549092+0000,1a5c63ee15edb24582fceb580024f1ee,374667840,/data_local/images/DTS/2015B-0602/DECam_00492053.fits.fz,/net/archive/pipeline/Q20151115/DEC15B/20151109/c4d_151112_004128_osi_i_v1.fits.fz,1.68,"{'gte': 54.94424999999999, 'lte': 54.94424999999999}","{'gte': -37.33133333333333, 'lte': -37.33133333333333}",54.94424999999999,-37.33133333333333,i DECam SDSS c0003 7835.0 1470.0,None,,40.0,0,2015-11-12,2015-11-12T00:40:33.705025+0000,[7313],Munoz,2015B-0602,2017-05-04,decam,ct4m,ct,,object,NGC1399_t5_d3_short,stacked,image,,2015-11-11,[None]
2020-11-19T00:33:41.201600+0000,1baec6fc8b92bd37af1b21c67158d83b,4075200,/data_local/images/DTS/2015B-0602/DECam_00492052.fits.fz,/net/archive/pipeline/Q20151115/DEC15B/20151109/c4d_151112_004048_ose_i_v1.fits.fz,1.63,"{'gte': 52.88358333333333, 'lte': 52.88358333333333}","{'gte': -36.67366666666666, 'lte': -36.67366666666666}",52.88358333333333,-36.67366666666666,i DECam SDSS c0003 7835.0 1470.0,None,,40.0,0,2015-11-12,2015-11-12T00:39:54.251608+0000,[7313],Munoz,2015B-0602,2017-05-04,decam,ct4m,ct,,object,NGC1399_t4_d3_short,stacked,expmap,,2015-11-11,[None]
2020-11-19T13:17:01.134449+0000,0200b0d51de609a0ba1b40c6bd3df79e,777600,/data_local/images/DTS/2015B-0602/DECam_00492138.fits.fz,/net/archive/pipeline/Q20151115/DEC15B/20151109/c4d_151112_013811_osd_g_v1.fits.fz,1.32,"{'gte': 52.126875, 'lte': 52.126875}","{'gte': -33.059083333333334, 'lte': -33.059083333333334}",52.126875,-33.059083333333334,g DECam SDSS c0001 4720.0 1520.0,None,,75.0,0,2015-11-12,2015-11-12T01:37:15.054087+0000,[7313],Munoz,2015B-0602,2017-05-04,decam,ct4m,ct,,object,NGC1399_t10_d1_short,stacked,dqmask,,2015-11-11,[None]
2020-11-19T00:56:28.758311+0000,02cdfdd46db9efc67f532f99a8d58771,7441920,/data_local/images/DTS/2015B-0602/DECam_00492039.fits.fz,/net/archive/pipeline/Q20151115/DEC15B/20151109/c4d_151112_003205_ose_i_v1.fits.fz,1.64,"{'gte': 50.4435, 'lte': 50.4435}","{'gte': -34.205194444444444, 'lte': -34.205194444444444}",50.4435,-34.205194444444444,i DECam SDSS c0003 7835.0 1470.0,None,,50.0,0,2015-11-12,2015-11-12T00:31:13.196222+0000,[7313],Munoz,2015B-0602,2017-05-04,decam,ct4m,ct,,object,NGC1399_t11_d2_short,stacked,expmap,,2015-11-11,[None]
2021-06-03T07:18:53.848255+0000,6551f101ea83b38c51fe64646c349a10,12329280,/data_local/images/DTS/2015B-0602/DECam_00492131.fits.fz,/net/archive/pipe/20151111/ct4m/2015B-0602/c4d_151112_013308_ose_g_NGFS.fits.fz,1.34,"{'gte': 52.49683333333333, 'lte': 52.49683333333333}","{'gte': -34.86691666666667, 'lte': -34.86691666666667}",52.49683333333333,-34.86691666666667,g DECam SDSS c0001 4720.0 1520.0,None,,85.0,0,2015-11-12,2015-11-12T01:32:09.884102+0000,[7313],Munoz,2015B-0602,2017-05-04,decam,ct4m,ct,,object,NGC1399_t3_d1_short,stacked,expmap,,2015-11-11,[None]
2021-06-27T21:30:03.673718+0000,bbdf4c0ced7eebea7b0d793bd15a4208,1071360,/data_local/images/DTS/2015B-0602/DECam_00492066.fits.fz,/net/archive/pipe/20151111/ct4m/2015B-0602/c4d_151112_004950_osd_i_NGFS.fits.fz,1.74,"{'gte': 58.317541666666656, 'lte': 58.317541666666656}","{'gte': -35.19391666666667, 'lte': -35.19391666666667}",58.317541666666656,-35.19391666666667,i DECam SDSS c0003 7835.0 1470.0,None,,40.0,0,2015-11-12,2015-11-12T00:48:51.719167+0000,[7313],Munoz,2015B-0602,2017-05-04,decam,ct4m,ct,,object,NGC1399_t18_d3_short,stacked,dqmask,,2015-11-11,[None]
2020-11-19T13:17:20.115420+0000,07b2425cb7e4b264315b7f25bf375b90,768960,/data_local/images/DTS/2015B-0602/DECam_00492045.fits.fz,/net/archive/pipeline/Q20151115/DEC15B/20151109/c4d_151112_003559_osd_i_v1.fits.fz,1.86,"{'gte': 58.700999999999986, 'lte': 58.700999999999986}","{'gte': -36.97752777777778, 'lte': -36.97752777777778}",58.700999999999986,-36.97752777777778,i DECam SDSS c0003 7835.0 1470.0,None,,50.0,0,2015-11-12,2015-11-12T00:35:06.289790+0000,[7313],Munoz,2015B-0602,2017-05-04,decam,ct4m,ct,,object,NGC1399_t17_d2_short,stacked,dqmask,,2015-11-11,[None]
2020-11-19T13:17:26.749093+0000,01b21894fa4ad43cf385141696f8a1e8,806400,/data_local/images/DTS/2015B-0602/DECam_00492062.fits.fz,/net/archive/pipeline/Q20151115/DEC15B/20151109/c4d_151112_004712_osd_i_v1.fits.fz,1.58,"{'gte': 53.268583333333325, 'lte': 53.268583333333325}","{'gte': -38.486333333333334, 'lte': -38.486333333333334}",53.268583333333325,-38.486333333333334,i DECam SDSS c0003 7835.0 1470.0,None,,40.0,0,2015-11-12,2015-11-12T00:46:17.214590+0000,[7313],Munoz,2015B-0602,2017-05-04,decam,ct4m,ct,,object,NGC1399_t14_d3_short,stacked,dqmask,,2015-11-11,[None]
2020-11-19T13:16:59.771138+0000,83a29a04c0d22e1805e36c7ccab5c0dd,372801600,/data_local/images/DTS/2015B-0602/DECam_00491818.fits.fz,/net/archive/pipeline/Q20151115/DEC15B/20151109/c4d_151111_015841_osj_g_v1.fits.fz,1.28,"{'gte': 52.88291666666666, 'lte': 52.88291666666666}","{'gte': -36.68116666666666, 'lte': -36.68116666666666}",52.88291666666666,-36.68116666666666,g DECam SDSS c0001 4720.0 1520.0,None,,1800.0,0,2015-11-11,2015-11-11T01:52:48.701463+0000,[7313],Munoz,2015B-0602,2017-05-03,decam,ct4m,ct,,object,NGC1399_t4_d11,stacked,image1,,2015-11-10,[None]
2020-11-19T07:42:25.082508+0000,51b19abe8997d78052131a5ae450a576,373518720,/data_local/images/DTS/2015B-0602/DECam_00492146.fits.fz,/net/archive/pipeline/Q20151115/DEC15B/20151109/c4d_151112_014400_osi_g_v1.fits.fz,1.39,"{'gte': 58.31233333333333, 'lte': 58.31233333333333}","{'gte': -35.183388888888885, 'lte': -35.183388888888885}",58.31233333333333,-35.183388888888885,g DECam SDSS c0001 4720.0 1520.0,None,,60.0,0,2015-11-12,2015-11-12T01:43:03.261737+0000,[7313],Munoz,2015B-0602,2017-05-04,decam,ct4m,ct,,object,NGC1399_t18_d1_short,stacked,image,,2015-11-11,[None]
2020-11-19T13:18:02.948613+0000,5172647fe9270cc88cf8e912246ab76f,335355840,/data_local/images/DTS/2015B-0602/DECam_00491814.fits.fz,/net/archive/pipeline/Q20151119/DEC15B/20151109/c4d_151111_013644_osw_g_v1.fits.fz,1.38,"{'gte': 54.55741666666666, 'lte': 54.55741666666666}","{'gte': -35.525444444444446, 'lte': -35.525444444444446}",54.55741666666666,-35.525444444444446,g DECam SDSS c0001 4720.0 1520.0,None,,360.0,0,2015-11-11,2015-11-11T01:35:24.815051+0000,[7313],Munoz,2015B-0602,2017-05-03,decam,ct4m,ct,,object,NGC1399_t1_d11_short,stacked,wtmap,,2015-11-10,[None]
2020-11-19T04:39:35.994629+0000,076421e6fdfed122be69f844ce2a584a,377112960,/data_local/images/DTS/2015B-0602/DECam_00492041.fits.fz,/net/archive/pipeline/Q20151115/DEC15B/20151109/c4d_151112_003327_osj_i_v1.fits.fz,1.62,"{'gte': 51.128874999999994, 'lte': 51.128874999999994}","{'gte': -37.820972222222224, 'lte': -37.820972222222224}",51.128874999999994,-37.820972222222224,i DECam SDSS c0003 7835.0 1470.0,None,,50.0,0,2015-11-12,2015-11-12T00:32:30.241658+0000,[7313],Munoz,2015B-0602,2017-05-04,decam,ct4m,ct,,object,NGC1399_t13_d2_short,stacked,image1,,2015-11-11,[None]
2020-11-19T13:18:01.578112+0000,09c288c65a9ca2360054a9008d2a524b,330779520,/data_local/images/DTS/2015B-0602/DECam_00491815.fits.fz,/net/archive/pipeline/Q20151119/DEC15B/20151109/c4d_151111_014213_osw_g_v1.fits.fz,1.37,"{'gte': 54.55666666666666, 'lte': 54.55666666666666}","{'gte': -35.52919444444444, 'lte': -35.52919444444444}",54.55666666666666,-35.52919444444444,g DECam SDSS c0001 4720.0 1520.0,None,,1500.0,0,2015-11-11,2015-11-11T01:36:23.527746+0000,[7313],Munoz,2015B-0602,2017-05-03,decam,ct4m,ct,,object,NGC1399_t1_d11,stacked,wtmap,,2015-11-10,[None]
2020-11-19T04:39:35.242280+0000,4f6918ec1d4bee459c9161e446a0a849,5388480,/data_local/images/DTS/2015B-0602/DECam_00491800.fits.fz,/net/archive/pipeline/Q20151115/DEC15B/20151109/c4d_151111_002750_ose_i_v1.fits.fz,1.88,"{'gte': 54.938874999999996, 'lte': 54.938874999999996}","{'gte': -37.33408333333333, 'lte': -37.33408333333333}",54.938874999999996,-37.33408333333333,i DECam SDSS c0003 7835.0 1470.0,None,,600.0,0,2015-11-11,2015-11-11T00:22:00.769496+0000,[7313],Munoz,2015B-0602,2017-05-03,decam,ct4m,ct,,object,NGC1399_t5_d8,stacked,expmap,,2015-11-10,[None]
2020-11-19T13:17:13.434573+0000,5175266fb16a49761dc6afea396ebbbe,376064640,/data_local/images/DTS/2015B-0602/DECam_00492133.fits.fz,/net/archive/pipeline/Q20151115/DEC15B/20151109/c4d_151112_013435_osj_g_v1.fits.fz,1.37,"{'gte': 54.94154166666666, 'lte': 54.94154166666666}","{'gte': -37.334, 'lte': -37.334}",54.94154166666666,-37.334,g DECam SDSS c0001 4720.0 1520.0,None,,75.0,0,2015-11-12,2015-11-12T01:33:37.143157+0000,[7313],Munoz,2015B-0602,2017-05-04,decam,ct4m,ct,,object,NGC1399_t5_d1_short,stacked,image1,,2015-11-11,[None]
2020-11-19T07:42:26.699494+0000,186387efa467373ceafa4a3915fd5d34,1192320,/data_local/images/DTS/2015B-0602/DECam_00491802.fits.fz,/net/archive/pipeline/Q20151115/DEC15B/20151109/c4d_151111_003848_osd_i_v1.fits.fz,1.86,"{'gte': 56.25449999999999, 'lte': 56.25449999999999}","{'gte': -34.365833333333335, 'lte': -34.365833333333335}",56.25449999999999,-34.365833333333335,i DECam SDSS c0003 7835.0 1470.0,None,,600.0,0,2015-11-11,2015-11-11T00:32:58.563628+0000,[7313],Munoz,2015B-0602,2017-05-03,decam,ct4m,ct,,object,NGC1399_t7_d8,stacked,dqmask,,2015-11-10,[None]
2020-11-19T13:17:17.966503+0000,8311f5d1a76c913a026ba8cc5b83d28d,373478400,/data_local/images/DTS/2015B-0602/DECam_00491815.fits.fz,/net/archive/pipeline/Q20151115/DEC15B/20151109/c4d_151111_014213_osi_g_v1.fits.fz,1.37,"{'gte': 54.55666666666666, 'lte': 54.55666666666666}","{'gte': -35.52919444444444, 'lte': -35.52919444444444}",54.55666666666666,-35.52919444444444,g DECam SDSS c0001 4720.0 1520.0,None,,1500.0,0,2015-11-11,2015-11-11T01:36:23.527746+0000,[7313],Munoz,2015B-0602,2017-05-03,decam,ct4m,ct,,object,NGC1399_t1_d11,stacked,image,,2015-11-10,[None]
2020-11-19T07:42:28.465715+0000,16f0b262bfb6049d6c4a90d864c2239d,335240640,/data_local/images/DTS/2015B-0602/DECam_00492133.fits.fz,/net/archive/pipeline/Q20151119/DEC15B/20151109/c4d_151112_013435_osw_g_v1.fits.fz,1.37,"{'gte': 54.94154166666666, 'lte': 54.94154166666666}","{'gte': -37.334, 'lte': -37.334}",54.94154166666666,-37.334,g DECam SDSS c0001 4720.0 1520.0,None,,75.0,0,2015-11-12,2015-11-12T01:33:37.143157+0000,[7313],Munoz,2015B-0602,2017-05-04,decam,ct4m,ct,,object,NGC1399_t5_d1_short,stacked,wtmap,,2015-11-11,[None]
2020-11-19T13:17:36.464955+0000,8e12a9f9ac399c487aacff86d2926c11,373628160,/data_local/images/DTS/2015B-0602/DECam_00491806.fits.fz,/net/archive/pipeline/Q20151115/DEC15B/20151109/c4d_151111_005628_osi_i_v1.fits.fz,1.64,"{'gte': 54.16629166666666, 'lte': 54.16629166666666}","{'gte': -33.71791666666667, 'lte': -33.71791666666667}",54.16629166666666,-33.71791666666667,i DECam SDSS c0003 7835.0 1470.0,None,,1200.0,0,2015-11-11,2015-11-11T00:50:40.768977+0000,[7313],Munoz,2015B-0602,2017-05-03,decam,ct4m,ct,,object,NGC1399_t2_d9,stacked,image,,2015-11-10,[None]
2020-11-19T13:17:08.201012+0000,4583ef3979115d97dc578d7fda90e2e4,372516480,/data_local/images/DTS/2015B-0602/DECam_00491817.fits.fz,/net/archive/pipeline/Q20151115/DEC15B/20151109/c4d_151111_015310_osj_g_v1.fits.fz,1.29,"{'gte': 52.499624999999995, 'lte': 52.499624999999995}","{'gte': -34.87175, 'lte': -34.87175}",52.499624999999995,-34.87175,g DECam SDSS c0001 4720.0 1520.0,None,,1500.0,0,2015-11-11,2015-11-11T01:47:20.199437+0000,[7313],Munoz,2015B-0602,2017-05-03,decam,ct4m,ct,,object,NGC1399_t3_d11,stacked,image1,,2015-11-10,[None]
2020-11-19T13:17:22.456536+0000,5539ffe376d5911d92995d3a4befe67e,377311680,/data_local/images/DTS/2015B-0602/DECam_00492036.fits.fz,/net/archive/pipeline/Q20151115/DEC15B/20151109/c4d_151112_003014_osi_i_v1.fits.fz,1.87,"{'gte': 55.863375, 'lte': 55.863375}","{'gte': -32.56480555555555, 'lte': -32.56480555555555}",55.863375,-32.56480555555555,i DECam SDSS c0003 7835.0 1470.0,None,,50.0,0,2015-11-12,2015-11-12T00:29:20.284841+0000,[7313],Munoz,2015B-0602,2017-05-04,decam,ct4m,ct,,object,NGC1399_t8_d2_short,stacked,image,,2015-11-11,[None]
2020-11-19T13:18:02.960105+0000,4c0120da05736e81070ee97e83b67386,335113920,/data_local/images/DTS/2015B-0602/DECam_00492136.fits.fz,/net/archive/pipeline/Q20151119/DEC15B/20151109/c4d_151112_013644_osw_g_v1.fits.fz,1.39,"{'gte': 55.86520833333333, 'lte': 55.86520833333333}","{'gte': -32.56641666666666, 'lte': -32.56641666666666}",55.86520833333333,-32.56641666666666,g DECam SDSS c0001 4720.0 1520.0,None,,75.0,0,2015-11-12,2015-11-12T01:35:44.998665+0000,[7313],Munoz,2015B-0602,2017-05-04,decam,ct4m,ct,,object,NGC1399_t8_d1_short,stacked,wtmap,,2015-11-11,[None]
2020-11-19T13:17:02.112675+0000,92464459a4c3e200631bbbf68bc45e27,4596480,/data_local/images/DTS/2015B-0602/DECam_00492130.fits.fz,/net/archive/pipeline/Q20151115/DEC15B/20151109/c4d_151112_013224_ose_g_v1.fits.fz,1.38,"{'gte': 54.169374999999995, 'lte': 54.169374999999995}","{'gte': -33.713750000000005, 'lte': -33.713750000000005}",54.169374999999995,-33.713750000000005,g DECam SDSS c0001 4720.0 1520.0,None,,60.0,0,2015-11-12,2015-11-12T01:31:27.004801+0000,[7313],Munoz,2015B-0602,2017-05-04,decam,ct4m,ct,,object,NGC1399_t2_d1_short,stacked,expmap,,2015-11-11,[None]
2020-11-19T13:17:08.496475+0000,0cc45d3cfcc1408af97c3fb3ece2ff15,5909760,/data_local/images/DTS/2015B-0602/DECam_00492144.fits.fz,/net/archive/pipeline/Q20151115/DEC15B/20151109/c4d_151112_014238_ose_g_v1.fits.fz,1.37,"{'gte': 57.02329166666666, 'lte': 57.02329166666666}","{'gte': -37.99491666666667, 'lte': -37.99491666666667}",57.02329166666666,-37.99491666666667,g DECam SDSS c0001 4720.0 1520.0,None,,75.0,0,2015-11-12,2015-11-12T01:41:37.121785+0000,[7313],Munoz,2015B-0602,2017-05-04,decam,ct4m,ct,,object,NGC1399_t16_d1_short,stacked,expmap,,2015-11-11,[None]
2020-11-19T04:39:30.673536+0000,a84b8e9bf2cacbe29c45a6b31490988d,374022720,/data_local/images/DTS/2015B-0602/DECam_00492147.fits.fz,/net/archive/pipeline/Q20151115/DEC15B/20151109/c4d_151112_014443_osj_g_v1.fits.fz,1.39,"{'gte': 57.92674999999999, 'lte': 57.92674999999999}","{'gte': -33.374972222222226, 'lte': -33.374972222222226}",57.92674999999999,-33.374972222222226,g DECam SDSS c0001 4720.0 1520.0,None,,60.0,0,2015-11-12,2015-11-12T01:43:45.194746+0000,[7313],Munoz,2015B-0602,2017-05-04,decam,ct4m,ct,,object,NGC1399_t19_d1_short,stacked,image1,,2015-11-11,[None]
2021-06-27T21:32:06.997786+0000,879a8674d9e09dcfac6a9c2d12dc3b87,272756160,/data_local/images/DTS/2015B-0602/DECam_00492082.fits.fz,/net/archive/pipe/20151111/ct4m/2015B-0602/c4d_151112_010022_osw_i_NGFS.fits.fz,1.5,"{'gte': 53.26866666666666, 'lte': 53.26866666666666}","{'gte': -38.48252777777778, 'lte': -38.48252777777778}",53.26866666666666,-38.48252777777778,i DECam SDSS c0003 7835.0 1470.0,None,,40.0,0,2015-11-12,2015-11-12T00:59:26.954606+0000,[7313],Munoz,2015B-0602,2017-05-04,decam,ct4m,ct,,object,NGC1399_t14_d4_short,stacked,wtmap,,2015-11-11,[None]
2021-06-27T21:27:54.723218+0000,4e86dd2c6a8ca5f6e1f4628eeeda0077,378581760,/data_local/images/DTS/2015B-0602/DECam_00492039.fits.fz,/net/archive/pipe/20151111/ct4m/2015B-0602/c4d_151112_003205_osj_i_NGFS.fits.fz,1.64,"{'gte': 50.443458333333325, 'lte': 50.443458333333325}","{'gte': -34.202333333333335, 'lte': -34.202333333333335}",50.443458333333325,-34.202333333333335,i DECam SDSS c0003 7835.0 1470.0,None,,50.0,0,2015-11-12,2015-11-12T00:31:13.196222+0000,[7313],Munoz,2015B-0602,2017-05-04,decam,ct4m,ct,,object,NGC1399_t11_d2_short,stacked,image1,,2015-11-11,[None]
2020-11-19T13:16:48.883341+0000,0c2e62118060c7816cbc9f0c4116425f,375724800,/data_local/images/DTS/2015B-0602/DECam_00492132.fits.fz,/net/archive/pipeline/Q20151115/DEC15B/20151109/c4d_151112_013349_osi_g_v1.fits.fz,1.34,"{'gte': 52.87870833333333, 'lte': 52.87870833333333}","{'gte': -36.67547222222222, 'lte': -36.67547222222222}",52.87870833333333,-36.67547222222222,g DECam SDSS c0001 4720.0 1520.0,None,,75.0,0,2015-11-12,2015-11-12T01:32:52.173931+0000,[7313],Munoz,2015B-0602,2017-05-04,decam,ct4m,ct,,object,NGC1399_t4_d1_short,stacked,image,,2015-11-11,[None]
2020-11-19T13:17:59.986380+0000,277f9f1633a20ebd6f4f2603d1b94b1c,332775360,/data_local/images/DTS/2015B-0602/DECam_00491804.fits.fz,/net/archive/pipeline/Q20151119/DEC15B/20151109/c4d_151111_004956_osw_i_v1.fits.fz,1.57,"{'gte': 51.12783333333332, 'lte': 51.12783333333332}","{'gte': -37.820888888888895, 'lte': -37.820888888888895}",51.12783333333332,-37.820888888888895,i DECam SDSS c0003 7835.0 1470.0,None,,900.0,0,2015-11-11,2015-11-11T00:44:08.649448+0000,[7313],Munoz,2015B-0602,2017-05-03,decam,ct4m,ct,,object,NGC1399_t13_d8,stacked,wtmap,,2015-11-10,[None]
2020-11-19T13:17:53.525197+0000,8c62dcc92292fdaa9c908883ab95e890,1589760,/data_local/images/DTS/2015B-0602/DECam_00491800.fits.fz,/net/archive/pipeline/Q20151117/DEC15B/20151109/c4d_151111_002750_osd_i_v1.fits.fz,1.88,"{'gte': 54.938874999999996, 'lte': 54.938874999999996}","{'gte': -37.33408333333333, 'lte': -37.33408333333333}",54.938874999999996,-37.33408333333333,i DECam SDSS c0003 7835.0 1470.0,None,,600.0,0,2015-11-11,2015-11-11T00:22:00.769496+0000,[7313],Munoz,2015B-0602,2017-05-03,decam,ct4m,ct,,object,NGC1399_t5_d8,stacked,dqmask,,2015-11-10,[None]
2020-11-19T13:17:58.442284+0000,092d557095dab6a089eaf43fd6b67384,333524160,/data_local/images/DTS/2015B-0602/DECam_00492058.fits.fz,/net/archive/pipeline/Q20151119/DEC15B/20151109/c4d_151112_004440_osw_i_v1.fits.fz,1.61,"{'gte': 52.13054166666666, 'lte': 52.13054166666666}","{'gte': -33.05844444444444, 'lte': -33.05844444444444}",52.13054166666666,-33.05844444444444,i DECam SDSS c0003 7835.0 1470.0,None,,40.0,0,2015-11-12,2015-11-12T00:43:45.958604+0000,[7313],Munoz,2015B-0602,2017-05-04,decam,ct4m,ct,,object,NGC1399_t10_d3_short,stacked,wtmap,,2015-11-11,[None]
2020-11-19T07:53:55.047630+0000,0968e50073e67020252185fa21272fb3,7387200,/data_local/images/DTS/2015B-0602/DECam_00492035.fits.fz,/net/archive/pipeline/Q20151115/DEC15B/20151109/c4d_151112_002939_ose_i_v1.fits.fz,1.86,"{'gte': 56.25062499999999, 'lte': 56.25062499999999}","{'gte': -34.37477777777778, 'lte': -34.37477777777778}",56.25062499999999,-34.37477777777778,i DECam SDSS c0003 7835.0 1470.0,None,,50.0,0,2015-11-12,2015-11-12T00:28:42.210243+0000,[7313],Munoz,2015B-0602,2017-05-04,decam,ct4m,ct,,object,NGC1399_t7_d2_short,stacked,expmap,,2015-11-11,[None]
2021-06-27T21:32:00.675041+0000,8f01938b77f13b0072d83ac13de17b09,376329600,/data_local/images/DTS/2015B-0602/DECam_00492087.fits.fz,/net/archive/pipe/20151111/ct4m/2015B-0602/c4d_151112_010331_osj_i_NGFS.fits.fz,1.64,"{'gte': 57.92933333333333, 'lte': 57.92933333333333}","{'gte': -33.37936111111111, 'lte': -33.37936111111111}",57.92933333333333,-33.37936111111111,i DECam SDSS c0003 7835.0 1470.0,None,,40.0,0,2015-11-12,2015-11-12T01:02:39.865060+0000,[7313],Munoz,2015B-0602,2017-05-04,decam,ct4m,ct,,object,NGC1399_t19_d4_short,stacked,image1,,2015-11-11,[None]
2020-11-19T13:18:05.881299+0000,9bc2fa015fca430c8d286e61561c053a,328898880,/data_local/images/DTS/2015B-0602/DECam_00491826.fits.fz,/net/archive/pipeline/Q20151119/DEC15B/20151109/c4d_151111_023106_osw_g_v1.fits.fz,1.22,"{'gte': 56.25516666666666, 'lte': 56.25516666666666}","{'gte': -34.38280555555556, 'lte': -34.38280555555556}",56.25516666666666,-34.38280555555556,g DECam SDSS c0001 4720.0 1520.0,None,,1500.0,0,2015-11-11,2015-11-11T02:25:16.804743+0000,[7313],Munoz,2015B-0602,2017-05-03,decam,ct4m,ct,,object,NGC1399_t7_d11,stacked,wtmap,,2015-11-10,[None]
2021-06-03T08:36:06.564041+0000,9b96614c783b1b31e62391f296418a52,378682560,/data_local/images/DTS/2015B-0602/DECam_00492135.fits.fz,/net/archive/pipe/20151111/ct4m/2015B-0602/c4d_151112_013601_osi_g_NGFS.fits.fz,1.4,"{'gte': 56.25304166666666, 'lte': 56.25304166666666}","{'gte': -34.376444444444445, 'lte': -34.376444444444445}",56.25304166666666,-34.376444444444445,g DECam SDSS c0001 4720.0 1520.0,None,,85.0,0,2015-11-12,2015-11-12T01:35:02.634071+0000,[7313],Munoz,2015B-0602,2017-05-04,decam,ct4m,ct,,object,NGC1399_t7_d1_short,stacked,image,,2015-11-11,[None]
2020-11-19T10:40:34.835240+0000,9b0d82627beee8d832120ad803f6b269,7914240,/data_local/images/DTS/2015B-0602/DECam_00491804.fits.fz,/net/archive/pipeline/Q20151115/DEC15B/20151109/c4d_151111_004956_ose_i_v1.fits.fz,1.57,"{'gte': 51.12783333333332, 'lte': 51.12783333333332}","{'gte': -37.820888888888895, 'lte': -37.820888888888895}",51.12783333333332,-37.820888888888895,i DECam SDSS c0003 7835.0 1470.0,None,,900.0,0,2015-11-11,2015-11-11T00:44:08.649448+0000,[7313],Munoz,2015B-0602,2017-05-03,decam,ct4m,ct,,object,NGC1399_t13_d8,stacked,expmap,,2015-11-10,[None]
2020-11-19T13:16:58.661036+0000,93497d52c3060ddb32fed01093bc35a6,786240,/data_local/images/DTS/2015B-0602/DECam_00492140.fits.fz,/net/archive/pipeline/Q20151114/DEC15B/20151109/c4d_151112_013936_osd_g_v1.fits.fz,1.28,"{'gte': 50.77808333333333, 'lte': 50.77808333333333}","{'gte': -36.01463888888889, 'lte': -36.01463888888889}",50.77808333333333,-36.01463888888889,g DECam SDSS c0001 4720.0 1520.0,None,,75.0,0,2015-11-12,2015-11-12T01:38:39.687116+0000,[7313],Munoz,2015B-0602,2017-05-04,decam,ct4m,ct,,object,NGC1399_t12_d1_short,stacked,dqmask,,2015-11-11,[None]
2020-11-19T13:17:06.047456+0000,a18d2954d4d831290dd8076bf931435b,375932160,/data_local/images/DTS/2015B-0602/DECam_00492134.fits.fz,/net/archive/pipeline/Q20151115/DEC15B/20151109/c4d_151112_013530_osi_g_v1.fits.fz,1.4,"{'gte': 56.63120833333332, 'lte': 56.63120833333332}","{'gte': -36.18366666666666, 'lte': -36.18366666666666}",56.63120833333332,-36.18366666666666,g DECam SDSS c0001 4720.0 1520.0,None,,75.0,0,2015-11-12,2015-11-12T01:34:20.144791+0000,[7313],Munoz,2015B-0602,2017-05-04,decam,ct4m,ct,,object,NGC1399_t6_d1_short,stacked,image,,2015-11-11,[None]
2020-11-19T13:17:59.949851+0000,9c6fd59c46eb25c5345e3df3b06376b6,333089280,/data_local/images/DTS/2015B-0602/DECam_00492131.fits.fz,/net/archive/pipeline/Q20151119/DEC15B/20151109/c4d_151112_013308_osw_g_v1.fits.fz,1.34,"{'gte': 52.49383333333333, 'lte': 52.49383333333333}","{'gte': -34.86688888888889, 'lte': -34.86688888888889}",52.49383333333333,-34.86688888888889,g DECam SDSS c0001 4720.0 1520.0,None,,60.0,0,2015-11-12,2015-11-12T01:32:09.884102+0000,[7313],Munoz,2015B-0602,2017-05-04,decam,ct4m,ct,,object,NGC1399_t3_d1_short,stacked,wtmap,,2015-11-11,[None]
2021-06-27T21:27:11.313564+0000,40f5e3020eb333b5589d508a82db6c9e,29805120,/data_local/images/DTS/2015B-0602/DECam_00492036.fits.fz,/net/archive/pipe/20151111/ct4m/2015B-0602/c4d_151112_003014_ose_i_NGFS.fits.fz,1.87,"{'gte': 55.863375, 'lte': 55.863375}","{'gte': -32.57055555555556, 'lte': -32.57055555555556}",55.863375,-32.57055555555556,i DECam SDSS c0003 7835.0 1470.0,None,,50.0,0,2015-11-12,2015-11-12T00:29:20.284841+0000,[7313],Munoz,2015B-0602,2017-05-04,decam,ct4m,ct,,object,NGC1399_t8_d2_short,stacked,expmap,,2015-11-11,[None]
2021-06-03T08:35:41.852825+0000,a37c641c933f52af8a2c60db65532051,377925120,/data_local/images/DTS/2015B-0602/DECam_00492147.fits.fz,/net/archive/pipe/20151111/ct4m/2015B-0602/c4d_151112_014443_osi_g_NGFS.fits.fz,1.39,"{'gte': 57.92679166666667, 'lte': 57.92679166666667}","{'gte': -33.3775, 'lte': -33.3775}",57.92679166666667,-33.3775,g DECam SDSS c0001 4720.0 1520.0,None,,70.0,0,2015-11-12,2015-11-12T01:43:45.194746+0000,[7313],Munoz,2015B-0602,2017-05-04,decam,ct4m,ct,,object,NGC1399_t19_d1_short,stacked,image,,2015-11-11,[None]
2020-11-19T13:17:56.054221+0000,9c1e186e07667dd3a9ecf89e56360de6,335203200,/data_local/images/DTS/2015B-0602/DECam_00492134.fits.fz,/net/archive/pipeline/Q20151119/DEC15B/20151109/c4d_151112_013530_osw_g_v1.fits.fz,1.4,"{'gte': 56.63120833333332, 'lte': 56.63120833333332}","{'gte': -36.18366666666666, 'lte': -36.18366666666666}",56.63120833333332,-36.18366666666666,g DECam SDSS c0001 4720.0 1520.0,None,,75.0,0,2015-11-12,2015-11-12T01:34:20.144791+0000,[7313],Munoz,2015B-0602,2017-05-04,decam,ct4m,ct,,object,NGC1399_t6_d1_short,stacked,wtmap,,2015-11-11,[None]
2020-11-19T00:54:29.726745+0000,ae86b8f91bc12373adc9596be37b9168,336257280,/data_local/images/DTS/2015B-0602/DECam_00491806.fits.fz,/net/archive/pipeline/Q20151119/DEC15B/20151109/c4d_151111_005628_osw_i_v1.fits.fz,1.64,"{'gte': 54.16629166666666, 'lte': 54.16629166666666}","{'gte': -33.71791666666667, 'lte': -33.71791666666667}",54.16629166666666,-33.71791666666667,i DECam SDSS c0003 7835.0 1470.0,None,,1200.0,0,2015-11-11,2015-11-11T00:50:40.768977+0000,[7313],Munoz,2015B-0602,2017-05-03,decam,ct4m,ct,,object,NGC1399_t2_d9,stacked,wtmap,,2015-11-10,[None]
2021-06-03T07:19:34.870098+0000,83aff3404fa9d0ee60239025c15937af,956160,/data_local/images/DTS/2015B-0602/DECam_00492132.fits.fz,/net/archive/pipe/20151111/ct4m/2015B-0602/c4d_151112_013349_osd_g_NGFS.fits.fz,1.34,"{'gte': 52.88391666666666, 'lte': 52.88391666666666}","{'gte': -36.67547222222222, 'lte': -36.67547222222222}",52.88391666666666,-36.67547222222222,g DECam SDSS c0001 4720.0 1520.0,None,,70.0,0,2015-11-12,2015-11-12T01:32:52.173931+0000,[7313],Munoz,2015B-0602,2017-05-04,decam,ct4m,ct,,object,NGC1399_t4_d1_short,stacked,dqmask,,2015-11-11,[None]
2021-06-03T07:18:04.515889+0000,5037c64ba0c2185d55fef16996676dd6,271589760,/data_local/images/DTS/2015B-0602/DECam_00492145.fits.fz,/net/archive/pipe/20151111/ct4m/2015B-0602/c4d_151112_014319_osw_g_NGFS.fits.fz,1.4,"{'gte': 58.700958333333325, 'lte': 58.700958333333325}","{'gte': -36.97827777777778, 'lte': -36.97827777777778}",58.700958333333325,-36.97827777777778,g DECam SDSS c0001 4720.0 1520.0,None,,55.0,0,2015-11-12,2015-11-12T01:42:20.195253+0000,[7313],Munoz,2015B-0602,2017-05-04,decam,ct4m,ct,,object,NGC1399_t17_d1_short,stacked,wtmap,,2015-11-11,[None]
2020-11-19T13:18:02.175490+0000,504558157b23220d78301df06a6b21c2,340027200,/data_local/images/DTS/2015B-0602/DECam_00491805.fits.fz,/net/archive/pipeline/Q20151119/DEC15B/20151109/c4d_151111_005103_osw_i_v1.fits.fz,1.65,"{'gte': 54.17049999999999, 'lte': 54.17049999999999}","{'gte': -33.71066666666667, 'lte': -33.71066666666667}",54.17049999999999,-33.71066666666667,i DECam SDSS c0003 7835.0 1470.0,None,,140.0,0,2015-11-11,2015-11-11T00:49:42.911298+0000,[7313],Munoz,2015B-0602,2017-05-03,decam,ct4m,ct,,object,NGC1399_t2_d9_short,stacked,wtmap,,2015-11-10,[None]
2020-11-19T13:17:02.017779+0000,865e1cac76cfe339cf158aaabf758b97,372386880,/data_local/images/DTS/2015B-0602/DECam_00491826.fits.fz,/net/archive/pipeline/Q20151115/DEC15B/20151109/c4d_151111_023106_osj_g_v1.fits.fz,1.22,"{'gte': 56.25516666666666, 'lte': 56.25516666666666}","{'gte': -34.38280555555556, 'lte': -34.38280555555556}",56.25516666666666,-34.38280555555556,g DECam SDSS c0001 4720.0 1520.0,None,,1500.0,0,2015-11-11,2015-11-11T02:25:16.804743+0000,[7313],Munoz,2015B-0602,2017-05-03,decam,ct4m,ct,,object,NGC1399_t7_d11,stacked,image1,,2015-11-10,[None]
2020-11-18T18:58:52.647223+0000,a6d6c591238c80e25eb9978a2286857a,5463360,/data_local/images/DTS/2015B-0602/DECam_00491802.fits.fz,/net/archive/pipeline/Q20151115/DEC15B/20151109/c4d_151111_003848_ose_i_v1.fits.fz,1.86,"{'gte': 56.25449999999999, 'lte': 56.25449999999999}","{'gte': -34.365833333333335, 'lte': -34.365833333333335}",56.25449999999999,-34.365833333333335,i DECam SDSS c0003 7835.0 1470.0,None,,600.0,0,2015-11-11,2015-11-11T00:32:58.563628+0000,[7313],Munoz,2015B-0602,2017-05-03,decam,ct4m,ct,,object,NGC1399_t7_d8,stacked,expmap,,2015-11-10,[None]
2020-11-19T07:53:55.974213+0000,a1b4fb98a7e66650348418d46121f26a,1264320,/data_local/images/DTS/2015B-0602/DECam_00491804.fits.fz,/net/archive/pipeline/Q20151117/DEC15B/20151109/c4d_151111_004956_osd_i_v1.fits.fz,1.57,"{'gte': 51.12783333333332, 'lte': 51.12783333333332}","{'gte': -37.820888888888895, 'lte': -37.820888888888895}",51.12783333333332,-37.820888888888895,i DECam SDSS c0003 7835.0 1470.0,None,,900.0,0,2015-11-11,2015-11-11T00:44:08.649448+0000,[7313],Munoz,2015B-0602,2017-05-03,decam,ct4m,ct,,object,NGC1399_t13_d8,stacked,dqmask,,2015-11-10,[None]
2020-11-19T13:22:19.275459+0000,926abaad1fc478e564dd861a0403e15f,1641600,/data_local/images/DTS/2015B-0602/DECam_00491812.fits.fz,/net/archive/pipeline/Q20151116/DEC15B/20151109/c4d_151111_012927_osd_i_v1.fits.fz,1.4,"{'gte': 52.121624999999995, 'lte': 52.121624999999995}","{'gte': -33.060805555555554, 'lte': -33.060805555555554}",52.121624999999995,-33.060805555555554,i DECam SDSS c0003 7835.0 1470.0,None,,600.0,0,2015-11-11,2015-11-11T01:23:38.671621+0000,[7313],Munoz,2015B-0602,2017-05-03,decam,ct4m,ct,,object,NGC1399_t10_d9,stacked,dqmask,,2015-11-10,[None]
2020-11-18T18:58:53.370048+0000,92885f5d3ba7d19ee5eccdf44f16ba5a,777600,/data_local/images/DTS/2015B-0602/DECam_00492139.fits.fz,/net/archive/pipeline/Q20151115/DEC15B/20151109/c4d_151112_013854_osd_g_v1.fits.fz,1.29,"{'gte': 50.44379166666666, 'lte': 50.44379166666666}","{'gte': -34.206027777777784, 'lte': -34.206027777777784}",50.44379166666666,-34.206027777777784,g DECam SDSS c0001 4720.0 1520.0,None,,75.0,0,2015-11-12,2015-11-12T01:37:57.241451+0000,[7313],Munoz,2015B-0602,2017-05-04,decam,ct4m,ct,,object,NGC1399_t11_d1_short,stacked,dqmask,,2015-11-11,[None]
2021-06-03T06:20:32.326636+0000,b2d4d770e737910e29b8c17f01e6d013,379203840,/data_local/images/DTS/2015B-0602/DECam_00492139.fits.fz,/net/archive/pipe/20151111/ct4m/2015B-0602/c4d_151112_013854_osi_g_NGFS.fits.fz,1.29,"{'gte': 50.44383333333332, 'lte': 50.44383333333332}","{'gte': -34.206027777777784, 'lte': -34.206027777777784}",50.44383333333332,-34.206027777777784,g DECam SDSS c0001 4720.0 1520.0,None,,85.0,0,2015-11-12,2015-11-12T01:37:57.241451+0000,[7313],Munoz,2015B-0602,2017-05-04,decam,ct4m,ct,,object,NGC1399_t11_d1_short,stacked,image,,2015-11-11,[None]
2020-11-19T13:17:08.665889+0000,9e42e1fcf7942b05f221dffbbe9a4fab,377942400,/data_local/images/DTS/2015B-0602/DECam_00492141.fits.fz,/net/archive/pipeline/Q20151115/DEC15B/20151109/c4d_151112_014022_osj_g_v1.fits.fz,1.28,"{'gte': 51.12974999999999, 'lte': 51.12974999999999}","{'gte': -37.821000000000005, 'lte': -37.821000000000005}",51.12974999999999,-37.821000000000005,g DECam SDSS c0001 4720.0 1520.0,None,,75.0,0,2015-11-12,2015-11-12T01:39:23.431234+0000,[7313],Munoz,2015B-0602,2017-05-04,decam,ct4m,ct,,object,NGC1399_t13_d1_short,stacked,image1,,2015-11-11,[None]
2020-11-19T09:34:13.781540+0000,b5126c391bdc7bd7c5fa78438b0b2c7a,376804800,/data_local/images/DTS/2015B-0602/DECam_00492039.fits.fz,/net/archive/pipeline/Q20151115/DEC15B/20151109/c4d_151112_003205_osj_i_v1.fits.fz,1.64,"{'gte': 50.4435, 'lte': 50.4435}","{'gte': -34.205194444444444, 'lte': -34.205194444444444}",50.4435,-34.205194444444444,i DECam SDSS c0003 7835.0 1470.0,None,,50.0,0,2015-11-12,2015-11-12T00:31:13.196222+0000,[7313],Munoz,2015B-0602,2017-05-04,decam,ct4m,ct,,object,NGC1399_t11_d2_short,stacked,image1,,2015-11-11,[None]
2021-06-03T06:52:12.253472+0000,a94cd5ab5d21b446ddefe8ac96ef43a0,377357760,/data_local/images/DTS/2015B-0602/DECam_00492163.fits.fz,/net/archive/pipe/20151111/ct4m/2015B-0602/c4d_151112_015639_osi_g_NGFS.fits.fz,1.28,"{'gte': 55.33195833333333, 'lte': 55.33195833333333}","{'gte': -39.13616666666667, 'lte': -39.13616666666667}",55.33195833333333,-39.13616666666667,g DECam SDSS c0001 4720.0 1520.0,None,,55.0,0,2015-11-12,2015-11-12T01:55:40.207058+0000,[7313],Munoz,2015B-0602,2017-05-04,decam,ct4m,ct,,object,NGC1399_t15_d2_short,stacked,image,,2015-11-11,[None]
2021-06-27T21:27:55.648386+0000,c8ebe6c4e82a3f4ddcc04c7a3aaf1ada,275143680,/data_local/images/DTS/2015B-0602/DECam_00492039.fits.fz,/net/archive/pipe/20151111/ct4m/2015B-0602/c4d_151112_003205_osw_i_NGFS.fits.fz,1.64,"{'gte': 50.443458333333325, 'lte': 50.443458333333325}","{'gte': -34.202333333333335, 'lte': -34.202333333333335}",50.443458333333325,-34.202333333333335,i DECam SDSS c0003 7835.0 1470.0,None,,50.0,0,2015-11-12,2015-11-12T00:31:13.196222+0000,[7313],Munoz,2015B-0602,2017-05-04,decam,ct4m,ct,,object,NGC1399_t11_d2_short,stacked,wtmap,,2015-11-11,[None]
2020-11-19T13:17:07.121121+0000,a5a7f97b90aaa1534876b9b16e6242de,786240,/data_local/images/DTS/2015B-0602/DECam_00492132.fits.fz,/net/archive/pipeline/Q20151115/DEC15B/20151109/c4d_151112_013349_osd_g_v1.fits.fz,1.34,"{'gte': 52.87870833333333, 'lte': 52.87870833333333}","{'gte': -36.67547222222222, 'lte': -36.67547222222222}",52.87870833333333,-36.67547222222222,g DECam SDSS c0001 4720.0 1520.0,None,,75.0,0,2015-11-12,2015-11-12T01:32:52.173931+0000,[7313],Munoz,2015B-0602,2017-05-04,decam,ct4m,ct,,object,NGC1399_t4_d1_short,stacked,dqmask,,2015-11-11,[None]
2020-11-19T07:42:26.343795+0000,a75f18ee6b084a54729d797186bd129e,792000,/data_local/images/DTS/2015B-0602/DECam_00492051.fits.fz,/net/archive/pipeline/Q20151115/DEC15B/20151109/c4d_151112_004008_osd_i_v1.fits.fz,1.64,"{'gte': 52.50154166666666, 'lte': 52.50154166666666}","{'gte': -34.86402777777778, 'lte': -34.86402777777778}",52.50154166666666,-34.86402777777778,i DECam SDSS c0003 7835.0 1470.0,None,,40.0,0,2015-11-12,2015-11-12T00:39:16.340174+0000,[7313],Munoz,2015B-0602,2017-05-04,decam,ct4m,ct,,object,NGC1399_t3_d3_short,stacked,dqmask,,2015-11-11,[None]
2020-11-19T13:17:22.767427+0000,5549070483e3082384bdd1918cdb45b6,374834880,/data_local/images/DTS/2015B-0602/DECam_00492063.fits.fz,/net/archive/pipeline/Q20151115/DEC15B/20151109/c4d_151112_004753_osi_i_v1.fits.fz,1.63,"{'gte': 55.337875, 'lte': 55.337875}","{'gte': -39.14013888888889, 'lte': -39.14013888888889}",55.337875,-39.14013888888889,i DECam SDSS c0003 7835.0 1470.0,None,,40.0,0,2015-11-12,2015-11-12T00:46:58.857220+0000,[7313],Munoz,2015B-0602,2017-05-04,decam,ct4m,ct,,object,NGC1399_t15_d3_short,stacked,image,,2015-11-11,[None]
2021-06-02T15:18:01.412458+0000,5343c65050add71a3b89824947876dda,276727680,/data_local/images/DTS/2015B-0602/DECam_00492139.fits.fz,/net/archive/pipe/20151111/ct4m/2015B-0602/c4d_151112_013854_osw_g_NGFS.fits.fz,1.29,"{'gte': 50.44383333333332, 'lte': 50.44383333333332}","{'gte': -34.206027777777784, 'lte': -34.206027777777784}",50.44383333333332,-34.206027777777784,g DECam SDSS c0001 4720.0 1520.0,None,,85.0,0,2015-11-12,2015-11-12T01:37:57.241451+0000,[7313],Munoz,2015B-0602,2017-05-04,decam,ct4m,ct,,object,NGC1399_t11_d1_short,stacked,wtmap,,2015-11-11,[None]
2020-11-18T18:58:52.668893+0000,c0e55c85c6a4de069aa5c0ba164764a9,372738240,/data_local/images/DTS/2015B-0602/DECam_00491816.fits.fz,/net/archive/pipeline/Q20151115/DEC15B/20151109/c4d_151111_014741_osj_g_v1.fits.fz,1.35,"{'gte': 54.173958333333324, 'lte': 54.173958333333324}","{'gte': -33.719, 'lte': -33.719}",54.173958333333324,-33.719,g DECam SDSS c0001 4720.0 1520.0,None,,1500.0,0,2015-11-11,2015-11-11T01:41:52.333549+0000,[7313],Munoz,2015B-0602,2017-05-03,decam,ct4m,ct,,object,NGC1399_t2_d11,stacked,image1,,2015-11-10,[None]
2020-11-19T13:17:59.990434+0000,dcc73d4f3f349aee4b0ac0dded8bbd4b,329235840,/data_local/images/DTS/2015B-0602/DECam_00492080.fits.fz,/net/archive/pipeline/Q20151119/DEC15B/20151109/c4d_151112_005905_osw_i_v1.fits.fz,1.47,"{'gte': 50.78312499999999, 'lte': 50.78312499999999}","{'gte': -36.00794444444445, 'lte': -36.00794444444445}",50.78312499999999,-36.00794444444445,i DECam SDSS c0003 7835.0 1470.0,None,,30.0,0,2015-11-12,2015-11-12T00:58:08.737325+0000,[7313],Munoz,2015B-0602,2017-05-04,decam,ct4m,ct,,object,NGC1399_t12_d4_short,stacked,wtmap,,2015-11-11,[None]
2020-11-19T13:17:40.237551+0000,dc01261866b11d32f772a335f72ae375,4374720,/data_local/images/DTS/2015B-0602/DECam_00492063.fits.fz,/net/archive/pipeline/Q20151116/DEC15B/20151109/c4d_151112_004753_ose_i_v1.fits.fz,1.63,"{'gte': 55.337875, 'lte': 55.337875}","{'gte': -39.14013888888889, 'lte': -39.14013888888889}",55.337875,-39.14013888888889,i DECam SDSS c0003 7835.0 1470.0,None,,40.0,0,2015-11-12,2015-11-12T00:46:58.857220+0000,[7313],Munoz,2015B-0602,2017-05-04,decam,ct4m,ct,,object,NGC1399_t15_d3_short,stacked,expmap,,2015-11-11,[None]
2020-11-19T05:00:59.894834+0000,073524ac38881ec5196294a1369375b2,369005760,/data_local/images/DTS/2015B-0602/DECam_00491828.fits.fz,/net/archive/pipeline/Q20151115/DEC15B/20151109/c4d_151111_024214_osi_g_v1.fits.fz,1.14,"{'gte': 51.132208333333324, 'lte': 51.132208333333324}","{'gte': -37.82622222222223, 'lte': -37.82622222222223}",51.132208333333324,-37.82622222222223,g DECam SDSS c0001 4720.0 1520.0,None,,900.0,0,2015-11-11,2015-11-11T02:36:27.336804+0000,[7313],Munoz,2015B-0602,2017-05-03,decam,ct4m,ct,,object,NGC1399_t13_d11,stacked,image,,2015-11-10,[None]
2021-06-27T21:26:34.053009+0000,beca557eac0d4984a60acf6ef0130180,381021120,/data_local/images/DTS/2015B-0602/DECam_00492030.fits.fz,/net/archive/pipe/20151111/ct4m/2015B-0602/c4d_151112_002628_osj_i_NGFS.fits.fz,1.82,"{'gte': 54.17049999999999, 'lte': 54.17049999999999}","{'gte': -33.71072222222222, 'lte': -33.71072222222222}",54.17049999999999,-33.71072222222222,i DECam SDSS c0003 7835.0 1470.0,None,,90.0,0,2015-11-12,2015-11-12T00:25:30.993999+0000,[7313],Munoz,2015B-0602,2017-05-04,decam,ct4m,ct,,object,NGC1399_t2_d2_short,stacked,image1,,2015-11-11,[None]
2020-11-19T04:39:35.620109+0000,e2173699d0ef9c756fccacdfc713c315,1753920,/data_local/images/DTS/2015B-0602/DECam_00491801.fits.fz,/net/archive/pipeline/Q20151115/DEC15B/20151109/c4d_151111_003320_osd_i_v1.fits.fz,1.9,"{'gte': 56.62995833333333, 'lte': 56.62995833333333}","{'gte': -36.18408333333333, 'lte': -36.18408333333333}",56.62995833333333,-36.18408333333333,i DECam SDSS c0003 7835.0 1470.0,None,,600.0,0,2015-11-11,2015-11-11T00:27:30.214197+0000,[7313],Munoz,2015B-0602,2017-05-03,decam,ct4m,ct,,object,NGC1399_t6_d8,stacked,dqmask,,2015-11-10,[None]
2021-06-27T21:26:34.693697+0000,07ec39cb19737aff4618b189f82cc18c,280281600,/data_local/images/DTS/2015B-0602/DECam_00492030.fits.fz,/net/archive/pipe/20151111/ct4m/2015B-0602/c4d_151112_002628_osw_i_NGFS.fits.fz,1.82,"{'gte': 54.17049999999999, 'lte': 54.17049999999999}","{'gte': -33.71072222222222, 'lte': -33.71072222222222}",54.17049999999999,-33.71072222222222,i DECam SDSS c0003 7835.0 1470.0,None,,90.0,0,2015-11-12,2015-11-12T00:25:30.993999+0000,[7313],Munoz,2015B-0602,2017-05-04,decam,ct4m,ct,,object,NGC1399_t2_d2_short,stacked,wtmap,,2015-11-11,[None]
2020-11-19T13:17:26.621955+0000,08c5e01abbe456490dd50b186fdebb67,786240,/data_local/images/DTS/2015B-0602/DECam_00492066.fits.fz,/net/archive/pipeline/Q20151115/DEC15B/20151109/c4d_151112_004950_osd_i_v1.fits.fz,1.74,"{'gte': 58.31554166666666, 'lte': 58.31554166666666}","{'gte': -35.18847222222222, 'lte': -35.18847222222222}",58.31554166666666,-35.18847222222222,i DECam SDSS c0003 7835.0 1470.0,None,,40.0,0,2015-11-12,2015-11-12T00:48:51.719167+0000,[7313],Munoz,2015B-0602,2017-05-04,decam,ct4m,ct,,object,NGC1399_t18_d3_short,stacked,dqmask,,2015-11-11,[None]
2020-11-19T09:34:10.560741+0000,0972bd5a889bbe089a481cc62abca8d1,374757120,/data_local/images/DTS/2015B-0602/DECam_00492053.fits.fz,/net/archive/pipeline/Q20151115/DEC15B/20151109/c4d_151112_004128_osj_i_v1.fits.fz,1.68,"{'gte': 54.94424999999999, 'lte': 54.94424999999999}","{'gte': -37.33133333333333, 'lte': -37.33133333333333}",54.94424999999999,-37.33133333333333,i DECam SDSS c0003 7835.0 1470.0,None,,40.0,0,2015-11-12,2015-11-12T00:40:33.705025+0000,[7313],Munoz,2015B-0602,2017-05-04,decam,ct4m,ct,,object,NGC1399_t5_d3_short,stacked,image1,,2015-11-11,[None]
2020-11-19T13:17:17.862064+0000,ddd55d0ea9bde7613a5ecd111c0265c7,947520,/data_local/images/DTS/2015B-0602/DECam_00491818.fits.fz,/net/archive/pipeline/Q20151115/DEC15B/20151109/c4d_151111_015841_osd_g_v1.fits.fz,1.28,"{'gte': 52.88291666666666, 'lte': 52.88291666666666}","{'gte': -36.68116666666666, 'lte': -36.68116666666666}",52.88291666666666,-36.68116666666666,g DECam SDSS c0001 4720.0 1520.0,None,,1800.0,0,2015-11-11,2015-11-11T01:52:48.701463+0000,[7313],Munoz,2015B-0602,2017-05-03,decam,ct4m,ct,,object,NGC1399_t4_d11,stacked,dqmask,,2015-11-10,[None]
2021-06-27T21:30:04.327525+0000,c1dff474e4a60b2d0fb39aa219816da4,21196800,/data_local/images/DTS/2015B-0602/DECam_00492066.fits.fz,/net/archive/pipe/20151111/ct4m/2015B-0602/c4d_151112_004950_ose_i_NGFS.fits.fz,1.74,"{'gte': 58.317541666666656, 'lte': 58.317541666666656}","{'gte': -35.19391666666667, 'lte': -35.19391666666667}",58.317541666666656,-35.19391666666667,i DECam SDSS c0003 7835.0 1470.0,None,,40.0,0,2015-11-12,2015-11-12T00:48:51.719167+0000,[7313],Munoz,2015B-0602,2017-05-04,decam,ct4m,ct,,object,NGC1399_t18_d3_short,stacked,expmap,,2015-11-11,[None]
2020-11-19T13:17:46.105409+0000,a1e5ac2611966b04e615110fc8ce11a8,375301440,/data_local/images/DTS/2015B-0602/DECam_00492051.fits.fz,/net/archive/pipeline/Q20151116/DEC15B/20151109/c4d_151112_004008_osi_i_v1.fits.fz,1.64,"{'gte': 52.50154166666666, 'lte': 52.50154166666666}","{'gte': -34.86402777777778, 'lte': -34.86402777777778}",52.50154166666666,-34.86402777777778,i DECam SDSS c0003 7835.0 1470.0,None,,40.0,0,2015-11-12,2015-11-12T00:39:16.340174+0000,[7313],Munoz,2015B-0602,2017-05-04,decam,ct4m,ct,,object,NGC1399_t3_d3_short,stacked,image,,2015-11-11,[None]
2020-11-19T13:17:14.207457+0000,a0b2e8b8c26a8dd9afcf41ed5914b02a,780480,/data_local/images/DTS/2015B-0602/DECam_00492145.fits.fz,/net/archive/pipeline/Q20151115/DEC15B/20151109/c4d_151112_014319_osd_g_v1.fits.fz,1.4,"{'gte': 58.70291666666665, 'lte': 58.70291666666665}","{'gte': -36.97827777777778, 'lte': -36.97827777777778}",58.70291666666665,-36.97827777777778,g DECam SDSS c0001 4720.0 1520.0,None,,75.0,0,2015-11-12,2015-11-12T01:42:20.195253+0000,[7313],Munoz,2015B-0602,2017-05-04,decam,ct4m,ct,,object,NGC1399_t17_d1_short,stacked,dqmask,,2015-11-11,[None]
2021-06-27T21:28:10.930838+0000,a21a80c142d3b0f0b7df426cd5f46e69,378512640,/data_local/images/DTS/2015B-0602/DECam_00492040.fits.fz,/net/archive/pipe/20151111/ct4m/2015B-0602/c4d_151112_003248_osi_i_NGFS.fits.fz,1.63,"{'gte': 50.77654166666666, 'lte': 50.77654166666666}","{'gte': -36.010555555555555, 'lte': -36.010555555555555}",50.77654166666666,-36.010555555555555,i DECam SDSS c0003 7835.0 1470.0,None,,40.0,0,2015-11-12,2015-11-12T00:31:51.838889+0000,[7313],Munoz,2015B-0602,2017-05-04,decam,ct4m,ct,,object,NGC1399_t12_d2_short,stacked,image,,2015-11-11,[None]
2020-11-19T13:17:28.540984+0000,08488faefcf4812c1d9c33e482927dda,373654080,/data_local/images/DTS/2015B-0602/DECam_00492147.fits.fz,/net/archive/pipeline/Q20151115/DEC15B/20151109/c4d_151112_014443_osi_g_v1.fits.fz,1.39,"{'gte': 57.92674999999999, 'lte': 57.92674999999999}","{'gte': -33.374972222222226, 'lte': -33.374972222222226}",57.92674999999999,-33.374972222222226,g DECam SDSS c0001 4720.0 1520.0,None,,60.0,0,2015-11-12,2015-11-12T01:43:45.194746+0000,[7313],Munoz,2015B-0602,2017-05-04,decam,ct4m,ct,,object,NGC1399_t19_d1_short,stacked,image,,2015-11-11,[None]
2021-06-27T21:28:50.757308+0000,a285caa0ea51707496a92c8704d61be4,380747520,/data_local/images/DTS/2015B-0602/DECam_00492045.fits.fz,/net/archive/pipe/20151111/ct4m/2015B-0602/c4d_151112_003559_osi_i_NGFS.fits.fz,1.86,"{'gte': 58.70104166666666, 'lte': 58.70104166666666}","{'gte': -36.977583333333335, 'lte': -36.977583333333335}",58.70104166666666,-36.977583333333335,i DECam SDSS c0003 7835.0 1470.0,None,,60.0,0,2015-11-12,2015-11-12T00:35:06.289790+0000,[7313],Munoz,2015B-0602,2017-05-04,decam,ct4m,ct,,object,NGC1399_t17_d2_short,stacked,image,,2015-11-11,[None]
2020-11-19T13:17:10.066334+0000,a1eba47ed19e6973e8c313c7d864a3fd,372602880,/data_local/images/DTS/2015B-0602/DECam_00491824.fits.fz,/net/archive/pipeline/Q20151115/DEC15B/20151109/c4d_151111_022007_osi_g_v1.fits.fz,1.23,"{'gte': 54.94458333333333, 'lte': 54.94458333333333}","{'gte': -37.33980555555556, 'lte': -37.33980555555556}",54.94458333333333,-37.33980555555556,g DECam SDSS c0001 4720.0 1520.0,None,,1500.0,0,2015-11-11,2015-11-11T02:14:17.834719+0000,[7313],Munoz,2015B-0602,2017-05-03,decam,ct4m,ct,,object,NGC1399_t5_d11,stacked,image,,2015-11-10,[None]
2020-11-19T13:17:14.197183+0000,a3f015826f53f750b309d0225e293a01,1042560,/data_local/images/DTS/2015B-0602/DECam_00491815.fits.fz,/net/archive/pipeline/Q20151115/DEC15B/20151109/c4d_151111_014213_osd_g_v1.fits.fz,1.37,"{'gte': 54.55666666666666, 'lte': 54.55666666666666}","{'gte': -35.52919444444444, 'lte': -35.52919444444444}",54.55666666666666,-35.52919444444444,g DECam SDSS c0001 4720.0 1520.0,None,,1500.0,0,2015-11-11,2015-11-11T01:36:23.527746+0000,[7313],Munoz,2015B-0602,2017-05-03,decam,ct4m,ct,,object,NGC1399_t1_d11,stacked,dqmask,,2015-11-10,[None]
2020-11-19T09:33:47.865613+0000,106778a56a71fc3eb1ce2c0fba29de08,373700160,/data_local/images/DTS/2015B-0602/DECam_00492130.fits.fz,/net/archive/pipeline/Q20151115/DEC15B/20151109/c4d_151112_013224_osi_g_v1.fits.fz,1.38,"{'gte': 54.169374999999995, 'lte': 54.169374999999995}","{'gte': -33.713750000000005, 'lte': -33.713750000000005}",54.169374999999995,-33.713750000000005,g DECam SDSS c0001 4720.0 1520.0,None,,60.0,0,2015-11-12,2015-11-12T01:31:27.004801+0000,[7313],Munoz,2015B-0602,2017-05-04,decam,ct4m,ct,,object,NGC1399_t2_d1_short,stacked,image,,2015-11-11,[None]
2021-06-02T15:20:25.987106+0000,ae2888770467a3c06e7dfc0b46b92037,377904960,/data_local/images/DTS/2015B-0602/DECam_00492144.fits.fz,/net/archive/pipe/20151111/ct4m/2015B-0602/c4d_151112_014238_osi_g_NGFS.fits.fz,1.37,"{'gte': 57.02804166666666, 'lte': 57.02804166666666}","{'gte': -37.99491666666667, 'lte': -37.99491666666667}",57.02804166666666,-37.99491666666667,g DECam SDSS c0001 4720.0 1520.0,None,,70.0,0,2015-11-12,2015-11-12T01:41:37.121785+0000,[7313],Munoz,2015B-0602,2017-05-04,decam,ct4m,ct,,object,NGC1399_t16_d1_short,stacked,image,,2015-11-11,[None]
2021-06-27T21:28:50.402923+0000,0938329b3f644612bdf615b1340ea727,12565440,/data_local/images/DTS/2015B-0602/DECam_00492045.fits.fz,/net/archive/pipe/20151111/ct4m/2015B-0602/c4d_151112_003559_ose_i_NGFS.fits.fz,1.86,"{'gte': 58.70104166666666, 'lte': 58.70104166666666}","{'gte': -36.977583333333335, 'lte': -36.977583333333335}",58.70104166666666,-36.977583333333335,i DECam SDSS c0003 7835.0 1470.0,None,,60.0,0,2015-11-12,2015-11-12T00:35:06.289790+0000,[7313],Munoz,2015B-0602,2017-05-04,decam,ct4m,ct,,object,NGC1399_t17_d2_short,stacked,expmap,,2015-11-11,[None]
2020-11-19T13:17:44.908100+0000,ae5a621661323bba9c67ecc65ae07c01,5290560,/data_local/images/DTS/2015B-0602/DECam_00492058.fits.fz,/net/archive/pipeline/Q20151115/DEC15B/20151109/c4d_151112_004440_ose_i_v1.fits.fz,1.61,"{'gte': 52.13054166666666, 'lte': 52.13054166666666}","{'gte': -33.05844444444444, 'lte': -33.05844444444444}",52.13054166666666,-33.05844444444444,i DECam SDSS c0003 7835.0 1470.0,None,,40.0,0,2015-11-12,2015-11-12T00:43:45.958604+0000,[7313],Munoz,2015B-0602,2017-05-04,decam,ct4m,ct,,object,NGC1399_t10_d3_short,stacked,expmap,,2015-11-11,[None]
2021-06-27T21:28:51.467510+0000,bfbdace72f5dd5ccd4bfa3b0048834da,277084800,/data_local/images/DTS/2015B-0602/DECam_00492045.fits.fz,/net/archive/pipe/20151111/ct4m/2015B-0602/c4d_151112_003559_osw_i_NGFS.fits.fz,1.86,"{'gte': 58.70104166666666, 'lte': 58.70104166666666}","{'gte': -36.977583333333335, 'lte': -36.977583333333335}",58.70104166666666,-36.977583333333335,i DECam SDSS c0003 7835.0 1470.0,None,,60.0,0,2015-11-12,2015-11-12T00:35:06.289790+0000,[7313],Munoz,2015B-0602,2017-05-04,decam,ct4m,ct,,object,NGC1399_t17_d2_short,stacked,wtmap,,2015-11-11,[None]
2020-11-19T13:17:28.490587+0000,09e9dd10ee38d6d86f61d7c50b7a7ab2,371266560,/data_local/images/DTS/2015B-0602/DECam_00492080.fits.fz,/net/archive/pipeline/Q20151115/DEC15B/20151109/c4d_151112_005905_osj_i_v1.fits.fz,1.47,"{'gte': 50.78312499999999, 'lte': 50.78312499999999}","{'gte': -36.00794444444445, 'lte': -36.00794444444445}",50.78312499999999,-36.00794444444445,i DECam SDSS c0003 7835.0 1470.0,None,,30.0,0,2015-11-12,2015-11-12T00:58:08.737325+0000,[7313],Munoz,2015B-0602,2017-05-04,decam,ct4m,ct,,object,NGC1399_t12_d4_short,stacked,image1,,2015-11-11,[None]
2020-11-19T13:17:29.176514+0000,b77c603a5f18123982d48534358b44d3,374895360,/data_local/images/DTS/2015B-0602/DECam_00492064.fits.fz,/net/archive/pipeline/Q20151115/DEC15B/20151109/c4d_151112_004831_osj_i_v1.fits.fz,1.68,"{'gte': 57.02558333333332, 'lte': 57.02558333333332}","{'gte': -37.993805555555554, 'lte': -37.993805555555554}",57.02558333333332,-37.993805555555554,i DECam SDSS c0003 7835.0 1470.0,None,,40.0,0,2015-11-12,2015-11-12T00:47:37.207936+0000,[7313],Munoz,2015B-0602,2017-05-04,decam,ct4m,ct,,object,NGC1399_t16_d3_short,stacked,image1,,2015-11-11,[None]
2020-11-19T13:16:59.016054+0000,c02404b1ff2d2f8f7d8130c928526f8f,376963200,/data_local/images/DTS/2015B-0602/DECam_00492145.fits.fz,/net/archive/pipeline/Q20151114/DEC15B/20151109/c4d_151112_014319_osj_g_v1.fits.fz,1.4,"{'gte': 58.70291666666665, 'lte': 58.70291666666665}","{'gte': -36.97827777777778, 'lte': -36.97827777777778}",58.70291666666665,-36.97827777777778,g DECam SDSS c0001 4720.0 1520.0,None,,75.0,0,2015-11-12,2015-11-12T01:42:20.195253+0000,[7313],Munoz,2015B-0602,2017-05-04,decam,ct4m,ct,,object,NGC1399_t17_d1_short,stacked,image1,,2015-11-11,[None]
2020-11-18T23:41:45.876039+0000,c4801d6e3a908f4900ab49dd6e99ba6a,800640,/data_local/images/DTS/2015B-0602/DECam_00492130.fits.fz,/net/archive/pipeline/Q20151115/DEC15B/20151109/c4d_151112_013224_osd_g_v1.fits.fz,1.38,"{'gte': 54.169374999999995, 'lte': 54.169374999999995}","{'gte': -33.713750000000005, 'lte': -33.713750000000005}",54.169374999999995,-33.713750000000005,g DECam SDSS c0001 4720.0 1520.0,None,,60.0,0,2015-11-12,2015-11-12T01:31:27.004801+0000,[7313],Munoz,2015B-0602,2017-05-04,decam,ct4m,ct,,object,NGC1399_t2_d1_short,stacked,dqmask,,2015-11-11,[None]
2021-06-27T21:26:37.162772+0000,0fb9de48252492d9caf93b9b44fa0d8a,1114560,/data_local/images/DTS/2015B-0602/DECam_00492023.fits.fz,/net/archive/pipe/20151111/ct4m/2015B-0602/c4d_151112_002133_osd_i_NGFS.fits.fz,1.84,"{'gte': 55.32375, 'lte': 55.32375}","{'gte': -39.14011111111111, 'lte': -39.14011111111111}",55.32375,-39.14011111111111,i DECam SDSS c0003 7835.0 1470.0,None,,60.0,0,2015-11-12,2015-11-12T00:20:40.312831+0000,[7313],Munoz,2015B-0602,2017-05-04,decam,ct4m,ct,,object,NGC1399_t15_d1_short,stacked,dqmask,,2015-11-11,[None]
2020-11-19T13:17:51.991830+0000,bcb4076910e2993866739e8f782e92aa,371638080,/data_local/images/DTS/2015B-0602/DECam_00491800.fits.fz,/net/archive/pipeline/Q20151115/DEC15B/20151109/c4d_151111_002750_osi_i_v1.fits.fz,1.88,"{'gte': 54.938874999999996, 'lte': 54.938874999999996}","{'gte': -37.33408333333333, 'lte': -37.33408333333333}",54.938874999999996,-37.33408333333333,i DECam SDSS c0003 7835.0 1470.0,None,,600.0,0,2015-11-11,2015-11-11T00:22:00.769496+0000,[7313],Munoz,2015B-0602,2017-05-03,decam,ct4m,ct,,object,NGC1399_t5_d8,stacked,image,,2015-11-10,[None]
2020-11-19T13:17:59.956579+0000,c7fc31665c6370ec696a9891777ed02c,332832960,/data_local/images/DTS/2015B-0602/DECam_00492130.fits.fz,/net/archive/pipeline/Q20151119/DEC15B/20151109/c4d_151112_013224_osw_g_v1.fits.fz,1.38,"{'gte': 54.169374999999995, 'lte': 54.169374999999995}","{'gte': -33.713750000000005, 'lte': -33.713750000000005}",54.169374999999995,-33.713750000000005,g DECam SDSS c0001 4720.0 1520.0,None,,60.0,0,2015-11-12,2015-11-12T01:31:27.004801+0000,[7313],Munoz,2015B-0602,2017-05-04,decam,ct4m,ct,,object,NGC1399_t2_d1_short,stacked,wtmap,,2015-11-11,[None]
2020-11-19T07:42:26.237523+0000,e7e556179638e6368142cde0663e3448,5886720,/data_local/images/DTS/2015B-0602/DECam_00492142.fits.fz,/net/archive/pipeline/Q20151115/DEC15B/20151109/c4d_151112_014105_ose_g_v1.fits.fz,1.31,"{'gte': 53.26283333333332, 'lte': 53.26283333333332}","{'gte': -38.487027777777776, 'lte': -38.487027777777776}",53.26283333333332,-38.487027777777776,g DECam SDSS c0001 4720.0 1520.0,None,,75.0,0,2015-11-12,2015-11-12T01:40:08.328215+0000,[7313],Munoz,2015B-0602,2017-05-04,decam,ct4m,ct,,object,NGC1399_t14_d1_short,stacked,expmap,,2015-11-11,[None]
2020-11-19T13:17:30.878323+0000,c86bf5f80a7756c9549188ee246d3021,783360,/data_local/images/DTS/2015B-0602/DECam_00492144.fits.fz,/net/archive/pipeline/Q20151115/DEC15B/20151109/c4d_151112_014238_osd_g_v1.fits.fz,1.37,"{'gte': 57.02329166666666, 'lte': 57.02329166666666}","{'gte': -37.99491666666667, 'lte': -37.99491666666667}",57.02329166666666,-37.99491666666667,g DECam SDSS c0001 4720.0 1520.0,None,,75.0,0,2015-11-12,2015-11-12T01:41:37.121785+0000,[7313],Munoz,2015B-0602,2017-05-04,decam,ct4m,ct,,object,NGC1399_t16_d1_short,stacked,dqmask,,2015-11-11,[None]
2021-06-27T21:26:59.578008+0000,aedad32a45119bd10c252d3aa5a3879a,18264960,/data_local/images/DTS/2015B-0602/DECam_00492035.fits.fz,/net/archive/pipe/20151111/ct4m/2015B-0602/c4d_151112_002939_ose_i_NGFS.fits.fz,1.86,"{'gte': 56.25062499999999, 'lte': 56.25062499999999}","{'gte': -34.374833333333335, 'lte': -34.374833333333335}",56.25062499999999,-34.374833333333335,i DECam SDSS c0003 7835.0 1470.0,None,,60.0,0,2015-11-12,2015-11-12T00:28:42.210243+0000,[7313],Munoz,2015B-0602,2017-05-04,decam,ct4m,ct,,object,NGC1399_t7_d2_short,stacked,expmap,,2015-11-11,[None]
2021-06-03T07:21:12.724326+0000,c74ac411161e4776c7e2937f2571c861,907200,/data_local/images/DTS/2015B-0602/DECam_00492130.fits.fz,/net/archive/pipe/20151111/ct4m/2015B-0602/c4d_151112_013224_osd_g_NGFS.fits.fz,1.38,"{'gte': 54.17283333333333, 'lte': 54.17283333333333}","{'gte': -33.713750000000005, 'lte': -33.713750000000005}",54.17283333333333,-33.713750000000005,g DECam SDSS c0001 4720.0 1520.0,None,,85.0,0,2015-11-12,2015-11-12T01:31:27.004801+0000,[7313],Munoz,2015B-0602,2017-05-04,decam,ct4m,ct,,object,NGC1399_t2_d1_short,stacked,dqmask,,2015-11-11,[None]
2021-06-03T08:21:04.909970+0000,c2744a55c2c6a42cbd96769f032ee9a2,10028160,/data_local/images/DTS/2015B-0602/DECam_00492157.fits.fz,/net/archive/pipe/20151111/ct4m/2015B-0602/c4d_151112_015217_ose_g_NGFS.fits.fz,1.29,"{'gte': 53.80979166666666, 'lte': 53.80979166666666}","{'gte': -31.909333333333333, 'lte': -31.909333333333333}",53.80979166666666,-31.909333333333333,g DECam SDSS c0001 4720.0 1520.0,None,,70.0,0,2015-11-12,2015-11-12T01:51:17.810980+0000,[7313],Munoz,2015B-0602,2017-05-04,decam,ct4m,ct,,object,NGC1399_t9_d2_short,stacked,expmap,,2015-11-11,[None]
2020-11-19T13:18:01.797427+0000,c3d4c129f3c7390e89c928e363f50671,336551040,/data_local/images/DTS/2015B-0602/DECam_00492045.fits.fz,/net/archive/pipeline/Q20151119/DEC15B/20151109/c4d_151112_003559_osw_i_v1.fits.fz,1.86,"{'gte': 58.700999999999986, 'lte': 58.700999999999986}","{'gte': -36.97752777777778, 'lte': -36.97752777777778}",58.700999999999986,-36.97752777777778,i DECam SDSS c0003 7835.0 1470.0,None,,50.0,0,2015-11-12,2015-11-12T00:35:06.289790+0000,[7313],Munoz,2015B-0602,2017-05-04,decam,ct4m,ct,,object,NGC1399_t17_d2_short,stacked,wtmap,,2015-11-11,[None]
2021-06-27T21:30:05.890870+0000,c13a1e9e93f80c44b97dcd819fe43cba,374708160,/data_local/images/DTS/2015B-0602/DECam_00492066.fits.fz,/net/archive/pipe/20151111/ct4m/2015B-0602/c4d_151112_004950_osj_i_NGFS.fits.fz,1.74,"{'gte': 58.317541666666656, 'lte': 58.317541666666656}","{'gte': -35.19391666666667, 'lte': -35.19391666666667}",58.317541666666656,-35.19391666666667,i DECam SDSS c0003 7835.0 1470.0,None,,40.0,0,2015-11-12,2015-11-12T00:48:51.719167+0000,[7313],Munoz,2015B-0602,2017-05-04,decam,ct4m,ct,,object,NGC1399_t18_d3_short,stacked,image1,,2015-11-11,[None]
2020-11-19T13:17:13.053322+0000,c1815f8c183cd828fba560b04ba2d4d0,365417280,/data_local/images/DTS/2015B-0602/DECam_00491827.fits.fz,/net/archive/pipeline/Q20151115/DEC15B/20151109/c4d_151111_023642_osj_g_v1.fits.fz,1.16,"{'gte': 52.129208333333324, 'lte': 52.129208333333324}","{'gte': -33.06372222222222, 'lte': -33.06372222222222}",52.129208333333324,-33.06372222222222,g DECam SDSS c0001 4720.0 1520.0,None,,1200.0,0,2015-11-11,2015-11-11T02:30:51.865220+0000,[7313],Munoz,2015B-0602,2017-05-03,decam,ct4m,ct,,object,NGC1399_t10_d11,stacked,image1,,2015-11-10,[None]
2021-06-27T21:28:11.856870+0000,c826fa88bd5a3bd5ca8747e46017717a,378622080,/data_local/images/DTS/2015B-0602/DECam_00492040.fits.fz,/net/archive/pipe/20151111/ct4m/2015B-0602/c4d_151112_003248_osj_i_NGFS.fits.fz,1.63,"{'gte': 50.77654166666666, 'lte': 50.77654166666666}","{'gte': -36.010555555555555, 'lte': -36.010555555555555}",50.77654166666666,-36.010555555555555,i DECam SDSS c0003 7835.0 1470.0,None,,40.0,0,2015-11-12,2015-11-12T00:31:51.838889+0000,[7313],Munoz,2015B-0602,2017-05-04,decam,ct4m,ct,,object,NGC1399_t12_d2_short,stacked,image1,,2015-11-11,[None]
2021-06-03T06:21:04.243842+0000,c6495fe7d48d9c30a2bdeb7767fa460a,10598400,/data_local/images/DTS/2015B-0602/DECam_00492135.fits.fz,/net/archive/pipe/20151111/ct4m/2015B-0602/c4d_151112_013601_ose_g_NGFS.fits.fz,1.4,"{'gte': 56.25304166666666, 'lte': 56.25304166666666}","{'gte': -34.376444444444445, 'lte': -34.376444444444445}",56.25304166666666,-34.376444444444445,g DECam SDSS c0001 4720.0 1520.0,None,,85.0,0,2015-11-12,2015-11-12T01:35:02.634071+0000,[7313],Munoz,2015B-0602,2017-05-04,decam,ct4m,ct,,object,NGC1399_t7_d1_short,stacked,expmap,,2015-11-11,[None]
2021-06-02T14:05:22.953005+0000,ef9552e41c535bffc3584bd87d966902,378930240,/data_local/images/DTS/2015B-0602/DECam_00492157.fits.fz,/net/archive/pipe/20151111/ct4m/2015B-0602/c4d_151112_015217_osj_g_NGFS.fits.fz,1.29,"{'gte': 53.80979166666666, 'lte': 53.80979166666666}","{'gte': -31.909333333333333, 'lte': -31.909333333333333}",53.80979166666666,-31.909333333333333,g DECam SDSS c0001 4720.0 1520.0,None,,70.0,0,2015-11-12,2015-11-12T01:51:17.810980+0000,[7313],Munoz,2015B-0602,2017-05-04,decam,ct4m,ct,,object,NGC1399_t9_d2_short,stacked,image1,,2015-11-11,[None]
2020-11-19T00:33:39.420922+0000,c387bfe9b5abc50cb62649f1d800fd04,17377920,/data_local/images/DTS/2015B-0602/DECam_00491814.fits.fz,/net/archive/pipeline/Q20151115/DEC15B/20151109/c4d_151111_013644_ose_g_v1.fits.fz,1.38,"{'gte': 54.55741666666666, 'lte': 54.55741666666666}","{'gte': -35.525444444444446, 'lte': -35.525444444444446}",54.55741666666666,-35.525444444444446,g DECam SDSS c0001 4720.0 1520.0,None,,360.0,0,2015-11-11,2015-11-11T01:35:24.815051+0000,[7313],Munoz,2015B-0602,2017-05-03,decam,ct4m,ct,,object,NGC1399_t1_d11_short,stacked,expmap,,2015-11-10,[None]
2020-11-19T13:17:14.286250+0000,c761eff43df99676cf4d6c64ea17a2bf,371908800,/data_local/images/DTS/2015B-0602/DECam_00491826.fits.fz,/net/archive/pipeline/Q20151115/DEC15B/20151109/c4d_151111_023106_osi_g_v1.fits.fz,1.22,"{'gte': 56.25516666666666, 'lte': 56.25516666666666}","{'gte': -34.38280555555556, 'lte': -34.38280555555556}",56.25516666666666,-34.38280555555556,g DECam SDSS c0001 4720.0 1520.0,None,,1500.0,0,2015-11-11,2015-11-11T02:25:16.804743+0000,[7313],Munoz,2015B-0602,2017-05-03,decam,ct4m,ct,,object,NGC1399_t7_d11,stacked,image,,2015-11-10,[None]
2021-06-03T08:37:13.458069+0000,d4abc73c2d4cd94a530026e61deded9c,378725760,/data_local/images/DTS/2015B-0602/DECam_00492135.fits.fz,/net/archive/pipe/20151111/ct4m/2015B-0602/c4d_151112_013601_osj_g_NGFS.fits.fz,1.4,"{'gte': 56.25304166666666, 'lte': 56.25304166666666}","{'gte': -34.376444444444445, 'lte': -34.376444444444445}",56.25304166666666,-34.376444444444445,g DECam SDSS c0001 4720.0 1520.0,None,,85.0,0,2015-11-12,2015-11-12T01:35:02.634071+0000,[7313],Munoz,2015B-0602,2017-05-04,decam,ct4m,ct,,object,NGC1399_t7_d1_short,stacked,image1,,2015-11-11,[None]
2020-11-19T13:17:13.156619+0000,edab6ea054a4f3e61f7cb2ea8772c75d,376493760,/data_local/images/DTS/2015B-0602/DECam_00492139.fits.fz,/net/archive/pipeline/Q20151115/DEC15B/20151109/c4d_151112_013854_osi_g_v1.fits.fz,1.29,"{'gte': 50.44379166666666, 'lte': 50.44379166666666}","{'gte': -34.206027777777784, 'lte': -34.206027777777784}",50.44379166666666,-34.206027777777784,g DECam SDSS c0001 4720.0 1520.0,None,,75.0,0,2015-11-12,2015-11-12T01:37:57.241451+0000,[7313],Munoz,2015B-0602,2017-05-04,decam,ct4m,ct,,object,NGC1399_t11_d1_short,stacked,image,,2015-11-11,[None]
2020-11-19T13:17:57.792929+0000,d8535e41c72b18fce5863f2ae34ddec3,328803840,/data_local/images/DTS/2015B-0602/DECam_00491817.fits.fz,/net/archive/pipeline/Q20151119/DEC15B/20151109/c4d_151111_015310_osw_g_v1.fits.fz,1.29,"{'gte': 52.499624999999995, 'lte': 52.499624999999995}","{'gte': -34.87175, 'lte': -34.87175}",52.499624999999995,-34.87175,g DECam SDSS c0001 4720.0 1520.0,None,,1500.0,0,2015-11-11,2015-11-11T01:47:20.199437+0000,[7313],Munoz,2015B-0602,2017-05-03,decam,ct4m,ct,,object,NGC1399_t3_d11,stacked,wtmap,,2015-11-10,[None]
2020-11-19T00:33:36.561463+0000,ce12e4ff951db20bddc7a6b14b9d59ee,956160,/data_local/images/DTS/2015B-0602/DECam_00491827.fits.fz,/net/archive/pipeline/Q20151114/DEC15B/20151109/c4d_151111_023642_osd_g_v1.fits.fz,1.16,"{'gte': 52.129208333333324, 'lte': 52.129208333333324}","{'gte': -33.06372222222222, 'lte': -33.06372222222222}",52.129208333333324,-33.06372222222222,g DECam SDSS c0001 4720.0 1520.0,None,,1200.0,0,2015-11-11,2015-11-11T02:30:51.865220+0000,[7313],Munoz,2015B-0602,2017-05-03,decam,ct4m,ct,,object,NGC1399_t10_d11,stacked,dqmask,,2015-11-10,[None]
2020-11-19T07:53:48.785986+0000,c5afd2b7134dd6f7e156e68f25f49155,375696000,/data_local/images/DTS/2015B-0602/DECam_00492136.fits.fz,/net/archive/pipeline/Q20151115/DEC15B/20151109/c4d_151112_013644_osi_g_v1.fits.fz,1.39,"{'gte': 55.86520833333333, 'lte': 55.86520833333333}","{'gte': -32.56641666666666, 'lte': -32.56641666666666}",55.86520833333333,-32.56641666666666,g DECam SDSS c0001 4720.0 1520.0,None,,75.0,0,2015-11-12,2015-11-12T01:35:44.998665+0000,[7313],Munoz,2015B-0602,2017-05-04,decam,ct4m,ct,,object,NGC1399_t8_d1_short,stacked,image,,2015-11-11,[None]
2020-11-19T13:17:39.813394+0000,c4720cb32cafea039d94c3e16d433de4,3957120,/data_local/images/DTS/2015B-0602/DECam_00492064.fits.fz,/net/archive/pipeline/Q20151116/DEC15B/20151109/c4d_151112_004831_ose_i_v1.fits.fz,1.68,"{'gte': 57.02558333333332, 'lte': 57.02558333333332}","{'gte': -37.993805555555554, 'lte': -37.993805555555554}",57.02558333333332,-37.993805555555554,i DECam SDSS c0003 7835.0 1470.0,None,,40.0,0,2015-11-12,2015-11-12T00:47:37.207936+0000,[7313],Munoz,2015B-0602,2017-05-04,decam,ct4m,ct,,object,NGC1399_t16_d3_short,stacked,expmap,,2015-11-11,[None]
2020-11-19T13:18:02.140489+0000,d6716fbb3e48e45e9a946848fe3e70ab,327628800,/data_local/images/DTS/2015B-0602/DECam_00491825.fits.fz,/net/archive/pipeline/Q20151119/DEC15B/20151109/c4d_151111_022537_osw_g_v1.fits.fz,1.24,"{'gte': 56.635458333333325, 'lte': 56.635458333333325}","{'gte': -36.190527777777774, 'lte': -36.190527777777774}",56.635458333333325,-36.190527777777774,g DECam SDSS c0001 4720.0 1520.0,None,,1500.0,0,2015-11-11,2015-11-11T02:19:47.373664+0000,[7313],Munoz,2015B-0602,2017-05-03,decam,ct4m,ct,,object,NGC1399_t6_d11,stacked,wtmap,,2015-11-10,[None]
2020-11-19T13:17:19.493855+0000,d864ab3d84b102546d06a6f04b50dff3,375212160,/data_local/images/DTS/2015B-0602/DECam_00492057.fits.fz,/net/archive/pipeline/Q20151115/DEC15B/20151109/c4d_151112_004359_osj_i_v1.fits.fz,1.68,"{'gte': 53.81325, 'lte': 53.81325}","{'gte': -31.90747222222222, 'lte': -31.90747222222222}",53.81325,-31.90747222222222,i DECam SDSS c0003 7835.0 1470.0,None,,40.0,0,2015-11-12,2015-11-12T00:43:07.010223+0000,[7313],Munoz,2015B-0602,2017-05-04,decam,ct4m,ct,,object,NGC1399_t9_d3_short,stacked,image1,,2015-11-11,[None]
2020-11-19T00:33:36.529868+0000,c9f4fe48434738c20474d1177b2840e9,5716800,/data_local/images/DTS/2015B-0602/DECam_00492132.fits.fz,/net/archive/pipeline/Q20151114/DEC15B/20151109/c4d_151112_013349_ose_g_v1.fits.fz,1.34,"{'gte': 52.87870833333333, 'lte': 52.87870833333333}","{'gte': -36.67547222222222, 'lte': -36.67547222222222}",52.87870833333333,-36.67547222222222,g DECam SDSS c0001 4720.0 1520.0,None,,75.0,0,2015-11-12,2015-11-12T01:32:52.173931+0000,[7313],Munoz,2015B-0602,2017-05-04,decam,ct4m,ct,,object,NGC1399_t4_d1_short,stacked,expmap,,2015-11-11,[None]
2020-11-19T13:17:07.268868+0000,ef9329908263b4a1e5285ca25a2b4ba6,376928640,/data_local/images/DTS/2015B-0602/DECam_00492140.fits.fz,/net/archive/pipeline/Q20151115/DEC15B/20151109/c4d_151112_013936_osj_g_v1.fits.fz,1.28,"{'gte': 50.77808333333333, 'lte': 50.77808333333333}","{'gte': -36.01463888888889, 'lte': -36.01463888888889}",50.77808333333333,-36.01463888888889,g DECam SDSS c0001 4720.0 1520.0,None,,75.0,0,2015-11-12,2015-11-12T01:38:39.687116+0000,[7313],Munoz,2015B-0602,2017-05-04,decam,ct4m,ct,,object,NGC1399_t12_d1_short,stacked,image1,,2015-11-11,[None]
2020-11-19T08:10:55.216322+0000,efc5676d9a56a61ff734a76356f63d55,774720,/data_local/images/DTS/2015B-0602/DECam_00492133.fits.fz,/net/archive/pipeline/Q20151115/DEC15B/20151109/c4d_151112_013435_osd_g_v1.fits.fz,1.37,"{'gte': 54.94154166666666, 'lte': 54.94154166666666}","{'gte': -37.334, 'lte': -37.334}",54.94154166666666,-37.334,g DECam SDSS c0001 4720.0 1520.0,None,,75.0,0,2015-11-12,2015-11-12T01:33:37.143157+0000,[7313],Munoz,2015B-0602,2017-05-04,decam,ct4m,ct,,object,NGC1399_t5_d1_short,stacked,dqmask,,2015-11-11,[None]
2020-11-19T13:17:01.056314+0000,c9b477889e3cacef117d631415e413b4,5860800,/data_local/images/DTS/2015B-0602/DECam_00492136.fits.fz,/net/archive/pipeline/Q20151115/DEC15B/20151109/c4d_151112_013644_ose_g_v1.fits.fz,1.39,"{'gte': 55.86520833333333, 'lte': 55.86520833333333}","{'gte': -32.56641666666666, 'lte': -32.56641666666666}",55.86520833333333,-32.56641666666666,g DECam SDSS c0001 4720.0 1520.0,None,,75.0,0,2015-11-12,2015-11-12T01:35:44.998665+0000,[7313],Munoz,2015B-0602,2017-05-04,decam,ct4m,ct,,object,NGC1399_t8_d1_short,stacked,expmap,,2015-11-11,[None]
2020-11-19T13:17:03.543310+0000,d9d5d5985038ac154fdf0c14a47cd576,377804160,/data_local/images/DTS/2015B-0602/DECam_00492141.fits.fz,/net/archive/pipeline/Q20151115/DEC15B/20151109/c4d_151112_014022_osi_g_v1.fits.fz,1.28,"{'gte': 51.12974999999999, 'lte': 51.12974999999999}","{'gte': -37.821000000000005, 'lte': -37.821000000000005}",51.12974999999999,-37.821000000000005,g DECam SDSS c0001 4720.0 1520.0,None,,75.0,0,2015-11-12,2015-11-12T01:39:23.431234+0000,[7313],Munoz,2015B-0602,2017-05-04,decam,ct4m,ct,,object,NGC1399_t13_d1_short,stacked,image,,2015-11-11,[None]
2020-11-19T13:17:23.566023+0000,f1f87e9594e0311309d6006b227d3705,806400,/data_local/images/DTS/2015B-0602/DECam_00492063.fits.fz,/net/archive/pipeline/Q20151115/DEC15B/20151109/c4d_151112_004753_osd_i_v1.fits.fz,1.63,"{'gte': 55.337875, 'lte': 55.337875}","{'gte': -39.14013888888889, 'lte': -39.14013888888889}",55.337875,-39.14013888888889,i DECam SDSS c0003 7835.0 1470.0,None,,40.0,0,2015-11-12,2015-11-12T00:46:58.857220+0000,[7313],Munoz,2015B-0602,2017-05-04,decam,ct4m,ct,,object,NGC1399_t15_d3_short,stacked,dqmask,,2015-11-11,[None]
2020-11-19T13:17:23.272204+0000,cf4e0e8dd0e8ea9897fb5f8f20715256,5388480,/data_local/images/DTS/2015B-0602/DECam_00492045.fits.fz,/net/archive/pipeline/Q20151115/DEC15B/20151109/c4d_151112_003559_ose_i_v1.fits.fz,1.86,"{'gte': 58.700999999999986, 'lte': 58.700999999999986}","{'gte': -36.97752777777778, 'lte': -36.97752777777778}",58.700999999999986,-36.97752777777778,i DECam SDSS c0003 7835.0 1470.0,None,,50.0,0,2015-11-12,2015-11-12T00:35:06.289790+0000,[7313],Munoz,2015B-0602,2017-05-04,decam,ct4m,ct,,object,NGC1399_t17_d2_short,stacked,expmap,,2015-11-11,[None]
2021-06-27T21:32:00.848773+0000,dca3e98daacb5ca1859374fd13ed958c,273078720,/data_local/images/DTS/2015B-0602/DECam_00492087.fits.fz,/net/archive/pipe/20151111/ct4m/2015B-0602/c4d_151112_010331_osw_i_NGFS.fits.fz,1.64,"{'gte': 57.92933333333333, 'lte': 57.92933333333333}","{'gte': -33.37936111111111, 'lte': -33.37936111111111}",57.92933333333333,-33.37936111111111,i DECam SDSS c0003 7835.0 1470.0,None,,40.0,0,2015-11-12,2015-11-12T01:02:39.865060+0000,[7313],Munoz,2015B-0602,2017-05-04,decam,ct4m,ct,,object,NGC1399_t19_d4_short,stacked,wtmap,,2015-11-11,[None]
2020-11-19T10:40:34.838767+0000,ca4dc10492ae7734d2f19f5661b4fe6a,378627840,/data_local/images/DTS/2015B-0602/DECam_00491805.fits.fz,/net/archive/pipeline/Q20151115/DEC15B/20151109/c4d_151111_005103_osj_i_v1.fits.fz,1.65,"{'gte': 54.17049999999999, 'lte': 54.17049999999999}","{'gte': -33.71066666666667, 'lte': -33.71066666666667}",54.17049999999999,-33.71066666666667,i DECam SDSS c0003 7835.0 1470.0,None,,140.0,0,2015-11-11,2015-11-11T00:49:42.911298+0000,[7313],Munoz,2015B-0602,2017-05-03,decam,ct4m,ct,,object,NGC1399_t2_d9_short,stacked,image1,,2015-11-10,[None]
2021-06-03T08:37:06.821434+0000,c9a38ccc098c4472b90710709617e3b1,377985600,/data_local/images/DTS/2015B-0602/DECam_00492144.fits.fz,/net/archive/pipe/20151111/ct4m/2015B-0602/c4d_151112_014238_osj_g_NGFS.fits.fz,1.37,"{'gte': 57.02804166666666, 'lte': 57.02804166666666}","{'gte': -37.99491666666667, 'lte': -37.99491666666667}",57.02804166666666,-37.99491666666667,g DECam SDSS c0001 4720.0 1520.0,None,,70.0,0,2015-11-12,2015-11-12T01:41:37.121785+0000,[7313],Munoz,2015B-0602,2017-05-04,decam,ct4m,ct,,object,NGC1399_t16_d1_short,stacked,image1,,2015-11-11,[None]
2020-11-19T13:17:19.816003+0000,d1f68b75f5026df4c9acf53b05c8f75c,377303040,/data_local/images/DTS/2015B-0602/DECam_00492041.fits.fz,/net/archive/pipeline/Q20151116/DEC15B/20151109/c4d_151112_003327_osi_i_v1.fits.fz,1.62,"{'gte': 51.128874999999994, 'lte': 51.128874999999994}","{'gte': -37.820972222222224, 'lte': -37.820972222222224}",51.128874999999994,-37.820972222222224,i DECam SDSS c0003 7835.0 1470.0,None,,50.0,0,2015-11-12,2015-11-12T00:32:30.241658+0000,[7313],Munoz,2015B-0602,2017-05-04,decam,ct4m,ct,,object,NGC1399_t13_d2_short,stacked,image,,2015-11-11,[None]
2020-11-19T13:17:57.725683+0000,d150ec657c31e80c4a172b778a025c82,330341760,/data_local/images/DTS/2015B-0602/DECam_00491800.fits.fz,/net/archive/pipeline/Q20151119/DEC15B/20151109/c4d_151111_002750_osw_i_v1.fits.fz,1.88,"{'gte': 54.938874999999996, 'lte': 54.938874999999996}","{'gte': -37.33408333333333, 'lte': -37.33408333333333}",54.938874999999996,-37.33408333333333,i DECam SDSS c0003 7835.0 1470.0,None,,600.0,0,2015-11-11,2015-11-11T00:22:00.769496+0000,[7313],Munoz,2015B-0602,2017-05-03,decam,ct4m,ct,,object,NGC1399_t5_d8,stacked,wtmap,,2015-11-10,[None]
2020-11-19T13:17:02.589816+0000,d4d3252c4968599da984a690ccf1e9ae,5880960,/data_local/images/DTS/2015B-0602/DECam_00492135.fits.fz,/net/archive/pipeline/Q20151115/DEC15B/20151109/c4d_151112_013601_ose_g_v1.fits.fz,1.4,"{'gte': 56.25304166666666, 'lte': 56.25304166666666}","{'gte': -34.376444444444445, 'lte': -34.376444444444445}",56.25304166666666,-34.376444444444445,g DECam SDSS c0001 4720.0 1520.0,None,,75.0,0,2015-11-12,2015-11-12T01:35:02.634071+0000,[7313],Munoz,2015B-0602,2017-05-04,decam,ct4m,ct,,object,NGC1399_t7_d1_short,stacked,expmap,,2015-11-11,[None]
2021-06-02T15:21:18.976502+0000,d729abab8114f50938ae1263154ed2e2,912960,/data_local/images/DTS/2015B-0602/DECam_00492147.fits.fz,/net/archive/pipe/20151111/ct4m/2015B-0602/c4d_151112_014443_osd_g_NGFS.fits.fz,1.39,"{'gte': 57.92679166666667, 'lte': 57.92679166666667}","{'gte': -33.3775, 'lte': -33.3775}",57.92679166666667,-33.3775,g DECam SDSS c0001 4720.0 1520.0,None,,70.0,0,2015-11-12,2015-11-12T01:43:45.194746+0000,[7313],Munoz,2015B-0602,2017-05-04,decam,ct4m,ct,,object,NGC1399_t19_d1_short,stacked,dqmask,,2015-11-11,[None]
2020-11-19T13:17:53.363397+0000,db193790dafd4eb64d5b1730e23722d3,3934080,/data_local/images/DTS/2015B-0602/DECam_00492066.fits.fz,/net/archive/pipeline/Q20151117/DEC15B/20151109/c4d_151112_004950_ose_i_v1.fits.fz,1.74,"{'gte': 58.31554166666666, 'lte': 58.31554166666666}","{'gte': -35.18847222222222, 'lte': -35.18847222222222}",58.31554166666666,-35.18847222222222,i DECam SDSS c0003 7835.0 1470.0,None,,40.0,0,2015-11-12,2015-11-12T00:48:51.719167+0000,[7313],Munoz,2015B-0602,2017-05-04,decam,ct4m,ct,,object,NGC1399_t18_d3_short,stacked,expmap,,2015-11-11,[None]
2020-11-19T13:17:51.305915+0000,f3e912c6fc5801f89decf011493842d8,371698560,/data_local/images/DTS/2015B-0602/DECam_00492074.fits.fz,/net/archive/pipeline/Q20151115/DEC15B/20151109/c4d_151112_005521_osi_i_v1.fits.fz,1.64,"{'gte': 56.634499999999996, 'lte': 56.634499999999996}","{'gte': -36.17691666666666, 'lte': -36.17691666666666}",56.634499999999996,-36.17691666666666,i DECam SDSS c0003 7835.0 1470.0,None,,30.0,0,2015-11-12,2015-11-12T00:54:22.010332+0000,[7313],Munoz,2015B-0602,2017-05-04,decam,ct4m,ct,,object,NGC1399_t6_d4_short,stacked,image,,2015-11-11,[None]
2021-06-27T21:32:06.418575+0000,bb943f7c45ced09341b50a6b2b082f1b,375808320,/data_local/images/DTS/2015B-0602/DECam_00492082.fits.fz,/net/archive/pipe/20151111/ct4m/2015B-0602/c4d_151112_010022_osj_i_NGFS.fits.fz,1.5,"{'gte': 53.26866666666666, 'lte': 53.26866666666666}","{'gte': -38.48252777777778, 'lte': -38.48252777777778}",53.26866666666666,-38.48252777777778,i DECam SDSS c0003 7835.0 1470.0,None,,40.0,0,2015-11-12,2015-11-12T00:59:26.954606+0000,[7313],Munoz,2015B-0602,2017-05-04,decam,ct4m,ct,,object,NGC1399_t14_d4_short,stacked,image1,,2015-11-11,[None]
2020-11-19T13:18:01.840994+0000,cf584cea8ed2b43fe9668cbe6af08baf,333607680,/data_local/images/DTS/2015B-0602/DECam_00492053.fits.fz,/net/archive/pipeline/Q20151119/DEC15B/20151109/c4d_151112_004128_osw_i_v1.fits.fz,1.68,"{'gte': 54.94424999999999, 'lte': 54.94424999999999}","{'gte': -37.33133333333333, 'lte': -37.33133333333333}",54.94424999999999,-37.33133333333333,i DECam SDSS c0003 7835.0 1470.0,None,,40.0,0,2015-11-12,2015-11-12T00:40:33.705025+0000,[7313],Munoz,2015B-0602,2017-05-04,decam,ct4m,ct,,object,NGC1399_t5_d3_short,stacked,wtmap,,2015-11-11,[None]
2020-11-19T13:17:32.792935+0000,dd2cfc22927539f2b0e86dd80052612d,371275200,/data_local/images/DTS/2015B-0602/DECam_00492080.fits.fz,/net/archive/pipeline/Q20151115/DEC15B/20151109/c4d_151112_005905_osi_i_v1.fits.fz,1.47,"{'gte': 50.78312499999999, 'lte': 50.78312499999999}","{'gte': -36.00794444444445, 'lte': -36.00794444444445}",50.78312499999999,-36.00794444444445,i DECam SDSS c0003 7835.0 1470.0,None,,30.0,0,2015-11-12,2015-11-12T00:58:08.737325+0000,[7313],Munoz,2015B-0602,2017-05-04,decam,ct4m,ct,,object,NGC1399_t12_d4_short,stacked,image,,2015-11-11,[None]
2020-11-19T13:17:59.993668+0000,cfd0a777f933b758b5e3fd36a322ce1e,333771840,/data_local/images/DTS/2015B-0602/DECam_00492066.fits.fz,/net/archive/pipeline/Q20151119/DEC15B/20151109/c4d_151112_004950_osw_i_v1.fits.fz,1.74,"{'gte': 58.31554166666666, 'lte': 58.31554166666666}","{'gte': -35.18847222222222, 'lte': -35.18847222222222}",58.31554166666666,-35.18847222222222,i DECam SDSS c0003 7835.0 1470.0,None,,40.0,0,2015-11-12,2015-11-12T00:48:51.719167+0000,[7313],Munoz,2015B-0602,2017-05-04,decam,ct4m,ct,,object,NGC1399_t18_d3_short,stacked,wtmap,,2015-11-11,[None]
2020-11-19T13:17:41.607655+0000,d90cfc23869ba0f1d6ae184ff01cdc1b,372121920,/data_local/images/DTS/2015B-0602/DECam_00491799.fits.fz,/net/archive/pipeline/Q20151117/DEC15B/20151109/c4d_151111_002220_osi_i_v1.fits.fz,1.86,"{'gte': 52.87783333333332, 'lte': 52.87783333333332}","{'gte': -36.67608333333333, 'lte': -36.67608333333333}",52.87783333333332,-36.67608333333333,i DECam SDSS c0003 7835.0 1470.0,None,,900.0,0,2015-11-11,2015-11-11T00:16:29.781982+0000,[7313],Munoz,2015B-0602,2017-05-03,decam,ct4m,ct,,object,NGC1399_t4_d8,stacked,image,,2015-11-10,[None]
2021-06-03T06:21:37.739930+0000,d7ff4337cb0b7d7bd0ec858b71f17e61,373089600,/data_local/images/DTS/2015B-0602/DECam_00492145.fits.fz,/net/archive/pipe/20151111/ct4m/2015B-0602/c4d_151112_014319_osi_g_NGFS.fits.fz,1.4,"{'gte': 58.700958333333325, 'lte': 58.700958333333325}","{'gte': -36.97827777777778, 'lte': -36.97827777777778}",58.700958333333325,-36.97827777777778,g DECam SDSS c0001 4720.0 1520.0,None,,55.0,0,2015-11-12,2015-11-12T01:42:20.195253+0000,[7313],Munoz,2015B-0602,2017-05-04,decam,ct4m,ct,,object,NGC1399_t17_d1_short,stacked,image,,2015-11-11,[None]
2021-06-27T21:26:18.401960+0000,cf4846ea0faf19ffcd0df8f77624089a,375076800,/data_local/images/DTS/2015B-0602/DECam_00492017.fits.fz,/net/archive/pipe/20151111/ct4m/2015B-0602/c4d_151112_001743_osj_i_NGFS.fits.fz,1.93,"{'gte': 53.81454166666666, 'lte': 53.81454166666666}","{'gte': -31.913527777777777, 'lte': -31.913527777777777}",53.81454166666666,-31.913527777777777,i DECam SDSS c0003 7835.0 1470.0,None,,50.0,0,2015-11-12,2015-11-12T00:16:49.393650+0000,[7313],Munoz,2015B-0602,2017-05-04,decam,ct4m,ct,,object,NGC1399_t9_d1_short,stacked,image1,,2015-11-11,[None]
2020-11-19T13:17:13.514478+0000,cf8ed88e7157596706c746a0ca965a0a,777600,/data_local/images/DTS/2015B-0602/DECam_00492137.fits.fz,/net/archive/pipeline/Q20151115/DEC15B/20151109/c4d_151112_013725_osd_g_v1.fits.fz,1.35,"{'gte': 53.809749999999994, 'lte': 53.809749999999994}","{'gte': -31.909333333333333, 'lte': -31.909333333333333}",53.809749999999994,-31.909333333333333,g DECam SDSS c0001 4720.0 1520.0,None,,75.0,0,2015-11-12,2015-11-12T01:36:28.523509+0000,[7313],Munoz,2015B-0602,2017-05-04,decam,ct4m,ct,,object,NGC1399_t9_d1_short,stacked,dqmask,,2015-11-11,[None]
2020-11-19T13:17:14.229078+0000,f97f36881bcb04cfa12899d7850b67d2,771840,/data_local/images/DTS/2015B-0602/DECam_00492136.fits.fz,/net/archive/pipeline/Q20151115/DEC15B/20151109/c4d_151112_013644_osd_g_v1.fits.fz,1.39,"{'gte': 55.86520833333333, 'lte': 55.86520833333333}","{'gte': -32.56641666666666, 'lte': -32.56641666666666}",55.86520833333333,-32.56641666666666,g DECam SDSS c0001 4720.0 1520.0,None,,75.0,0,2015-11-12,2015-11-12T01:35:44.998665+0000,[7313],Munoz,2015B-0602,2017-05-04,decam,ct4m,ct,,object,NGC1399_t8_d1_short,stacked,dqmask,,2015-11-11,[None]
2021-06-27T21:26:49.672976+0000,cfa5294e022ba2adf60b09e9175b752f,371640960,/data_local/images/DTS/2015B-0602/DECam_00492024.fits.fz,/net/archive/pipe/20151111/ct4m/2015B-0602/c4d_151112_002215_osi_i_NGFS.fits.fz,1.92,"{'gte': 57.01962499999999, 'lte': 57.01962499999999}","{'gte': -37.99608333333333, 'lte': -37.99608333333333}",57.01962499999999,-37.99608333333333,i DECam SDSS c0003 7835.0 1470.0,None,,50.0,0,2015-11-12,2015-11-12T00:21:19.287398+0000,[7313],Munoz,2015B-0602,2017-05-04,decam,ct4m,ct,,object,NGC1399_t16_d1_short,stacked,image,,2015-11-11,[None]
2020-11-19T13:16:59.931687+0000,f9318d76ec041585f5f5222cab8b5827,812160,/data_local/images/DTS/2015B-0602/DECam_00492146.fits.fz,/net/archive/pipeline/Q20151115/DEC15B/20151109/c4d_151112_014400_osd_g_v1.fits.fz,1.39,"{'gte': 58.31233333333333, 'lte': 58.31233333333333}","{'gte': -35.183388888888885, 'lte': -35.183388888888885}",58.31233333333333,-35.183388888888885,g DECam SDSS c0001 4720.0 1520.0,None,,60.0,0,2015-11-12,2015-11-12T01:43:03.261737+0000,[7313],Munoz,2015B-0602,2017-05-04,decam,ct4m,ct,,object,NGC1399_t18_d1_short,stacked,dqmask,,2015-11-11,[None]
2021-06-27T21:32:05.874811+0000,b6423e6bcfb7dc51c891dc96f564b28b,973440,/data_local/images/DTS/2015B-0602/DECam_00492082.fits.fz,/net/archive/pipe/20151111/ct4m/2015B-0602/c4d_151112_010022_osd_i_NGFS.fits.fz,1.5,"{'gte': 53.26866666666666, 'lte': 53.26866666666666}","{'gte': -38.48252777777778, 'lte': -38.48252777777778}",53.26866666666666,-38.48252777777778,i DECam SDSS c0003 7835.0 1470.0,None,,40.0,0,2015-11-12,2015-11-12T00:59:26.954606+0000,[7313],Munoz,2015B-0602,2017-05-04,decam,ct4m,ct,,object,NGC1399_t14_d4_short,stacked,dqmask,,2015-11-11,[None]
2020-11-19T13:17:26.676806+0000,d1939209ca0fdb6ed7a170a680fae4a3,377303040,/data_local/images/DTS/2015B-0602/DECam_00492036.fits.fz,/net/archive/pipeline/Q20151115/DEC15B/20151109/c4d_151112_003014_osj_i_v1.fits.fz,1.87,"{'gte': 55.863375, 'lte': 55.863375}","{'gte': -32.56480555555555, 'lte': -32.56480555555555}",55.863375,-32.56480555555555,i DECam SDSS c0003 7835.0 1470.0,None,,50.0,0,2015-11-12,2015-11-12T00:29:20.284841+0000,[7313],Munoz,2015B-0602,2017-05-04,decam,ct4m,ct,,object,NGC1399_t8_d2_short,stacked,image1,,2015-11-11,[None]
2020-11-19T13:17:28.901616+0000,e73119c14621c339a186d14098d2f866,333858240,/data_local/images/DTS/2015B-0602/DECam_00492057.fits.fz,/net/archive/pipeline/Q20151119/DEC15B/20151109/c4d_151112_004359_osw_i_v1.fits.fz,1.68,"{'gte': 53.81325, 'lte': 53.81325}","{'gte': -31.90747222222222, 'lte': -31.90747222222222}",53.81325,-31.90747222222222,i DECam SDSS c0003 7835.0 1470.0,None,,40.0,0,2015-11-12,2015-11-12T00:43:07.010223+0000,[7313],Munoz,2015B-0602,2017-05-04,decam,ct4m,ct,,object,NGC1399_t9_d3_short,stacked,wtmap,,2015-11-11,[None]
2021-06-03T08:38:04.483481+0000,f70e611d37de27d025020c07307cad4e,275728320,/data_local/images/DTS/2015B-0602/DECam_00492144.fits.fz,/net/archive/pipe/20151111/ct4m/2015B-0602/c4d_151112_014238_osw_g_NGFS.fits.fz,1.37,"{'gte': 57.02804166666666, 'lte': 57.02804166666666}","{'gte': -37.99491666666667, 'lte': -37.99491666666667}",57.02804166666666,-37.99491666666667,g DECam SDSS c0001 4720.0 1520.0,None,,70.0,0,2015-11-12,2015-11-12T01:41:37.121785+0000,[7313],Munoz,2015B-0602,2017-05-04,decam,ct4m,ct,,object,NGC1399_t16_d1_short,stacked,wtmap,,2015-11-11,[None]
2020-11-19T12:20:05.190502+0000,d3075515f8900f60a825a794e7d83cbd,7568640,/data_local/images/DTS/2015B-0602/DECam_00492036.fits.fz,/net/archive/pipeline/Q20151115/DEC15B/20151109/c4d_151112_003014_ose_i_v1.fits.fz,1.87,"{'gte': 55.863375, 'lte': 55.863375}","{'gte': -32.56480555555555, 'lte': -32.56480555555555}",55.863375,-32.56480555555555,i DECam SDSS c0003 7835.0 1470.0,None,,50.0,0,2015-11-12,2015-11-12T00:29:20.284841+0000,[7313],Munoz,2015B-0602,2017-05-04,decam,ct4m,ct,,object,NGC1399_t8_d2_short,stacked,expmap,,2015-11-11,[None]
2020-11-19T13:17:34.317990+0000,dcc9934a709306db28cfb0bf520867ac,6212160,/data_local/images/DTS/2015B-0602/DECam_00491807.fits.fz,/net/archive/pipeline/Q20151115/DEC15B/20151109/c4d_151111_010200_ose_i_v1.fits.fz,1.55,"{'gte': 52.494791666666664, 'lte': 52.494791666666664}","{'gte': -34.86933333333334, 'lte': -34.86933333333334}",52.494791666666664,-34.86933333333334,i DECam SDSS c0003 7835.0 1470.0,None,,600.0,0,2015-11-11,2015-11-11T00:56:09.130523+0000,[7313],Munoz,2015B-0602,2017-05-03,decam,ct4m,ct,,object,NGC1399_t3_d9,stacked,expmap,,2015-11-10,[None]
2020-11-19T13:17:10.887771+0000,e1f73a6997894b624f77df3cfab6bbd8,377190720,/data_local/images/DTS/2015B-0602/DECam_00492143.fits.fz,/net/archive/pipeline/Q20151115/DEC15B/20151109/c4d_151112_014150_osj_g_v1.fits.fz,1.34,"{'gte': 55.331833333333336, 'lte': 55.331833333333336}","{'gte': -39.139916666666664, 'lte': -39.139916666666664}",55.331833333333336,-39.139916666666664,g DECam SDSS c0001 4720.0 1520.0,None,,75.0,0,2015-11-12,2015-11-12T01:40:52.733989+0000,[7313],Munoz,2015B-0602,2017-05-04,decam,ct4m,ct,,object,NGC1399_t15_d1_short,stacked,image1,,2015-11-11,[None]
2020-11-19T13:17:43.014081+0000,faf9961f5deb18339692c5a5e5f84407,369699840,/data_local/images/DTS/2015B-0602/DECam_00491807.fits.fz,/net/archive/pipeline/Q20151115/DEC15B/20151109/c4d_151111_010200_osj_i_v1.fits.fz,1.55,"{'gte': 52.494791666666664, 'lte': 52.494791666666664}","{'gte': -34.86933333333334, 'lte': -34.86933333333334}",52.494791666666664,-34.86933333333334,i DECam SDSS c0003 7835.0 1470.0,None,,600.0,0,2015-11-11,2015-11-11T00:56:09.130523+0000,[7313],Munoz,2015B-0602,2017-05-03,decam,ct4m,ct,,object,NGC1399_t3_d9,stacked,image1,,2015-11-10,[None]
2021-06-27T21:31:59.685268+0000,dbb7c223b3410a8a5d7b4db8bcd86e4b,13262400,/data_local/images/DTS/2015B-0602/DECam_00492087.fits.fz,/net/archive/pipe/20151111/ct4m/2015B-0602/c4d_151112_010331_ose_i_NGFS.fits.fz,1.64,"{'gte': 57.92933333333333, 'lte': 57.92933333333333}","{'gte': -33.37936111111111, 'lte': -33.37936111111111}",57.92933333333333,-33.37936111111111,i DECam SDSS c0003 7835.0 1470.0,None,,40.0,0,2015-11-12,2015-11-12T01:02:39.865060+0000,[7313],Munoz,2015B-0602,2017-05-04,decam,ct4m,ct,,object,NGC1399_t19_d4_short,stacked,expmap,,2015-11-11,[None]
2020-11-19T00:56:29.121566+0000,fbd81da747cdc4f80d2bdb946d00a1c8,797760,/data_local/images/DTS/2015B-0602/DECam_00492131.fits.fz,/net/archive/pipeline/Q20151115/DEC15B/20151109/c4d_151112_013308_osd_g_v1.fits.fz,1.34,"{'gte': 52.49383333333333, 'lte': 52.49383333333333}","{'gte': -34.86688888888889, 'lte': -34.86688888888889}",52.49383333333333,-34.86688888888889,g DECam SDSS c0001 4720.0 1520.0,None,,60.0,0,2015-11-12,2015-11-12T01:32:09.884102+0000,[7313],Munoz,2015B-0602,2017-05-04,decam,ct4m,ct,,object,NGC1399_t3_d1_short,stacked,dqmask,,2015-11-11,[None]
2020-11-19T07:42:26.684751+0000,b99f2eeb97ba067e9d5c8f2cdde1a596,377827200,/data_local/images/DTS/2015B-0602/DECam_00492045.fits.fz,/net/archive/pipeline/Q20151116/DEC15B/20151109/c4d_151112_003559_osi_i_v1.fits.fz,1.86,"{'gte': 58.700999999999986, 'lte': 58.700999999999986}","{'gte': -36.97752777777778, 'lte': -36.97752777777778}",58.700999999999986,-36.97752777777778,i DECam SDSS c0003 7835.0 1470.0,None,,50.0,0,2015-11-12,2015-11-12T00:35:06.289790+0000,[7313],Munoz,2015B-0602,2017-05-04,decam,ct4m,ct,,object,NGC1399_t17_d2_short,stacked,image,,2015-11-11,[None]
2020-11-19T13:18:01.589961+0000,ff4013435a7afdb12adb20924ad1dd7a,336340800,/data_local/images/DTS/2015B-0602/DECam_00492145.fits.fz,/net/archive/pipeline/Q20151119/DEC15B/20151109/c4d_151112_014319_osw_g_v1.fits.fz,1.4,"{'gte': 58.70291666666665, 'lte': 58.70291666666665}","{'gte': -36.97827777777778, 'lte': -36.97827777777778}",58.70291666666665,-36.97827777777778,g DECam SDSS c0001 4720.0 1520.0,None,,75.0,0,2015-11-12,2015-11-12T01:42:20.195253+0000,[7313],Munoz,2015B-0602,2017-05-04,decam,ct4m,ct,,object,NGC1399_t17_d1_short,stacked,wtmap,,2015-11-11,[None]
2020-11-19T07:42:26.251779+0000,bdb8d246adef43f975dbfbf06f9587fa,373662720,/data_local/images/DTS/2015B-0602/DECam_00491806.fits.fz,/net/archive/pipeline/Q20151115/DEC15B/20151109/c4d_151111_005628_osj_i_v1.fits.fz,1.64,"{'gte': 54.16629166666666, 'lte': 54.16629166666666}","{'gte': -33.71791666666667, 'lte': -33.71791666666667}",54.16629166666666,-33.71791666666667,i DECam SDSS c0003 7835.0 1470.0,None,,1200.0,0,2015-11-11,2015-11-11T00:50:40.768977+0000,[7313],Munoz,2015B-0602,2017-05-03,decam,ct4m,ct,,object,NGC1399_t2_d9,stacked,image1,,2015-11-10,[None]
2020-11-19T04:38:58.753932+0000,ebdb566c8e3b55caa061ca1e7d65a25f,5293440,/data_local/images/DTS/2015B-0602/DECam_00491801.fits.fz,/net/archive/pipeline/Q20151115/DEC15B/20151109/c4d_151111_003320_ose_i_v1.fits.fz,1.9,"{'gte': 56.62995833333333, 'lte': 56.62995833333333}","{'gte': -36.18408333333333, 'lte': -36.18408333333333}",56.62995833333333,-36.18408333333333,i DECam SDSS c0003 7835.0 1470.0,None,,600.0,0,2015-11-11,2015-11-11T00:27:30.214197+0000,[7313],Munoz,2015B-0602,2017-05-03,decam,ct4m,ct,,object,NGC1399_t6_d8,stacked,expmap,,2015-11-10,[None]
2021-06-27T21:27:13.788035+0000,e250b8f16a8fae4bce6bbbaf8c68c468,273723840,/data_local/images/DTS/2015B-0602/DECam_00492036.fits.fz,/net/archive/pipe/20151111/ct4m/2015B-0602/c4d_151112_003014_osw_i_NGFS.fits.fz,1.87,"{'gte': 55.863375, 'lte': 55.863375}","{'gte': -32.57055555555556, 'lte': -32.57055555555556}",55.863375,-32.57055555555556,i DECam SDSS c0003 7835.0 1470.0,None,,50.0,0,2015-11-12,2015-11-12T00:29:20.284841+0000,[7313],Munoz,2015B-0602,2017-05-04,decam,ct4m,ct,,object,NGC1399_t8_d2_short,stacked,wtmap,,2015-11-11,[None]
2020-11-19T13:17:11.307739+0000,e89be6981eea884638132ad44e97fb78,377280000,/data_local/images/DTS/2015B-0602/DECam_00492142.fits.fz,/net/archive/pipeline/Q20151114/DEC15B/20151109/c4d_151112_014105_osi_g_v1.fits.fz,1.31,"{'gte': 53.26283333333332, 'lte': 53.26283333333332}","{'gte': -38.487027777777776, 'lte': -38.487027777777776}",53.26283333333332,-38.487027777777776,g DECam SDSS c0001 4720.0 1520.0,None,,75.0,0,2015-11-12,2015-11-12T01:40:08.328215+0000,[7313],Munoz,2015B-0602,2017-05-04,decam,ct4m,ct,,object,NGC1399_t14_d1_short,stacked,image,,2015-11-11,[None]
2021-06-02T14:05:29.924107+0000,e9ac360b84583396a829302ab2768fbd,817920,/data_local/images/DTS/2015B-0602/DECam_00492157.fits.fz,/net/archive/pipe/20151111/ct4m/2015B-0602/c4d_151112_015217_osd_g_NGFS.fits.fz,1.29,"{'gte': 53.80979166666666, 'lte': 53.80979166666666}","{'gte': -31.909333333333333, 'lte': -31.909333333333333}",53.80979166666666,-31.909333333333333,g DECam SDSS c0001 4720.0 1520.0,None,,70.0,0,2015-11-12,2015-11-12T01:51:17.810980+0000,[7313],Munoz,2015B-0602,2017-05-04,decam,ct4m,ct,,object,NGC1399_t9_d2_short,stacked,dqmask,,2015-11-11,[None]
2021-06-27T21:29:04.675130+0000,bec7560bb33c65b70e54e0b493b2e61f,378095040,/data_local/images/DTS/2015B-0602/DECam_00492051.fits.fz,/net/archive/pipe/20151111/ct4m/2015B-0602/c4d_151112_004008_osi_i_NGFS.fits.fz,1.64,"{'gte': 52.50154166666666, 'lte': 52.50154166666666}","{'gte': -34.86402777777778, 'lte': -34.86402777777778}",52.50154166666666,-34.86402777777778,i DECam SDSS c0003 7835.0 1470.0,None,,50.0,0,2015-11-12,2015-11-12T00:39:16.340174+0000,[7313],Munoz,2015B-0602,2017-05-04,decam,ct4m,ct,,object,NGC1399_t3_d3_short,stacked,image,,2015-11-11,[None]
2020-11-18T23:41:45.851784+0000,bfcc7d9c1196934c66b1e016849af0de,1010880,/data_local/images/DTS/2015B-0602/DECam_00491824.fits.fz,/net/archive/pipeline/Q20151115/DEC15B/20151109/c4d_151111_022007_osd_g_v1.fits.fz,1.23,"{'gte': 54.94458333333333, 'lte': 54.94458333333333}","{'gte': -37.33980555555556, 'lte': -37.33980555555556}",54.94458333333333,-37.33980555555556,g DECam SDSS c0001 4720.0 1520.0,None,,1500.0,0,2015-11-11,2015-11-11T02:14:17.834719+0000,[7313],Munoz,2015B-0602,2017-05-03,decam,ct4m,ct,,object,NGC1399_t5_d11,stacked,dqmask,,2015-11-10,[None]
2020-11-19T13:17:12.487150+0000,f057a872b72a872e8094f5d20a84a19c,376560000,/data_local/images/DTS/2015B-0602/DECam_00492137.fits.fz,/net/archive/pipeline/Q20151115/DEC15B/20151109/c4d_151112_013725_osj_g_v1.fits.fz,1.35,"{'gte': 53.809749999999994, 'lte': 53.809749999999994}","{'gte': -31.909333333333333, 'lte': -31.909333333333333}",53.809749999999994,-31.909333333333333,g DECam SDSS c0001 4720.0 1520.0,None,,75.0,0,2015-11-12,2015-11-12T01:36:28.523509+0000,[7313],Munoz,2015B-0602,2017-05-04,decam,ct4m,ct,,object,NGC1399_t9_d1_short,stacked,image1,,2015-11-11,[None]
2020-11-19T13:17:01.386353+0000,eb17a30b6fb30e2736f33f95419f2559,6091200,/data_local/images/DTS/2015B-0602/DECam_00492143.fits.fz,/net/archive/pipeline/Q20151115/DEC15B/20151109/c4d_151112_014150_ose_g_v1.fits.fz,1.34,"{'gte': 55.331833333333336, 'lte': 55.331833333333336}","{'gte': -39.139916666666664, 'lte': -39.139916666666664}",55.331833333333336,-39.139916666666664,g DECam SDSS c0001 4720.0 1520.0,None,,75.0,0,2015-11-12,2015-11-12T01:40:52.733989+0000,[7313],Munoz,2015B-0602,2017-05-04,decam,ct4m,ct,,object,NGC1399_t15_d1_short,stacked,expmap,,2015-11-11,[None]
2020-11-19T03:44:41.387333+0000,ee5079dc0f667535ef1ba86258a8a474,794880,/data_local/images/DTS/2015B-0602/DECam_00492057.fits.fz,/net/archive/pipeline/Q20151115/DEC15B/20151109/c4d_151112_004359_osd_i_v1.fits.fz,1.68,"{'gte': 53.81325, 'lte': 53.81325}","{'gte': -31.90747222222222, 'lte': -31.90747222222222}",53.81325,-31.90747222222222,i DECam SDSS c0003 7835.0 1470.0,None,,40.0,0,2015-11-12,2015-11-12T00:43:07.010223+0000,[7313],Munoz,2015B-0602,2017-05-04,decam,ct4m,ct,,object,NGC1399_t9_d3_short,stacked,dqmask,,2015-11-11,[None]
2020-11-19T09:34:17.886534+0000,d505c521e00a908f1d2d03708f10f0cf,2926080,/data_local/images/DTS/2015B-0602/DECam_00492074.fits.fz,/net/archive/pipeline/Q20151115/DEC15B/20151109/c4d_151112_005521_ose_i_v1.fits.fz,1.64,"{'gte': 56.634499999999996, 'lte': 56.634499999999996}","{'gte': -36.17691666666666, 'lte': -36.17691666666666}",56.634499999999996,-36.17691666666666,i DECam SDSS c0003 7835.0 1470.0,None,,30.0,0,2015-11-12,2015-11-12T00:54:22.010332+0000,[7313],Munoz,2015B-0602,2017-05-04,decam,ct4m,ct,,object,NGC1399_t6_d4_short,stacked,expmap,,2015-11-11,[None]
2020-11-19T13:17:06.578858+0000,eb6443f7416212f6b67b5d384fe14d5f,368976960,/data_local/images/DTS/2015B-0602/DECam_00491828.fits.fz,/net/archive/pipeline/Q20151115/DEC15B/20151109/c4d_151111_024214_osj_g_v1.fits.fz,1.14,"{'gte': 51.132208333333324, 'lte': 51.132208333333324}","{'gte': -37.82622222222223, 'lte': -37.82622222222223}",51.132208333333324,-37.82622222222223,g DECam SDSS c0001 4720.0 1520.0,None,,900.0,0,2015-11-11,2015-11-11T02:36:27.336804+0000,[7313],Munoz,2015B-0602,2017-05-03,decam,ct4m,ct,,object,NGC1399_t13_d11,stacked,image1,,2015-11-10,[None]
2020-11-19T13:17:33.537522+0000,cae3cde6c6af3ab0a845a4ea436b4f7c,368006400,/data_local/images/DTS/2015B-0602/DECam_00491812.fits.fz,/net/archive/pipeline/Q20151115/DEC15B/20151109/c4d_151111_012927_osi_i_v1.fits.fz,1.4,"{'gte': 52.121624999999995, 'lte': 52.121624999999995}","{'gte': -33.060805555555554, 'lte': -33.060805555555554}",52.121624999999995,-33.060805555555554,i DECam SDSS c0003 7835.0 1470.0,None,,600.0,0,2015-11-11,2015-11-11T01:23:38.671621+0000,[7313],Munoz,2015B-0602,2017-05-03,decam,ct4m,ct,,object,NGC1399_t10_d9,stacked,image,,2015-11-10,[None]
2021-06-03T07:21:26.262862+0000,e3841e1bc889d00390192055635e075d,6857280,/data_local/images/DTS/2015B-0602/DECam_00492136.fits.fz,/net/archive/pipe/20151111/ct4m/2015B-0602/c4d_151112_013644_ose_g_NGFS.fits.fz,1.39,"{'gte': 55.86833333333333, 'lte': 55.86833333333333}","{'gte': -32.56444444444444, 'lte': -32.56444444444444}",55.86833333333333,-32.56444444444444,g DECam SDSS c0001 4720.0 1520.0,None,,55.0,0,2015-11-12,2015-11-12T01:35:44.998665+0000,[7313],Munoz,2015B-0602,2017-05-04,decam,ct4m,ct,,object,NGC1399_t8_d1_short,stacked,expmap,,2015-11-11,[None]
2020-11-19T08:10:55.264678+0000,e932532c10cdd51b05705648926ada59,786240,/data_local/images/DTS/2015B-0602/DECam_00492142.fits.fz,/net/archive/pipeline/Q20151115/DEC15B/20151109/c4d_151112_014105_osd_g_v1.fits.fz,1.31,"{'gte': 53.26283333333332, 'lte': 53.26283333333332}","{'gte': -38.487027777777776, 'lte': -38.487027777777776}",53.26283333333332,-38.487027777777776,g DECam SDSS c0001 4720.0 1520.0,None,,75.0,0,2015-11-12,2015-11-12T01:40:08.328215+0000,[7313],Munoz,2015B-0602,2017-05-04,decam,ct4m,ct,,object,NGC1399_t14_d1_short,stacked,dqmask,,2015-11-11,[None]
2020-11-19T12:20:20.453595+0000,ec1dc781ba8b3ff2e70efed0fdc638bb,335819520,/data_local/images/DTS/2015B-0602/DECam_00492139.fits.fz,/net/archive/pipeline/Q20151119/DEC15B/20151109/c4d_151112_013854_osw_g_v1.fits.fz,1.29,"{'gte': 50.44379166666666, 'lte': 50.44379166666666}","{'gte': -34.206027777777784, 'lte': -34.206027777777784}",50.44379166666666,-34.206027777777784,g DECam SDSS c0001 4720.0 1520.0,None,,75.0,0,2015-11-12,2015-11-12T01:37:57.241451+0000,[7313],Munoz,2015B-0602,2017-05-04,decam,ct4m,ct,,object,NGC1399_t11_d1_short,stacked,wtmap,,2015-11-11,[None]
2021-06-27T21:26:17.950850+0000,eb02f5c5a19d9bdb6096bbd06cc3c907,375096960,/data_local/images/DTS/2015B-0602/DECam_00492017.fits.fz,/net/archive/pipe/20151111/ct4m/2015B-0602/c4d_151112_001743_osi_i_NGFS.fits.fz,1.93,"{'gte': 53.81454166666666, 'lte': 53.81454166666666}","{'gte': -31.913527777777777, 'lte': -31.913527777777777}",53.81454166666666,-31.913527777777777,i DECam SDSS c0003 7835.0 1470.0,None,,50.0,0,2015-11-12,2015-11-12T00:16:49.393650+0000,[7313],Munoz,2015B-0602,2017-05-04,decam,ct4m,ct,,object,NGC1399_t9_d1_short,stacked,image,,2015-11-11,[None]
2021-06-02T15:22:03.320518+0000,ef668900857f770778899cdfef59d6a3,10137600,/data_local/images/DTS/2015B-0602/DECam_00492139.fits.fz,/net/archive/pipe/20151111/ct4m/2015B-0602/c4d_151112_013854_ose_g_NGFS.fits.fz,1.29,"{'gte': 50.44383333333332, 'lte': 50.44383333333332}","{'gte': -34.206027777777784, 'lte': -34.206027777777784}",50.44383333333332,-34.206027777777784,g DECam SDSS c0001 4720.0 1520.0,None,,85.0,0,2015-11-12,2015-11-12T01:37:57.241451+0000,[7313],Munoz,2015B-0602,2017-05-04,decam,ct4m,ct,,object,NGC1399_t11_d1_short,stacked,expmap,,2015-11-11,[None]
2020-11-19T13:17:03.491722+0000,f11f02f1fab8398eccf315a6e0b699d4,5901120,/data_local/images/DTS/2015B-0602/DECam_00492141.fits.fz,/net/archive/pipeline/Q20151115/DEC15B/20151109/c4d_151112_014022_ose_g_v1.fits.fz,1.28,"{'gte': 51.12974999999999, 'lte': 51.12974999999999}","{'gte': -37.821000000000005, 'lte': -37.821000000000005}",51.12974999999999,-37.821000000000005,g DECam SDSS c0001 4720.0 1520.0,None,,75.0,0,2015-11-12,2015-11-12T01:39:23.431234+0000,[7313],Munoz,2015B-0602,2017-05-04,decam,ct4m,ct,,object,NGC1399_t13_d1_short,stacked,expmap,,2015-11-11,[None]
2020-11-19T13:16:51.504023+0000,f00f8f67d464dcb3a913a146d2db658c,14477760,/data_local/images/DTS/2015B-0602/DECam_00491817.fits.fz,/net/archive/pipeline/Q20151114/DEC15B/20151109/c4d_151111_015310_ose_g_v1.fits.fz,1.29,"{'gte': 52.499624999999995, 'lte': 52.499624999999995}","{'gte': -34.87175, 'lte': -34.87175}",52.499624999999995,-34.87175,g DECam SDSS c0001 4720.0 1520.0,None,,1500.0,0,2015-11-11,2015-11-11T01:47:20.199437+0000,[7313],Munoz,2015B-0602,2017-05-03,decam,ct4m,ct,,object,NGC1399_t3_d11,stacked,expmap,,2015-11-10,[None]
2020-11-19T13:17:43.673856+0000,ee3c493e4b32f1cd9ac285ca94b62f2e,5895360,/data_local/images/DTS/2015B-0602/DECam_00492062.fits.fz,/net/archive/pipeline/Q20151115/DEC15B/20151109/c4d_151112_004712_ose_i_v1.fits.fz,1.58,"{'gte': 53.268583333333325, 'lte': 53.268583333333325}","{'gte': -38.486333333333334, 'lte': -38.486333333333334}",53.268583333333325,-38.486333333333334,i DECam SDSS c0003 7835.0 1470.0,None,,40.0,0,2015-11-12,2015-11-12T00:46:17.214590+0000,[7313],Munoz,2015B-0602,2017-05-04,decam,ct4m,ct,,object,NGC1399_t14_d3_short,stacked,expmap,,2015-11-11,[None]
2021-06-27T21:28:51.056213+0000,cc60cb57f4ebe0e81e7da45bf0279cf4,380687040,/data_local/images/DTS/2015B-0602/DECam_00492045.fits.fz,/net/archive/pipe/20151111/ct4m/2015B-0602/c4d_151112_003559_osj_i_NGFS.fits.fz,1.86,"{'gte': 58.70104166666666, 'lte': 58.70104166666666}","{'gte': -36.977583333333335, 'lte': -36.977583333333335}",58.70104166666666,-36.977583333333335,i DECam SDSS c0003 7835.0 1470.0,None,,60.0,0,2015-11-12,2015-11-12T00:35:06.289790+0000,[7313],Munoz,2015B-0602,2017-05-04,decam,ct4m,ct,,object,NGC1399_t17_d2_short,stacked,image1,,2015-11-11,[None]
2021-06-03T07:53:11.912796+0000,cc8da4c869de294568a21f70733d61ac,375750720,/data_local/images/DTS/2015B-0602/DECam_00492206.fits.fz,/net/archive/pipe/20151111/ct4m/2015B-0602/c4d_151112_022825_osi_g_NGFS.fits.fz,1.22,"{'gte': 58.31737499999999, 'lte': 58.31737499999999}","{'gte': -35.186388888888885, 'lte': -35.186388888888885}",58.31737499999999,-35.186388888888885,g DECam SDSS c0001 4720.0 1520.0,None,,40.0,0,2015-11-12,2015-11-12T02:27:24.928915+0000,[7313],Munoz,2015B-0602,2017-05-04,decam,ct4m,ct,,object,NGC1399_t18_d4_short,stacked,image,,2015-11-11,[None]
2020-11-19T07:53:54.187832+0000,e5945241e13dbeff2606d70051e00ae6,371661120,/data_local/images/DTS/2015B-0602/DECam_00491800.fits.fz,/net/archive/pipeline/Q20151115/DEC15B/20151109/c4d_151111_002750_osj_i_v1.fits.fz,1.88,"{'gte': 54.938874999999996, 'lte': 54.938874999999996}","{'gte': -37.33408333333333, 'lte': -37.33408333333333}",54.938874999999996,-37.33408333333333,i DECam SDSS c0003 7835.0 1470.0,None,,600.0,0,2015-11-11,2015-11-11T00:22:00.769496+0000,[7313],Munoz,2015B-0602,2017-05-03,decam,ct4m,ct,,object,NGC1399_t5_d8,stacked,image1,,2015-11-10,[None]
2020-11-19T13:17:07.095322+0000,cf8d06f40018bbc9bee6eec22b86e4a0,376813440,/data_local/images/DTS/2015B-0602/DECam_00492138.fits.fz,/net/archive/pipeline/Q20151115/DEC15B/20151109/c4d_151112_013811_osj_g_v1.fits.fz,1.32,"{'gte': 52.126875, 'lte': 52.126875}","{'gte': -33.059083333333334, 'lte': -33.059083333333334}",52.126875,-33.059083333333334,g DECam SDSS c0001 4720.0 1520.0,None,,75.0,0,2015-11-12,2015-11-12T01:37:15.054087+0000,[7313],Munoz,2015B-0602,2017-05-04,decam,ct4m,ct,,object,NGC1399_t10_d1_short,stacked,image1,,2015-11-11,[None]
2020-11-19T13:17:32.198501+0000,ce8fc11510791bdbb3ccec27a48b0dc9,375923520,/data_local/images/DTS/2015B-0602/DECam_00492136.fits.fz,/net/archive/pipeline/Q20151115/DEC15B/20151109/c4d_151112_013644_osj_g_v1.fits.fz,1.39,"{'gte': 55.86520833333333, 'lte': 55.86520833333333}","{'gte': -32.56641666666666, 'lte': -32.56641666666666}",55.86520833333333,-32.56641666666666,g DECam SDSS c0001 4720.0 1520.0,None,,75.0,0,2015-11-12,2015-11-12T01:35:44.998665+0000,[7313],Munoz,2015B-0602,2017-05-04,decam,ct4m,ct,,object,NGC1399_t8_d1_short,stacked,image1,,2015-11-11,[None]
2021-06-27T21:26:17.633936+0000,e0edd72495872c42922e4e275c45c809,32201280,/data_local/images/DTS/2015B-0602/DECam_00492017.fits.fz,/net/archive/pipe/20151111/ct4m/2015B-0602/c4d_151112_001743_ose_i_NGFS.fits.fz,1.93,"{'gte': 53.81454166666666, 'lte': 53.81454166666666}","{'gte': -31.913527777777777, 'lte': -31.913527777777777}",53.81454166666666,-31.913527777777777,i DECam SDSS c0003 7835.0 1470.0,None,,50.0,0,2015-11-12,2015-11-12T00:16:49.393650+0000,[7313],Munoz,2015B-0602,2017-05-04,decam,ct4m,ct,,object,NGC1399_t9_d1_short,stacked,expmap,,2015-11-11,[None]
2020-11-19T13:17:32.208489+0000,f3afd9d3bba2782b9093f05343544b35,9573120,/data_local/images/DTS/2015B-0602/DECam_00492029.fits.fz,/net/archive/pipeline/Q20151115/DEC15B/20151109/c4d_151112_002545_ose_i_v1.fits.fz,1.82,"{'gte': 54.55358333333332, 'lte': 54.55358333333332}","{'gte': -35.52280555555556, 'lte': -35.52280555555556}",54.55358333333332,-35.52280555555556,i DECam SDSS c0003 7835.0 1470.0,None,,140.0,0,2015-11-12,2015-11-12T00:24:53.620476+0000,[7313],Munoz,2015B-0602,2017-05-04,decam,ct4m,ct,,object,NGC1399_t1_d2_short,stacked,expmap,,2015-11-11,[None]
2021-06-02T14:05:42.926042+0000,f60d25fd64e2b66dd341c4ffd0d3d0b0,376413120,/data_local/images/DTS/2015B-0602/DECam_00492132.fits.fz,/net/archive/pipe/20151111/ct4m/2015B-0602/c4d_151112_013349_osi_g_NGFS.fits.fz,1.34,"{'gte': 52.88391666666666, 'lte': 52.88391666666666}","{'gte': -36.67547222222222, 'lte': -36.67547222222222}",52.88391666666666,-36.67547222222222,g DECam SDSS c0001 4720.0 1520.0,None,,70.0,0,2015-11-12,2015-11-12T01:32:52.173931+0000,[7313],Munoz,2015B-0602,2017-05-04,decam,ct4m,ct,,object,NGC1399_t4_d1_short,stacked,image,,2015-11-11,[None]
2020-11-19T13:17:11.069229+0000,f4b75ab3d527ffb3bb52b6825d7db809,372528000,/data_local/images/DTS/2015B-0602/DECam_00491817.fits.fz,/net/archive/pipeline/Q20151115/DEC15B/20151109/c4d_151111_015310_osi_g_v1.fits.fz,1.29,"{'gte': 52.499624999999995, 'lte': 52.499624999999995}","{'gte': -34.87175, 'lte': -34.87175}",52.499624999999995,-34.87175,g DECam SDSS c0001 4720.0 1520.0,None,,1500.0,0,2015-11-11,2015-11-11T01:47:20.199437+0000,[7313],Munoz,2015B-0602,2017-05-03,decam,ct4m,ct,,object,NGC1399_t3_d11,stacked,image,,2015-11-10,[None]
2020-11-19T13:18:02.832326+0000,d33c01b8826f3f22ceff7164352143e1,332343360,/data_local/images/DTS/2015B-0602/DECam_00492146.fits.fz,/net/archive/pipeline/Q20151119/DEC15B/20151109/c4d_151112_014400_osw_g_v1.fits.fz,1.39,"{'gte': 58.31233333333333, 'lte': 58.31233333333333}","{'gte': -35.183388888888885, 'lte': -35.183388888888885}",58.31233333333333,-35.183388888888885,g DECam SDSS c0001 4720.0 1520.0,None,,60.0,0,2015-11-12,2015-11-12T01:43:03.261737+0000,[7313],Munoz,2015B-0602,2017-05-04,decam,ct4m,ct,,object,NGC1399_t18_d1_short,stacked,wtmap,,2015-11-11,[None]
2021-06-03T08:37:56.236024+0000,f494710057fc282a14a7be2bdd3993d5,982080,/data_local/images/DTS/2015B-0602/DECam_00492142.fits.fz,/net/archive/pipe/20151111/ct4m/2015B-0602/c4d_151112_014105_osd_g_NGFS.fits.fz,1.31,"{'gte': 53.27083333333333, 'lte': 53.27083333333333}","{'gte': -38.49391666666667, 'lte': -38.49391666666667}",53.27083333333333,-38.49391666666667,g DECam SDSS c0001 4720.0 1520.0,None,,55.0,0,2015-11-12,2015-11-12T01:40:08.328215+0000,[7313],Munoz,2015B-0602,2017-05-04,decam,ct4m,ct,,object,NGC1399_t14_d1_short,stacked,dqmask,,2015-11-11,[None]
2020-11-19T13:22:09.382455+0000,f4bcf2929798bed614aea04b3b87ff56,374008320,/data_local/images/DTS/2015B-0602/DECam_00492130.fits.fz,/net/archive/pipeline/Q20151115/DEC15B/20151109/c4d_151112_013224_osj_g_v1.fits.fz,1.38,"{'gte': 54.169374999999995, 'lte': 54.169374999999995}","{'gte': -33.713750000000005, 'lte': -33.713750000000005}",54.169374999999995,-33.713750000000005,g DECam SDSS c0001 4720.0 1520.0,None,,60.0,0,2015-11-12,2015-11-12T01:31:27.004801+0000,[7313],Munoz,2015B-0602,2017-05-04,decam,ct4m,ct,,object,NGC1399_t2_d1_short,stacked,image1,,2015-11-11,[None]
2021-06-03T06:22:34.378878+0000,f7cef449e2f46eb55e83eb6e23889b5a,275448960,/data_local/images/DTS/2015B-0602/DECam_00492140.fits.fz,/net/archive/pipe/20151111/ct4m/2015B-0602/c4d_151112_013936_osw_g_NGFS.fits.fz,1.28,"{'gte': 50.78345833333333, 'lte': 50.78345833333333}","{'gte': -36.01463888888889, 'lte': -36.01463888888889}",50.78345833333333,-36.01463888888889,g DECam SDSS c0001 4720.0 1520.0,None,,70.0,0,2015-11-12,2015-11-12T01:38:39.687116+0000,[7313],Munoz,2015B-0602,2017-05-04,decam,ct4m,ct,,object,NGC1399_t12_d1_short,stacked,wtmap,,2015-11-11,[None]
2021-06-27T21:26:32.734069+0000,f78b9dc6fce3f7a9defc9c66a40882f4,956160,/data_local/images/DTS/2015B-0602/DECam_00492030.fits.fz,/net/archive/pipe/20151111/ct4m/2015B-0602/c4d_151112_002628_osd_i_NGFS.fits.fz,1.82,"{'gte': 54.17049999999999, 'lte': 54.17049999999999}","{'gte': -33.71072222222222, 'lte': -33.71072222222222}",54.17049999999999,-33.71072222222222,i DECam SDSS c0003 7835.0 1470.0,None,,90.0,0,2015-11-12,2015-11-12T00:25:30.993999+0000,[7313],Munoz,2015B-0602,2017-05-04,decam,ct4m,ct,,object,NGC1399_t2_d2_short,stacked,dqmask,,2015-11-11,[None]
2020-11-19T13:17:05.910071+0000,e27846d9aa001e8633f9992dc6a1e01b,372798720,/data_local/images/DTS/2015B-0602/DECam_00491818.fits.fz,/net/archive/pipeline/Q20151115/DEC15B/20151109/c4d_151111_015841_osi_g_v1.fits.fz,1.28,"{'gte': 52.88291666666666, 'lte': 52.88291666666666}","{'gte': -36.68116666666666, 'lte': -36.68116666666666}",52.88291666666666,-36.68116666666666,g DECam SDSS c0001 4720.0 1520.0,None,,1800.0,0,2015-11-11,2015-11-11T01:52:48.701463+0000,[7313],Munoz,2015B-0602,2017-05-03,decam,ct4m,ct,,object,NGC1399_t4_d11,stacked,image,,2015-11-10,[None]
2021-06-27T21:27:00.247676+0000,e34c1e3dad940ee205721396511e9c7d,380401920,/data_local/images/DTS/2015B-0602/DECam_00492035.fits.fz,/net/archive/pipe/20151111/ct4m/2015B-0602/c4d_151112_002939_osj_i_NGFS.fits.fz,1.86,"{'gte': 56.25062499999999, 'lte': 56.25062499999999}","{'gte': -34.374833333333335, 'lte': -34.374833333333335}",56.25062499999999,-34.374833333333335,i DECam SDSS c0003 7835.0 1470.0,None,,60.0,0,2015-11-12,2015-11-12T00:28:42.210243+0000,[7313],Munoz,2015B-0602,2017-05-04,decam,ct4m,ct,,object,NGC1399_t7_d2_short,stacked,image1,,2015-11-11,[None]
2020-11-19T13:17:05.611868+0000,f6c7eb95256d261d448a406e8c0e2257,377087040,/data_local/images/DTS/2015B-0602/DECam_00492143.fits.fz,/net/archive/pipeline/Q20151115/DEC15B/20151109/c4d_151112_014150_osi_g_v1.fits.fz,1.34,"{'gte': 55.331833333333336, 'lte': 55.331833333333336}","{'gte': -39.139916666666664, 'lte': -39.139916666666664}",55.331833333333336,-39.139916666666664,g DECam SDSS c0001 4720.0 1520.0,None,,75.0,0,2015-11-12,2015-11-12T01:40:52.733989+0000,[7313],Munoz,2015B-0602,2017-05-04,decam,ct4m,ct,,object,NGC1399_t15_d1_short,stacked,image,,2015-11-11,[None]
2021-06-27T21:26:17.448366+0000,fe6ce89a776b30f7228695dbf31bd96f,1560960,/data_local/images/DTS/2015B-0602/DECam_00492017.fits.fz,/net/archive/pipe/20151111/ct4m/2015B-0602/c4d_151112_001743_osd_i_NGFS.fits.fz,1.93,"{'gte': 53.81454166666666, 'lte': 53.81454166666666}","{'gte': -31.913527777777777, 'lte': -31.913527777777777}",53.81454166666666,-31.913527777777777,i DECam SDSS c0003 7835.0 1470.0,None,,50.0,0,2015-11-12,2015-11-12T00:16:49.393650+0000,[7313],Munoz,2015B-0602,2017-05-04,decam,ct4m,ct,,object,NGC1399_t9_d1_short,stacked,dqmask,,2015-11-11,[None]
2020-11-19T13:17:37.247582+0000,fc35f3070a15158c302e366d9090b19d,374538240,/data_local/images/DTS/2015B-0602/DECam_00492062.fits.fz,/net/archive/pipeline/Q20151115/DEC15B/20151109/c4d_151112_004712_osj_i_v1.fits.fz,1.58,"{'gte': 53.268583333333325, 'lte': 53.268583333333325}","{'gte': -38.486333333333334, 'lte': -38.486333333333334}",53.268583333333325,-38.486333333333334,i DECam SDSS c0003 7835.0 1470.0,None,,40.0,0,2015-11-12,2015-11-12T00:46:17.214590+0000,[7313],Munoz,2015B-0602,2017-05-04,decam,ct4m,ct,,object,NGC1399_t14_d3_short,stacked,image1,,2015-11-11,[None]
2021-06-02T15:21:23.758974+0000,d9e8ccb7987d01217211b1ec4f87c944,275523840,/data_local/images/DTS/2015B-0602/DECam_00492147.fits.fz,/net/archive/pipe/20151111/ct4m/2015B-0602/c4d_151112_014443_osw_g_NGFS.fits.fz,1.39,"{'gte': 57.92679166666667, 'lte': 57.92679166666667}","{'gte': -33.3775, 'lte': -33.3775}",57.92679166666667,-33.3775,g DECam SDSS c0001 4720.0 1520.0,None,,70.0,0,2015-11-12,2015-11-12T01:43:45.194746+0000,[7313],Munoz,2015B-0602,2017-05-04,decam,ct4m,ct,,object,NGC1399_t19_d1_short,stacked,wtmap,,2015-11-11,[None]
2021-06-03T08:22:31.482319+0000,fb3695c98b2182756096e9e5b1d9562d,378973440,/data_local/images/DTS/2015B-0602/DECam_00492157.fits.fz,/net/archive/pipe/20151111/ct4m/2015B-0602/c4d_151112_015217_osi_g_NGFS.fits.fz,1.29,"{'gte': 53.80979166666666, 'lte': 53.80979166666666}","{'gte': -31.909333333333333, 'lte': -31.909333333333333}",53.80979166666666,-31.909333333333333,g DECam SDSS c0001 4720.0 1520.0,None,,70.0,0,2015-11-12,2015-11-12T01:51:17.810980+0000,[7313],Munoz,2015B-0602,2017-05-04,decam,ct4m,ct,,object,NGC1399_t9_d2_short,stacked,image,,2015-11-11,[None]
2020-11-19T13:17:36.107699+0000,fbf02abb8cc6dd2d05effda3bf50e7e9,4063680,/data_local/images/DTS/2015B-0602/DECam_00492053.fits.fz,/net/archive/pipeline/Q20151115/DEC15B/20151109/c4d_151112_004128_ose_i_v1.fits.fz,1.68,"{'gte': 54.94424999999999, 'lte': 54.94424999999999}","{'gte': -37.33133333333333, 'lte': -37.33133333333333}",54.94424999999999,-37.33133333333333,i DECam SDSS c0003 7835.0 1470.0,None,,40.0,0,2015-11-12,2015-11-12T00:40:33.705025+0000,[7313],Munoz,2015B-0602,2017-05-04,decam,ct4m,ct,,object,NGC1399_t5_d3_short,stacked,expmap,,2015-11-11,[None]
2020-11-19T13:17:42.204332+0000,ffffe104d42811ec63b09acf879b2e50,371266560,/data_local/images/DTS/2015B-0602/DECam_00491804.fits.fz,/net/archive/pipeline/Q20151117/DEC15B/20151109/c4d_151111_004956_osj_i_v1.fits.fz,1.57,"{'gte': 51.12783333333332, 'lte': 51.12783333333332}","{'gte': -37.820888888888895, 'lte': -37.820888888888895}",51.12783333333332,-37.820888888888895,i DECam SDSS c0003 7835.0 1470.0,None,,900.0,0,2015-11-11,2015-11-11T00:44:08.649448+0000,[7313],Munoz,2015B-0602,2017-05-03,decam,ct4m,ct,,object,NGC1399_t13_d8,stacked,image1,,2015-11-10,[None]
2020-11-19T13:17:57.646117+0000,fecf4b90f62c1d97bde27a157258c95d,329598720,/data_local/images/DTS/2015B-0602/DECam_00491801.fits.fz,/net/archive/pipeline/Q20151119/DEC15B/20151109/c4d_151111_003320_osw_i_v1.fits.fz,1.9,"{'gte': 56.62995833333333, 'lte': 56.62995833333333}","{'gte': -36.18408333333333, 'lte': -36.18408333333333}",56.62995833333333,-36.18408333333333,i DECam SDSS c0003 7835.0 1470.0,None,,600.0,0,2015-11-11,2015-11-11T00:27:30.214197+0000,[7313],Munoz,2015B-0602,2017-05-03,decam,ct4m,ct,,object,NGC1399_t6_d8,stacked,wtmap,,2015-11-10,[None]
2020-11-19T13:17:42.401709+0000,ff3bc7a6fc53955edc806c665b07d0c8,780480,/data_local/images/DTS/2015B-0602/DECam_00492039.fits.fz,/net/archive/pipeline/Q20151117/DEC15B/20151109/c4d_151112_003205_osd_i_v1.fits.fz,1.64,"{'gte': 50.4435, 'lte': 50.4435}","{'gte': -34.205194444444444, 'lte': -34.205194444444444}",50.4435,-34.205194444444444,i DECam SDSS c0003 7835.0 1470.0,None,,50.0,0,2015-11-12,2015-11-12T00:31:13.196222+0000,[7313],Munoz,2015B-0602,2017-05-04,decam,ct4m,ct,,object,NGC1399_t11_d2_short,stacked,dqmask,,2015-11-11,[None]
2020-11-19T13:17:59.946528+0000,fe5174e90d169446b11b2e78fbf6c1df,329112000,/data_local/images/DTS/2015B-0602/DECam_00491818.fits.fz,/net/archive/pipeline/Q20151119/DEC15B/20151109/c4d_151111_015841_osw_g_v1.fits.fz,1.28,"{'gte': 52.88291666666666, 'lte': 52.88291666666666}","{'gte': -36.68116666666666, 'lte': -36.68116666666666}",52.88291666666666,-36.68116666666666,g DECam SDSS c0001 4720.0 1520.0,None,,1800.0,0,2015-11-11,2015-11-11T01:52:48.701463+0000,[7313],Munoz,2015B-0602,2017-05-03,decam,ct4m,ct,,object,NGC1399_t4_d11,stacked,wtmap,,2015-11-10,[None]
2021-06-02T14:06:18.011062+0000,fffa48e917a1a474a35c089a39a774b3,378515520,/data_local/images/DTS/2015B-0602/DECam_00492130.fits.fz,/net/archive/pipe/20151111/ct4m/2015B-0602/c4d_151112_013224_osi_g_NGFS.fits.fz,1.38,"{'gte': 54.17283333333333, 'lte': 54.17283333333333}","{'gte': -33.713750000000005, 'lte': -33.713750000000005}",54.17283333333333,-33.713750000000005,g DECam SDSS c0001 4720.0 1520.0,None,,85.0,0,2015-11-12,2015-11-12T01:31:27.004801+0000,[7313],Munoz,2015B-0602,2017-05-04,decam,ct4m,ct,,object,NGC1399_t2_d1_short,stacked,image,,2015-11-11,[None]
