updated,md5sum,filesize,original_filename,archive_filename,airmass,ra_range,dec_range,ra,dec,ifilter,seeing,depth,exposure,expnum,obs_night,date_obs,pi_ids,pi,prop_id,release_date,instrument,telescope,site,obs_mode,obs_type,object,proc_type,prod_type,survey,caldat,collections
2021-06-02T12:17:05.474938+0000,270ce03aa8c00a42a231760f02fc6d5f,388172160,/data_local/images/DTS/2013B-0613/DECam_00257835.fits.fz,/net/archive/pipe/20131124/ct4m/2013B-0613/c4d_131125_013936_osi_g_NGFS.fits.fz,1.19,"{'gte': 54.95904166666666, 'lte': 54.95904166666666}","{'gte': -37.34763888888889, 'lte': -37.34763888888889}",54.95904166666666,-37.34763888888889,g DECam SDSS c0001 4720.0 1520.0,None,,3000.0,0,2013-11-25,2013-11-25T01:33:45.400704+0000,[7313],Munoz,2013B-0613,2015-05-18,decam,ct4m,ct,,object,NGFS Fornax 5-1,stacked,image,,2013-11-24,[None]
2021-06-27T17:39:20.880696+0000,28a911f0dbba0a62a2319d26f7877a6f,284918400,/data_local/images/DTS/2013B-0613/DECam_00257794.fits.fz,/net/archive/pipe/20131123/ct4m/2013B-0613/c4d_131124_052132_osw_i_NGFS.fits.fz,1.04,"{'gte': 54.55233333333333, 'lte': 54.55233333333333}","{'gte': -35.53791666666667, 'lte': -35.53791666666667}",54.55233333333333,-35.53791666666667,i DECam SDSS c0003 7835.0 1470.0,None,,520.0,0,2013-11-24,2013-11-24T05:20:09.478074+0000,[7313],Munoz,2013B-0613,2015-05-17,decam,ct4m,ct,,object,NGFS Fornax 1-1 hexa,stacked,wtmap,,2013-11-23,[None]
2021-06-02T09:01:06.989791+0000,290b28169987178d234bd748e5a153d4,1025280,/data_local/images/DTS/2013B-0613/DECam_00257827.fits.fz,/net/archive/pipe/20131124/ct4m/2013B-0613/c4d_131125_010807_osd_g_NGFS.fits.fz,1.31,"{'gte': 56.23095833333333, 'lte': 56.23095833333333}","{'gte': -34.38388888888889, 'lte': -34.38388888888889}",56.23095833333333,-34.38388888888889,g DECam SDSS c0001 4720.0 1520.0,None,,3000.0,0,2013-11-25,2013-11-25T01:02:15.285391+0000,[7313],Munoz,2013B-0613,2015-05-18,decam,ct4m,ct,,object,NGFS Fornax 7-1,stacked,dqmask,,2013-11-24,[None]
2021-06-02T12:17:06.977560+0000,273435eab962a246c6b7cd8c0f95106d,283224960,/data_local/images/DTS/2013B-0613/DECam_00257840.fits.fz,/net/archive/pipe/20131124/ct4m/2013B-0613/c4d_131125_020237_osw_g_NGFS.fits.fz,1.11,"{'gte': 52.847583333333326, 'lte': 52.847583333333326}","{'gte': -36.690916666666666, 'lte': -36.690916666666666}",52.847583333333326,-36.690916666666666,g DECam SDSS c0001 4720.0 1520.0,None,,2700.0,0,2013-11-25,2013-11-25T01:56:45.146037+0000,[7313],Munoz,2013B-0613,2015-05-18,decam,ct4m,ct,,object,NGFS Fornax 4-2,stacked,wtmap,,2013-11-24,[None]
2021-06-13T12:35:50.119194+0000,3276f1f867740563a60319695a6b40c1,1848960,/data_local/images/DTS/2013B-0613/DECam_00258030.fits.fz,/net/archive/pipe/20131126/ct4m/2013B-0613/c4d_131127_045246_osd_i_NGFS.fits.fz,1.02,"{'gte': 54.15708333333333, 'lte': 54.15708333333333}","{'gte': -33.70236111111112, 'lte': -33.70236111111112}",54.15708333333333,-33.70236111111112,i DECam SDSS c0003 7835.0 1470.0,None,,4800.0,0,2013-11-27,2013-11-27T04:46:53.101647+0000,[7313],Munoz,2013B-0613,2015-05-20,decam,ct4m,ct,,object,NGFS Fornax 2-2,stacked,dqmask,,2013-11-26,[None]
2021-06-02T08:17:45.341869+0000,2cf249814b4e905d9f931ec068bff9ac,1065600,/data_local/images/DTS/2013B-0613/DECam_00257844.fits.fz,/net/archive/pipe/20131124/ct4m/2013B-0613/c4d_131125_021538_osd_g_NGFS.fits.fz,1.12,"{'gte': 56.62458333333332, 'lte': 56.62458333333332}","{'gte': -36.196, 'lte': -36.196}",56.62458333333332,-36.196,g DECam SDSS c0001 4720.0 1520.0,None,,2700.0,0,2013-11-25,2013-11-25T02:09:46.144540+0000,[7313],Munoz,2013B-0613,2015-05-18,decam,ct4m,ct,,object,NGFS Fornax 6-2,stacked,dqmask,,2013-11-24,[None]
2020-11-18T18:34:41.331621+0000,3207ac5939ac5f333b5fb4fc4ea96cef,169634880,/data_local/images/DTS/2013B-0613/DECam_00257806.fits.fz,/net/archive/pipeline/Q20141225/DEC13B/20131123/c4d_131124_061420_osw_i_v1.fits.fz,1.14,"{'gte': 51.109416666666654, 'lte': 51.109416666666654}","{'gte': -37.84638888888889, 'lte': -37.84638888888889}",51.109416666666654,-37.84638888888889,i DECam SDSS c0003 7835.0 1470.0,None,,2100.0,0,2013-11-24,2013-11-24T06:08:27.912142+0000,[7313],Munoz,2013B-0613,2015-05-17,decam,ct4m,ct,,object,NGFS Fornax 13-1,stacked,wtmap,,2013-11-23,[None]
2020-11-18T20:57:38.413025+0000,6483a7b6bf24239a420ad348dc741be8,164534400,/data_local/images/DTS/2013B-0613/DECam_00258031.fits.fz,/net/archive/pipeline/Q20141225/DEC13B/20131123/c4d_131127_045815_osw_i_v1.fits.fz,1.03,"{'gte': 52.476499999999994, 'lte': 52.476499999999994}","{'gte': -34.88088888888889, 'lte': -34.88088888888889}",52.476499999999994,-34.88088888888889,i DECam SDSS c0003 7835.0 1470.0,None,,2400.0,0,2013-11-27,2013-11-27T04:52:23.982119+0000,[7313],Munoz,2013B-0613,2015-05-20,decam,ct4m,ct,,object,NGFS Fornax 3-2,stacked,wtmap,,2013-11-26,[None]
2021-06-13T12:37:11.657399+0000,309b5841347c2dcd33d88ed3c911d91a,390337920,/data_local/images/DTS/2013B-0613/DECam_00258038.fits.fz,/net/archive/pipe/20131126/ct4m/2013B-0613/c4d_131127_051859_osi_i_NGFS.fits.fz,1.04,"{'gte': 56.62479166666666, 'lte': 56.62479166666666}","{'gte': -36.196999999999996, 'lte': -36.196999999999996}",56.62479166666666,-36.196999999999996,i DECam SDSS c0003 7835.0 1470.0,None,,3900.0,0,2013-11-27,2013-11-27T05:13:00.861389+0000,[7313],Munoz,2013B-0613,2015-05-20,decam,ct4m,ct,,object,NGFS Fornax 6-2,stacked,image,,2013-11-26,[None]
2021-06-27T17:39:19.930282+0000,2f16cc162ab31e7831a03e6e5463f594,32388480,/data_local/images/DTS/2013B-0613/DECam_00257794.fits.fz,/net/archive/pipe/20131123/ct4m/2013B-0613/c4d_131124_052132_ose_i_NGFS.fits.fz,1.04,"{'gte': 54.55233333333333, 'lte': 54.55233333333333}","{'gte': -35.53791666666667, 'lte': -35.53791666666667}",54.55233333333333,-35.53791666666667,i DECam SDSS c0003 7835.0 1470.0,None,,520.0,0,2013-11-24,2013-11-24T05:20:09.478074+0000,[7313],Munoz,2013B-0613,2015-05-17,decam,ct4m,ct,,object,NGFS Fornax 1-1 hexa,stacked,expmap,,2013-11-23,[None]
2021-06-03T09:01:50.736217+0000,332f384cd25729073a8ac11ad653af6e,386936640,/data_local/images/DTS/2013B-0613/DECam_00257836.fits.fz,/net/archive/pipe/20131124/ct4m/2013B-0613/c4d_131125_014037_osj_g_NGFS.fits.fz,1.17,"{'gte': 54.54962499999999, 'lte': 54.54962499999999}","{'gte': -35.53491666666667, 'lte': -35.53491666666667}",54.54962499999999,-35.53491666666667,g DECam SDSS c0001 4720.0 1520.0,None,,450.0,0,2013-11-25,2013-11-25T01:39:15.530480+0000,[7313],Munoz,2013B-0613,2015-05-18,decam,ct4m,ct,,object,NGFS Fornax 1-2 hexa,stacked,image1,,2013-11-24,[None]
2020-11-18T18:34:45.424613+0000,32f9cfb4fa19637eeb3bdda077872d18,387057600,/data_local/images/DTS/2013B-0613/DECam_00258035.fits.fz,/net/archive/pipeline/Q20141226/DEC13B/20131123/c4d_131127_050651_osj_i_v1.fits.fz,1.04,"{'gte': 54.95662499999999, 'lte': 54.95662499999999}","{'gte': -37.35152777777778, 'lte': -37.35152777777778}",54.95662499999999,-37.35152777777778,i DECam SDSS c0003 7835.0 1470.0,None,,270.0,0,2013-11-27,2013-11-27T05:05:29.501039+0000,[7313],Munoz,2013B-0613,2015-05-20,decam,ct4m,ct,,object,NGFS Fornax 5-2 hexa,stacked,image1,,2013-11-26,[None]
2020-11-18T20:57:37.000797+0000,1e795626b7884226e8d6c801ccbc663b,13118400,/data_local/images/DTS/2013B-0613/DECam_00257807.fits.fz,/net/archive/pipeline/Q20141225/DEC13B/20131123/c4d_131124_061517_ose_i_v1.fits.fz,1.15,"{'gte': 51.10912499999999, 'lte': 51.10912499999999}","{'gte': -37.84677777777778, 'lte': -37.84677777777778}",51.10912499999999,-37.84677777777778,i DECam SDSS c0003 7835.0 1470.0,None,,300.0,0,2013-11-24,2013-11-24T06:13:55.646062+0000,[7313],Munoz,2013B-0613,2015-05-17,decam,ct4m,ct,,object,Fornax 13-1,stacked,expmap,,2013-11-23,[None]
2020-11-19T12:35:12.044886+0000,1e93809735ea2fa5b6d184b9f6bb15a4,12098880,/data_local/images/DTS/2013B-0613/DECam_00258032.fits.fz,/net/archive/pipeline/Q20141225/DEC13B/20131123/c4d_131127_045920_ose_i_v1.fits.fz,1.04,"{'gte': 52.84508333333332, 'lte': 52.84508333333332}","{'gte': -36.69488888888888, 'lte': -36.69488888888888}",52.84508333333332,-36.69488888888888,i DECam SDSS c0003 7835.0 1470.0,None,,270.0,0,2013-11-27,2013-11-27T04:57:56.833874+0000,[7313],Munoz,2013B-0613,2015-05-20,decam,ct4m,ct,,object,NGFS Fornax 4-2 hexa,stacked,expmap,,2013-11-26,[None]
2021-06-13T12:36:01.032460+0000,3abcb3f34289689e8e2cfa578d622f5a,288728640,/data_local/images/DTS/2013B-0613/DECam_00258031.fits.fz,/net/archive/pipe/20131126/ct4m/2013B-0613/c4d_131127_045815_osw_i_NGFS.fits.fz,1.03,"{'gte': 52.487583333333326, 'lte': 52.487583333333326}","{'gte': -34.880916666666664, 'lte': -34.880916666666664}",52.487583333333326,-34.880916666666664,i DECam SDSS c0003 7835.0 1470.0,None,,3300.0,0,2013-11-27,2013-11-27T04:52:23.982119+0000,[7313],Munoz,2013B-0613,2015-05-20,decam,ct4m,ct,,object,NGFS Fornax 3-2,stacked,wtmap,,2013-11-26,[None]
2021-06-13T12:37:10.458079+0000,24d06ea411031976bf9fe1f53ea00a2b,1172160,/data_local/images/DTS/2013B-0613/DECam_00258038.fits.fz,/net/archive/pipe/20131126/ct4m/2013B-0613/c4d_131127_051859_osd_i_NGFS.fits.fz,1.04,"{'gte': 56.62479166666666, 'lte': 56.62479166666666}","{'gte': -36.196999999999996, 'lte': -36.196999999999996}",56.62479166666666,-36.196999999999996,i DECam SDSS c0003 7835.0 1470.0,None,,3900.0,0,2013-11-27,2013-11-27T05:13:00.861389+0000,[7313],Munoz,2013B-0613,2015-05-20,decam,ct4m,ct,,object,NGFS Fornax 6-2,stacked,dqmask,,2013-11-26,[None]
2020-11-18T18:34:40.998103+0000,7223b09b6879f61c3e1f6cf986acc2ca,387550080,/data_local/images/DTS/2013B-0613/DECam_00257803.fits.fz,/net/archive/pipeline/Q20141225/DEC13B/20131123/c4d_131124_060203_osi_i_v1.fits.fz,1.08,"{'gte': 56.22879166666666, 'lte': 56.22879166666666}","{'gte': -34.385777777777776, 'lte': -34.385777777777776}",56.22879166666666,-34.385777777777776,i DECam SDSS c0003 7835.0 1470.0,None,,2400.0,0,2013-11-24,2013-11-24T05:56:10.845313+0000,[7313],Munoz,2013B-0613,2015-05-17,decam,ct4m,ct,,object,NGFS Fornax 7-1,stacked,image,,2013-11-23,[None]
2020-11-18T18:33:50.672704+0000,38001225ad95b5ddebbedb707cd91930,166893120,/data_local/images/DTS/2013B-0613/DECam_00257805.fits.fz,/net/archive/pipeline/Q20141224/DEC13B/20131123/c4d_131124_060846_osw_i_v1.fits.fz,1.12,"{'gte': 52.11574999999999, 'lte': 52.11574999999999}","{'gte': -33.06830555555556, 'lte': -33.06830555555556}",52.11574999999999,-33.06830555555556,i DECam SDSS c0003 7835.0 1470.0,None,,2400.0,0,2013-11-24,2013-11-24T06:02:53.571469+0000,[7313],Munoz,2013B-0613,2015-05-17,decam,ct4m,ct,,object,NGFS Fornax 10-1,stacked,wtmap,,2013-11-23,[None]
2021-06-02T14:17:10.519324+0000,2919658f6d4d6561c39dbb3bece33daa,389833920,/data_local/images/DTS/2013B-0613/DECam_00257834.fits.fz,/net/archive/pipe/20131124/ct4m/2013B-0613/c4d_131125_013406_osi_g_NGFS.fits.fz,1.19,"{'gte': 54.95562499999999, 'lte': 54.95562499999999}","{'gte': -37.34419444444445, 'lte': -37.34419444444445}",54.95562499999999,-37.34419444444445,g DECam SDSS c0001 4720.0 1520.0,None,,340.0,0,2013-11-25,2013-11-25T01:32:45.951676+0000,[7313],Munoz,2013B-0613,2015-05-18,decam,ct4m,ct,,object,NGFS Fornax 5-1 hexa,stacked,image,,2013-11-24,[None]
2021-06-13T12:36:00.682055+0000,724af1720b8cb51df052e6c97a0aa6e1,392713920,/data_local/images/DTS/2013B-0613/DECam_00258031.fits.fz,/net/archive/pipe/20131126/ct4m/2013B-0613/c4d_131127_045815_osi_i_NGFS.fits.fz,1.03,"{'gte': 52.487583333333326, 'lte': 52.487583333333326}","{'gte': -34.880916666666664, 'lte': -34.880916666666664}",52.487583333333326,-34.880916666666664,i DECam SDSS c0003 7835.0 1470.0,None,,3300.0,0,2013-11-27,2013-11-27T04:52:23.982119+0000,[7313],Munoz,2013B-0613,2015-05-20,decam,ct4m,ct,,object,NGFS Fornax 3-2,stacked,image,,2013-11-26,[None]
2021-06-27T17:40:00.538921+0000,39d126cd1aba6aef492d2cfc49320408,386409600,/data_local/images/DTS/2013B-0613/DECam_00258027.fits.fz,/net/archive/pipe/20131126/ct4m/2013B-0613/c4d_131127_044023_osi_i_NGFS.fits.fz,1.01,"{'gte': 56.62333333333333, 'lte': 56.62333333333333}","{'gte': -36.19877777777778, 'lte': -36.19877777777778}",56.62333333333333,-36.19877777777778,i DECam SDSS c0003 7835.0 1470.0,None,,360.0,0,2013-11-27,2013-11-27T04:39:01.549745+0000,[7313],Munoz,2013B-0613,2015-05-20,decam,ct4m,ct,,object,NGFS Fornax 6-1 hexa,stacked,image,,2013-11-26,[None]
2021-06-27T17:39:19.482577+0000,40ca68d6769fc8b1adda9a8a00a45d51,855360,/data_local/images/DTS/2013B-0613/DECam_00257794.fits.fz,/net/archive/pipe/20131123/ct4m/2013B-0613/c4d_131124_052132_osd_i_NGFS.fits.fz,1.04,"{'gte': 54.55233333333333, 'lte': 54.55233333333333}","{'gte': -35.53791666666667, 'lte': -35.53791666666667}",54.55233333333333,-35.53791666666667,i DECam SDSS c0003 7835.0 1470.0,None,,520.0,0,2013-11-24,2013-11-24T05:20:09.478074+0000,[7313],Munoz,2013B-0613,2015-05-17,decam,ct4m,ct,,object,NGFS Fornax 1-1 hexa,stacked,dqmask,,2013-11-23,[None]
2021-06-27T17:39:42.757567+0000,002d34f1a55c3661458f470b0819b7b9,388935360,/data_local/images/DTS/2013B-0613/DECam_00258035.fits.fz,/net/archive/pipe/20131126/ct4m/2013B-0613/c4d_131127_050651_osi_i_NGFS.fits.fz,1.04,"{'gte': 54.955208333333324, 'lte': 54.955208333333324}","{'gte': -37.34841666666667, 'lte': -37.34841666666667}",54.955208333333324,-37.34841666666667,i DECam SDSS c0003 7835.0 1470.0,None,,380.0,0,2013-11-27,2013-11-27T05:05:29.501039+0000,[7313],Munoz,2013B-0613,2015-05-20,decam,ct4m,ct,,object,NGFS Fornax 5-2 hexa,stacked,image,,2013-11-26,[None]
2020-11-19T10:31:43.563743+0000,02ac3def98184884f846a0ed05f252d0,388425600,/data_local/images/DTS/2013B-0613/DECam_00257795.fits.fz,/net/archive/pipeline/Q20141226/DEC13B/20131123/c4d_131124_052702_osj_i_v1.fits.fz,1.04,"{'gte': 54.54808333333333, 'lte': 54.54808333333333}","{'gte': -35.538805555555555, 'lte': -35.538805555555555}",54.54808333333333,-35.538805555555555,i DECam SDSS c0003 7835.0 1470.0,None,,2700.0,0,2013-11-24,2013-11-24T05:21:09.143792+0000,[7313],Munoz,2013B-0613,2015-05-17,decam,ct4m,ct,,object,NGFS Fornax 1-1,stacked,image1,,2013-11-23,[None]
2020-11-18T18:33:52.119909+0000,1b5acb1341cd7df56e715d39dc2ee69d,388785600,/data_local/images/DTS/2013B-0613/DECam_00257827.fits.fz,/net/archive/pipeline/Q20141224/DEC13B/20131123/c4d_131125_010807_osj_g_v1.fits.fz,1.31,"{'gte': 56.23091666666666, 'lte': 56.23091666666666}","{'gte': -34.38388888888889, 'lte': -34.38388888888889}",56.23091666666666,-34.38388888888889,g DECam SDSS c0001 4720.0 1520.0,None,,3000.0,0,2013-11-25,2013-11-25T01:02:15.285391+0000,[7313],Munoz,2013B-0613,2015-05-18,decam,ct4m,ct,,object,NGFS Fornax 7-1,stacked,image1,,2013-11-24,[None]
2020-11-18T18:34:42.393933+0000,01b07942c20be631d7f7530cb7944ac9,389021760,/data_local/images/DTS/2013B-0613/DECam_00258031.fits.fz,/net/archive/pipeline/Q20141225/DEC13B/20131123/c4d_131127_045815_osi_i_v1.fits.fz,1.03,"{'gte': 52.476499999999994, 'lte': 52.476499999999994}","{'gte': -34.88088888888889, 'lte': -34.88088888888889}",52.476499999999994,-34.88088888888889,i DECam SDSS c0003 7835.0 1470.0,None,,2400.0,0,2013-11-27,2013-11-27T04:52:23.982119+0000,[7313],Munoz,2013B-0613,2015-05-20,decam,ct4m,ct,,object,NGFS Fornax 3-2,stacked,image,,2013-11-26,[None]
2020-11-18T18:34:41.324205+0000,33c82c6960efbefc87239e0af6c6b775,387806400,/data_local/images/DTS/2013B-0613/DECam_00257806.fits.fz,/net/archive/pipeline/Q20141225/DEC13B/20131123/c4d_131124_061420_osi_i_v1.fits.fz,1.14,"{'gte': 51.109416666666654, 'lte': 51.109416666666654}","{'gte': -37.84638888888889, 'lte': -37.84638888888889}",51.109416666666654,-37.84638888888889,i DECam SDSS c0003 7835.0 1470.0,None,,2100.0,0,2013-11-24,2013-11-24T06:08:27.912142+0000,[7313],Munoz,2013B-0613,2015-05-17,decam,ct4m,ct,,object,NGFS Fornax 13-1,stacked,image,,2013-11-23,[None]
2020-11-18T19:14:38.018464+0000,33ed275ed4e2f4fdbedbb8a13c09f6d9,163716480,/data_local/images/DTS/2013B-0613/DECam_00257832.fits.fz,/net/archive/pipeline/Q20141224/DEC13B/20131123/c4d_131125_012738_osw_g_v1.fits.fz,1.21,"{'gte': 54.165708333333335, 'lte': 54.165708333333335}","{'gte': -33.72536111111111, 'lte': -33.72536111111111}",54.165708333333335,-33.72536111111111,g DECam SDSS c0001 4720.0 1520.0,None,,3000.0,0,2013-11-25,2013-11-25T01:21:46.313054+0000,[7313],Munoz,2013B-0613,2015-05-18,decam,ct4m,ct,,object,NGFS Fornax 2-1,stacked,wtmap,,2013-11-24,[None]
2021-06-27T17:39:20.875469+0000,024f6b1fe847ab29389b4659ae8fa748,391273920,/data_local/images/DTS/2013B-0613/DECam_00258032.fits.fz,/net/archive/pipe/20131126/ct4m/2013B-0613/c4d_131127_045920_osi_i_NGFS.fits.fz,1.04,"{'gte': 52.85787499999999, 'lte': 52.85787499999999}","{'gte': -36.694916666666664, 'lte': -36.694916666666664}",52.85787499999999,-36.694916666666664,i DECam SDSS c0003 7835.0 1470.0,None,,340.0,0,2013-11-27,2013-11-27T04:57:56.833874+0000,[7313],Munoz,2013B-0613,2015-05-20,decam,ct4m,ct,,object,NGFS Fornax 4-2 hexa,stacked,image,,2013-11-26,[None]
2020-11-18T18:33:51.929682+0000,1ca3234490aa249e8e3f590f13757e3b,982080,/data_local/images/DTS/2013B-0613/DECam_00257829.fits.fz,/net/archive/pipeline/Q20141224/DEC13B/20131123/c4d_131125_011501_osd_g_v1.fits.fz,1.23,"{'gte': 52.11833333333333, 'lte': 52.11833333333333}","{'gte': -33.06691666666667, 'lte': -33.06691666666667}",52.11833333333333,-33.06691666666667,g DECam SDSS c0001 4720.0 1520.0,None,,3000.0,0,2013-11-25,2013-11-25T01:09:09.146692+0000,[7313],Munoz,2013B-0613,2015-05-18,decam,ct4m,ct,,object,NGFS Fornax 10-1,stacked,dqmask,,2013-11-24,[None]
2021-06-13T12:35:59.929819+0000,009e94a667ec47a863c90a40ee1d4c64,1180800,/data_local/images/DTS/2013B-0613/DECam_00258031.fits.fz,/net/archive/pipe/20131126/ct4m/2013B-0613/c4d_131127_045815_osd_i_NGFS.fits.fz,1.03,"{'gte': 52.487583333333326, 'lte': 52.487583333333326}","{'gte': -34.880916666666664, 'lte': -34.880916666666664}",52.487583333333326,-34.880916666666664,i DECam SDSS c0003 7835.0 1470.0,None,,3300.0,0,2013-11-27,2013-11-27T04:52:23.982119+0000,[7313],Munoz,2013B-0613,2015-05-20,decam,ct4m,ct,,object,NGFS Fornax 3-2,stacked,dqmask,,2013-11-26,[None]
2021-06-02T13:18:05.235365+0000,302935a8e85b1060c694f77a3b665c14,388442880,/data_local/images/DTS/2013B-0613/DECam_00257831.fits.fz,/net/archive/pipe/20131124/ct4m/2013B-0613/c4d_131125_012139_osj_g_NGFS.fits.fz,1.19,"{'gte': 51.113833333333325, 'lte': 51.113833333333325}","{'gte': -37.84491666666667, 'lte': -37.84491666666667}",51.113833333333325,-37.84491666666667,g DECam SDSS c0001 4720.0 1520.0,None,,3300.0,0,2013-11-25,2013-11-25T01:15:47.121222+0000,[7313],Munoz,2013B-0613,2015-05-18,decam,ct4m,ct,,object,NGFS Fornax 13-1,stacked,image1,,2013-11-24,[None]
2020-11-19T00:37:09.201445+0000,03e12b04fd5516561d346aa708995a77,789120,/data_local/images/DTS/2013B-0613/DECam_00257843.fits.fz,/net/archive/pipeline/Q20141224/DEC13B/20131123/c4d_131125_021007_osd_g_v1.fits.fz,1.12,"{'gte': 56.62545833333333, 'lte': 56.62545833333333}","{'gte': -36.19597222222222, 'lte': -36.19597222222222}",56.62545833333333,-36.19597222222222,g DECam SDSS c0001 4720.0 1520.0,None,,270.0,0,2013-11-25,2013-11-25T02:08:47.006527+0000,[7313],Munoz,2013B-0613,2015-05-18,decam,ct4m,ct,,object,NGFS Fornax 6-2 hexa,stacked,dqmask,,2013-11-24,[None]
2020-11-18T18:34:45.651424+0000,0575d38bb93c5643e56d5dcd83d4d7db,1074240,/data_local/images/DTS/2013B-0613/DECam_00257805.fits.fz,/net/archive/pipeline/Q20141226/DEC13B/20131123/c4d_131124_060846_osd_i_v1.fits.fz,1.12,"{'gte': 52.11574999999999, 'lte': 52.11574999999999}","{'gte': -33.06830555555556, 'lte': -33.06830555555556}",52.11574999999999,-33.06830555555556,i DECam SDSS c0003 7835.0 1470.0,None,,2400.0,0,2013-11-24,2013-11-24T06:02:53.571469+0000,[7313],Munoz,2013B-0613,2015-05-17,decam,ct4m,ct,,object,NGFS Fornax 10-1,stacked,dqmask,,2013-11-23,[None]
2020-11-18T18:33:52.051959+0000,200ad1339287e9144587e3f4352a293d,387213120,/data_local/images/DTS/2013B-0613/DECam_00257834.fits.fz,/net/archive/pipeline/Q20141224/DEC13B/20131123/c4d_131125_013406_osj_g_v1.fits.fz,1.19,"{'gte': 54.959083333333325, 'lte': 54.959083333333325}","{'gte': -37.34777777777778, 'lte': -37.34777777777778}",54.959083333333325,-37.34777777777778,g DECam SDSS c0001 4720.0 1520.0,None,,300.0,0,2013-11-25,2013-11-25T01:32:45.951676+0000,[7313],Munoz,2013B-0613,2015-05-18,decam,ct4m,ct,,object,NGFS Fornax 5-1 hexa,stacked,image1,,2013-11-24,[None]
2020-11-18T18:37:45.305556+0000,6135171b4a07f56203a6c6bc71af2069,11177280,/data_local/images/DTS/2013B-0613/DECam_00257784.fits.fz,/net/archive/pipeline/Q20150109/DEC13B/20131123/c4d_131124_050127_ose_r_v1.fits.fz,1.0,"{'gte': 64.48749999999998, 'lte': 64.48749999999998}","{'gte': -33.79908333333333, 'lte': -33.79908333333333}",64.48749999999998,-33.79908333333333,r DECam SDSS c0002 6415.0 1480.0,None,,15.0,0,2013-11-24,2013-11-24T05:00:28.599222+0000,[7313],Munoz,2013B-0613,2015-05-17,decam,ct4m,ct,,object,,stacked,expmap,,2013-11-23,[None]
2020-11-18T19:15:24.940136+0000,2e81740e47ad866c7ab85b1f461f6041,346032000,/data_local/images/DTS/2013B-0613/DECam_00257789.fits.fz,/net/archive/pipeline/Q20150109/DEC13B/20131123/c4d_131124_051436_osi_r_v1.fits.fz,1.01,"{'gte': 59.999624999999995, 'lte': 59.999624999999995}","{'gte': -29.999916666666667, 'lte': -29.999916666666667}",59.999624999999995,-29.999916666666667,r DECam SDSS c0002 6415.0 1480.0,None,,150.0,0,2013-11-24,2013-11-24T05:13:13.560990+0000,[7313],Munoz,2013B-0613,2015-05-17,decam,ct4m,ct,,object,hexapod,stacked,image,,2013-11-23,[None]
2020-11-18T19:14:46.943617+0000,63d3c6de9777ed4114de43d612e73edc,164669760,/data_local/images/DTS/2013B-0613/DECam_00258033.fits.fz,/net/archive/pipeline/Q20141225/DEC13B/20131123/c4d_131127_050447_osw_i_v1.fits.fz,1.04,"{'gte': 52.84662499999999, 'lte': 52.84662499999999}","{'gte': -36.693999999999996, 'lte': -36.693999999999996}",52.84662499999999,-36.693999999999996,i DECam SDSS c0003 7835.0 1470.0,None,,2100.0,0,2013-11-27,2013-11-27T04:58:54.751972+0000,[7313],Munoz,2013B-0613,2015-05-20,decam,ct4m,ct,,object,NGFS Fornax 4-2,stacked,wtmap,,2013-11-26,[None]
2021-06-03T06:16:48.715898+0000,00a30934b807b8ad5e3bdcd85e649662,22124160,/data_local/images/DTS/2013B-0613/DECam_00257834.fits.fz,/net/archive/pipe/20131124/ct4m/2013B-0613/c4d_131125_013406_ose_g_NGFS.fits.fz,1.19,"{'gte': 54.95562499999999, 'lte': 54.95562499999999}","{'gte': -37.34419444444445, 'lte': -37.34419444444445}",54.95562499999999,-37.34419444444445,g DECam SDSS c0001 4720.0 1520.0,None,,340.0,0,2013-11-25,2013-11-25T01:32:45.951676+0000,[7313],Munoz,2013B-0613,2015-05-18,decam,ct4m,ct,,object,NGFS Fornax 5-1 hexa,stacked,expmap,,2013-11-24,[None]
2020-11-18T18:33:52.611727+0000,35f23c3d1bc01998d17cb58727d399d8,967680,/data_local/images/DTS/2013B-0613/DECam_00257835.fits.fz,/net/archive/pipeline/Q20141224/DEC13B/20131123/c4d_131125_013936_osd_g_v1.fits.fz,1.19,"{'gte': 54.95899999999999, 'lte': 54.95899999999999}","{'gte': -37.34763888888889, 'lte': -37.34763888888889}",54.95899999999999,-37.34763888888889,g DECam SDSS c0001 4720.0 1520.0,None,,3000.0,0,2013-11-25,2013-11-25T01:33:45.400704+0000,[7313],Munoz,2013B-0613,2015-05-18,decam,ct4m,ct,,object,NGFS Fornax 5-1,stacked,dqmask,,2013-11-24,[None]
2020-11-18T18:34:45.763647+0000,55508e0e4fa24bbf77583de9c2d80b7e,387383040,/data_local/images/DTS/2013B-0613/DECam_00258028.fits.fz,/net/archive/pipeline/Q20141226/DEC13B/20131123/c4d_131127_044123_osj_i_v1.fits.fz,1.02,"{'gte': 54.548791666666666, 'lte': 54.548791666666666}","{'gte': -35.53786111111111, 'lte': -35.53786111111111}",54.548791666666666,-35.53786111111111,i DECam SDSS c0003 7835.0 1470.0,None,,270.0,0,2013-11-27,2013-11-27T04:40:00.562384+0000,[7313],Munoz,2013B-0613,2015-05-20,decam,ct4m,ct,,object,NGFS Fornax 1-2 hexa,stacked,image1,,2013-11-26,[None]
2020-11-18T18:37:45.298971+0000,1dcc523940cb8d575de349fbe369c071,1422720,/data_local/images/DTS/2013B-0613/DECam_00257784.fits.fz,/net/archive/pipeline/Q20150109/DEC13B/20131123/c4d_131124_050127_osd_r_v1.fits.fz,1.0,"{'gte': 64.48749999999998, 'lte': 64.48749999999998}","{'gte': -33.79908333333333, 'lte': -33.79908333333333}",64.48749999999998,-33.79908333333333,r DECam SDSS c0002 6415.0 1480.0,None,,15.0,0,2013-11-24,2013-11-24T05:00:28.599222+0000,[7313],Munoz,2013B-0613,2015-05-17,decam,ct4m,ct,,object,,stacked,dqmask,,2013-11-23,[None]
2020-11-18T18:33:52.114046+0000,5b177b788a9159fa922096c562a5beb9,25862400,/data_local/images/DTS/2013B-0613/DECam_00257827.fits.fz,/net/archive/pipeline/Q20141224/DEC13B/20131123/c4d_131125_010807_ose_g_v1.fits.fz,1.31,"{'gte': 56.23091666666666, 'lte': 56.23091666666666}","{'gte': -34.38388888888889, 'lte': -34.38388888888889}",56.23091666666666,-34.38388888888889,g DECam SDSS c0001 4720.0 1520.0,None,,3000.0,0,2013-11-25,2013-11-25T01:02:15.285391+0000,[7313],Munoz,2013B-0613,2015-05-18,decam,ct4m,ct,,object,NGFS Fornax 7-1,stacked,expmap,,2013-11-24,[None]
2020-11-18T18:34:41.009485+0000,1839c0a30eada8b5cad1044ac06a65c4,386599680,/data_local/images/DTS/2013B-0613/DECam_00257804.fits.fz,/net/archive/pipeline/Q20141225/DEC13B/20131123/c4d_131124_060316_osi_i_v1.fits.fz,1.11,"{'gte': 52.113375, 'lte': 52.113375}","{'gte': -33.06863888888889, 'lte': -33.06863888888889}",52.113375,-33.06863888888889,i DECam SDSS c0003 7835.0 1470.0,None,,270.0,0,2013-11-24,2013-11-24T06:01:54.613800+0000,[7313],Munoz,2013B-0613,2015-05-17,decam,ct4m,ct,,object,NGFS Fornax 10-1 hexa,stacked,image,,2013-11-23,[None]
2021-06-27T17:39:43.086329+0000,267aaf8456e2918948306b0f78572b37,388915200,/data_local/images/DTS/2013B-0613/DECam_00258035.fits.fz,/net/archive/pipe/20131126/ct4m/2013B-0613/c4d_131127_050651_osj_i_NGFS.fits.fz,1.04,"{'gte': 54.955208333333324, 'lte': 54.955208333333324}","{'gte': -37.34841666666667, 'lte': -37.34841666666667}",54.955208333333324,-37.34841666666667,i DECam SDSS c0003 7835.0 1470.0,None,,380.0,0,2013-11-27,2013-11-27T05:05:29.501039+0000,[7313],Munoz,2013B-0613,2015-05-20,decam,ct4m,ct,,object,NGFS Fornax 5-2 hexa,stacked,image1,,2013-11-26,[None]
2020-11-18T19:14:46.938855+0000,14134259a02a1bfda1d2eba79dc5677c,823680,/data_local/images/DTS/2013B-0613/DECam_00258027.fits.fz,/net/archive/pipeline/Q20141225/DEC13B/20131123/c4d_131127_044023_osd_i_v1.fits.fz,1.01,"{'gte': 56.62329166666666, 'lte': 56.62329166666666}","{'gte': -36.19886111111111, 'lte': -36.19886111111111}",56.62329166666666,-36.19886111111111,i DECam SDSS c0003 7835.0 1470.0,None,,270.0,0,2013-11-27,2013-11-27T04:39:01.549745+0000,[7313],Munoz,2013B-0613,2015-05-20,decam,ct4m,ct,,object,NGFS Fornax 6-1 hexa,stacked,dqmask,,2013-11-26,[None]
2020-11-18T18:34:41.042215+0000,170b52fc47d97cdab153c87914912583,815040,/data_local/images/DTS/2013B-0613/DECam_00257807.fits.fz,/net/archive/pipeline/Q20141225/DEC13B/20131123/c4d_131124_061517_osd_i_v1.fits.fz,1.15,"{'gte': 51.10912499999999, 'lte': 51.10912499999999}","{'gte': -37.84677777777778, 'lte': -37.84677777777778}",51.10912499999999,-37.84677777777778,i DECam SDSS c0003 7835.0 1470.0,None,,300.0,0,2013-11-24,2013-11-24T06:13:55.646062+0000,[7313],Munoz,2013B-0613,2015-05-17,decam,ct4m,ct,,object,Fornax 13-1,stacked,dqmask,,2013-11-23,[None]
2021-06-13T12:36:55.749349+0000,20f88a2ef3aaf6eadabc1830fb201b7f,392803200,/data_local/images/DTS/2013B-0613/DECam_00258036.fits.fz,/net/archive/pipe/20131126/ct4m/2013B-0613/c4d_131127_051223_osi_i_NGFS.fits.fz,1.04,"{'gte': 54.95737499999999, 'lte': 54.95737499999999}","{'gte': -37.34875, 'lte': -37.34875}",54.95737499999999,-37.34875,i DECam SDSS c0003 7835.0 1470.0,None,,3900.0,0,2013-11-27,2013-11-27T05:06:29.002739+0000,[7313],Munoz,2013B-0613,2015-05-20,decam,ct4m,ct,,object,NGFS Fornax 5-2,stacked,image,,2013-11-26,[None]
2020-11-18T18:33:52.655202+0000,1e9fbb70bdbf109bd91d97f5559b9410,961920,/data_local/images/DTS/2013B-0613/DECam_00257832.fits.fz,/net/archive/pipeline/Q20141224/DEC13B/20131123/c4d_131125_012738_osd_g_v1.fits.fz,1.21,"{'gte': 54.165708333333335, 'lte': 54.165708333333335}","{'gte': -33.72536111111111, 'lte': -33.72536111111111}",54.165708333333335,-33.72536111111111,g DECam SDSS c0001 4720.0 1520.0,None,,3000.0,0,2013-11-25,2013-11-25T01:21:46.313054+0000,[7313],Munoz,2013B-0613,2015-05-18,decam,ct4m,ct,,object,NGFS Fornax 2-1,stacked,dqmask,,2013-11-24,[None]
2020-11-18T18:34:45.412463+0000,2a229080fc67a0be28585d3582807d53,386784000,/data_local/images/DTS/2013B-0613/DECam_00258032.fits.fz,/net/archive/pipeline/Q20141226/DEC13B/20131123/c4d_131127_045920_osj_i_v1.fits.fz,1.04,"{'gte': 52.84508333333332, 'lte': 52.84508333333332}","{'gte': -36.69488888888888, 'lte': -36.69488888888888}",52.84508333333332,-36.69488888888888,i DECam SDSS c0003 7835.0 1470.0,None,,270.0,0,2013-11-27,2013-11-27T04:57:56.833874+0000,[7313],Munoz,2013B-0613,2015-05-20,decam,ct4m,ct,,object,NGFS Fornax 4-2 hexa,stacked,image1,,2013-11-26,[None]
2020-11-18T18:34:41.030350+0000,4452c2b5369695a6c68a15fbcb5bb8d4,21516480,/data_local/images/DTS/2013B-0613/DECam_00257805.fits.fz,/net/archive/pipeline/Q20141225/DEC13B/20131123/c4d_131124_060846_ose_i_v1.fits.fz,1.12,"{'gte': 52.11574999999999, 'lte': 52.11574999999999}","{'gte': -33.06830555555556, 'lte': -33.06830555555556}",52.11574999999999,-33.06830555555556,i DECam SDSS c0003 7835.0 1470.0,None,,2400.0,0,2013-11-24,2013-11-24T06:02:53.571469+0000,[7313],Munoz,2013B-0613,2015-05-17,decam,ct4m,ct,,object,NGFS Fornax 10-1,stacked,expmap,,2013-11-23,[None]
2020-11-18T18:33:52.659687+0000,231feb2daa83b7f69d3d4021c40f5efa,25963200,/data_local/images/DTS/2013B-0613/DECam_00257832.fits.fz,/net/archive/pipeline/Q20141224/DEC13B/20131123/c4d_131125_012738_ose_g_v1.fits.fz,1.21,"{'gte': 54.165708333333335, 'lte': 54.165708333333335}","{'gte': -33.72536111111111, 'lte': -33.72536111111111}",54.165708333333335,-33.72536111111111,g DECam SDSS c0001 4720.0 1520.0,None,,3000.0,0,2013-11-25,2013-11-25T01:21:46.313054+0000,[7313],Munoz,2013B-0613,2015-05-18,decam,ct4m,ct,,object,NGFS Fornax 2-1,stacked,expmap,,2013-11-24,[None]
2020-11-18T22:13:53.004839+0000,1f756cae01e53f2268e4eb0f71da271a,967680,/data_local/images/DTS/2013B-0613/DECam_00257840.fits.fz,/net/archive/pipeline/Q20141224/DEC13B/20131123/c4d_131125_020237_osd_g_v1.fits.fz,1.11,"{'gte': 52.847541666666665, 'lte': 52.847541666666665}","{'gte': -36.690888888888885, 'lte': -36.690888888888885}",52.847541666666665,-36.690888888888885,g DECam SDSS c0001 4720.0 1520.0,None,,2700.0,0,2013-11-25,2013-11-25T01:56:45.146037+0000,[7313],Munoz,2013B-0613,2015-05-18,decam,ct4m,ct,,object,NGFS Fornax 4-2,stacked,dqmask,,2013-11-24,[None]
2021-06-27T17:39:21.487290+0000,6366643c5f641a3f8ded5c5e66b20422,391501440,/data_local/images/DTS/2013B-0613/DECam_00258032.fits.fz,/net/archive/pipe/20131126/ct4m/2013B-0613/c4d_131127_045920_osj_i_NGFS.fits.fz,1.04,"{'gte': 52.85787499999999, 'lte': 52.85787499999999}","{'gte': -36.694916666666664, 'lte': -36.694916666666664}",52.85787499999999,-36.694916666666664,i DECam SDSS c0003 7835.0 1470.0,None,,340.0,0,2013-11-27,2013-11-27T04:57:56.833874+0000,[7313],Munoz,2013B-0613,2015-05-20,decam,ct4m,ct,,object,NGFS Fornax 4-2 hexa,stacked,image1,,2013-11-26,[None]
2021-06-02T12:16:53.154070+0000,23ea7f5be6ce75965e3b89464400b9a0,389160000,/data_local/images/DTS/2013B-0613/DECam_00257832.fits.fz,/net/archive/pipe/20131124/ct4m/2013B-0613/c4d_131125_012738_osj_g_NGFS.fits.fz,1.21,"{'gte': 54.165749999999996, 'lte': 54.165749999999996}","{'gte': -33.72541666666667, 'lte': -33.72541666666667}",54.165749999999996,-33.72541666666667,g DECam SDSS c0001 4720.0 1520.0,None,,3000.0,0,2013-11-25,2013-11-25T01:21:46.313054+0000,[7313],Munoz,2013B-0613,2015-05-18,decam,ct4m,ct,,object,NGFS Fornax 2-1,stacked,image1,,2013-11-24,[None]
2021-06-13T12:35:40.166847+0000,224f3d0d192ee0ae15ab250b086b0fc9,1186560,/data_local/images/DTS/2013B-0613/DECam_00257795.fits.fz,/net/archive/pipe/20131123/ct4m/2013B-0613/c4d_131124_052702_osd_i_NGFS.fits.fz,1.04,"{'gte': 54.548624999999994, 'lte': 54.548624999999994}","{'gte': -35.538777777777774, 'lte': -35.538777777777774}",54.548624999999994,-35.538777777777774,i DECam SDSS c0003 7835.0 1470.0,None,,3600.0,0,2013-11-24,2013-11-24T05:21:09.143792+0000,[7313],Munoz,2013B-0613,2015-05-17,decam,ct4m,ct,,object,NGFS Fornax 1-1,stacked,dqmask,,2013-11-23,[None]
2020-11-18T18:34:40.573939+0000,676053ece09812d7eed8099af8782c09,166164480,/data_local/images/DTS/2013B-0613/DECam_00257796.fits.fz,/net/archive/pipeline/Q20141225/DEC13B/20131123/c4d_131124_053236_osw_i_v1.fits.fz,1.05,"{'gte': 54.165, 'lte': 54.165}","{'gte': -33.727555555555554, 'lte': -33.727555555555554}",54.165,-33.727555555555554,i DECam SDSS c0003 7835.0 1470.0,None,,2700.0,0,2013-11-24,2013-11-24T05:26:44.777334+0000,[7313],Munoz,2013B-0613,2015-05-17,decam,ct4m,ct,,object,NGFS Fornax 2-1,stacked,wtmap,,2013-11-23,[None]
2021-06-02T13:18:09.141968+0000,38ead5b0324cdd8957baba1f17a5c839,26467200,/data_local/images/DTS/2013B-0613/DECam_00257840.fits.fz,/net/archive/pipe/20131124/ct4m/2013B-0613/c4d_131125_020237_ose_g_NGFS.fits.fz,1.11,"{'gte': 52.847583333333326, 'lte': 52.847583333333326}","{'gte': -36.690916666666666, 'lte': -36.690916666666666}",52.847583333333326,-36.690916666666666,g DECam SDSS c0001 4720.0 1520.0,None,,2700.0,0,2013-11-25,2013-11-25T01:56:45.146037+0000,[7313],Munoz,2013B-0613,2015-05-18,decam,ct4m,ct,,object,NGFS Fornax 4-2,stacked,expmap,,2013-11-24,[None]
2020-11-18T18:34:42.438918+0000,8d5f6c5191e94d081e4cf15853f3cc47,165168000,/data_local/images/DTS/2013B-0613/DECam_00258038.fits.fz,/net/archive/pipeline/Q20141225/DEC13B/20131123/c4d_131127_051859_osw_i_v1.fits.fz,1.04,"{'gte': 56.62474999999999, 'lte': 56.62474999999999}","{'gte': -36.198611111111106, 'lte': -36.198611111111106}",56.62474999999999,-36.198611111111106,i DECam SDSS c0003 7835.0 1470.0,None,,2400.0,0,2013-11-27,2013-11-27T05:13:00.861389+0000,[7313],Munoz,2013B-0613,2015-05-20,decam,ct4m,ct,,object,NGFS Fornax 6-2,stacked,wtmap,,2013-11-26,[None]
2020-11-18T18:33:51.960738+0000,3fdcd4c879c7bebf6158103ce1b9ba49,389413440,/data_local/images/DTS/2013B-0613/DECam_00257829.fits.fz,/net/archive/pipeline/Q20141224/DEC13B/20131123/c4d_131125_011501_osi_g_v1.fits.fz,1.23,"{'gte': 52.11833333333333, 'lte': 52.11833333333333}","{'gte': -33.06691666666667, 'lte': -33.06691666666667}",52.11833333333333,-33.06691666666667,g DECam SDSS c0001 4720.0 1520.0,None,,3000.0,0,2013-11-25,2013-11-25T01:09:09.146692+0000,[7313],Munoz,2013B-0613,2015-05-18,decam,ct4m,ct,,object,NGFS Fornax 10-1,stacked,image,,2013-11-24,[None]
2020-11-18T18:33:53.464410+0000,00fabd57427a5c6f8bb4f7916265e6ac,161645760,/data_local/images/DTS/2013B-0613/DECam_00257843.fits.fz,/net/archive/pipeline/Q20141224/DEC13B/20131123/c4d_131125_021007_osw_g_v1.fits.fz,1.12,"{'gte': 56.62545833333333, 'lte': 56.62545833333333}","{'gte': -36.19597222222222, 'lte': -36.19597222222222}",56.62545833333333,-36.19597222222222,g DECam SDSS c0001 4720.0 1520.0,None,,270.0,0,2013-11-25,2013-11-25T02:08:47.006527+0000,[7313],Munoz,2013B-0613,2015-05-18,decam,ct4m,ct,,object,NGFS Fornax 6-2 hexa,stacked,wtmap,,2013-11-24,[None]
2021-06-27T17:39:20.575930+0000,4dc7f7061ca4d595738b4b9b8d73d623,832320,/data_local/images/DTS/2013B-0613/DECam_00258032.fits.fz,/net/archive/pipe/20131126/ct4m/2013B-0613/c4d_131127_045920_osd_i_NGFS.fits.fz,1.04,"{'gte': 52.85787499999999, 'lte': 52.85787499999999}","{'gte': -36.694916666666664, 'lte': -36.694916666666664}",52.85787499999999,-36.694916666666664,i DECam SDSS c0003 7835.0 1470.0,None,,340.0,0,2013-11-27,2013-11-27T04:57:56.833874+0000,[7313],Munoz,2013B-0613,2015-05-20,decam,ct4m,ct,,object,NGFS Fornax 4-2 hexa,stacked,dqmask,,2013-11-26,[None]
2020-11-18T18:34:42.569536+0000,020ce13ad42737b0870eb5555b7199b3,812160,/data_local/images/DTS/2013B-0613/DECam_00258032.fits.fz,/net/archive/pipeline/Q20141225/DEC13B/20131123/c4d_131127_045920_osd_i_v1.fits.fz,1.04,"{'gte': 52.84508333333332, 'lte': 52.84508333333332}","{'gte': -36.69488888888888, 'lte': -36.69488888888888}",52.84508333333332,-36.69488888888888,i DECam SDSS c0003 7835.0 1470.0,None,,270.0,0,2013-11-27,2013-11-27T04:57:56.833874+0000,[7313],Munoz,2013B-0613,2015-05-20,decam,ct4m,ct,,object,NGFS Fornax 4-2 hexa,stacked,dqmask,,2013-11-26,[None]
2020-11-18T18:33:52.539419+0000,02f01fa9c151a6b223ff5e7568a88e87,162987840,/data_local/images/DTS/2013B-0613/DECam_00257837.fits.fz,/net/archive/pipeline/Q20141224/DEC13B/20131123/c4d_131125_014608_osw_g_v1.fits.fz,1.16,"{'gte': 54.54962499999999, 'lte': 54.54962499999999}","{'gte': -35.535805555555555, 'lte': -35.535805555555555}",54.54962499999999,-35.535805555555555,g DECam SDSS c0001 4720.0 1520.0,None,,2700.0,0,2013-11-25,2013-11-25T01:40:15.817467+0000,[7313],Munoz,2013B-0613,2015-05-18,decam,ct4m,ct,,object,NGFS Fornax 1-2,stacked,wtmap,,2013-11-24,[None]
2020-11-18T18:33:52.462915+0000,2c8ad520218d68479728becc30579821,979200,/data_local/images/DTS/2013B-0613/DECam_00257833.fits.fz,/net/archive/pipeline/Q20141224/DEC13B/20131123/c4d_131125_013306_osd_g_v1.fits.fz,1.18,"{'gte': 52.479124999999996, 'lte': 52.479124999999996}","{'gte': -34.87836111111111, 'lte': -34.87836111111111}",52.479124999999996,-34.87836111111111,g DECam SDSS c0001 4720.0 1520.0,None,,3000.0,0,2013-11-25,2013-11-25T01:27:15.350082+0000,[7313],Munoz,2013B-0613,2015-05-18,decam,ct4m,ct,,object,NGFS Fornax 3-1,stacked,dqmask,,2013-11-24,[None]
2021-06-13T12:35:40.831349+0000,130ed1d83cd379ca9fe81a94afb40f2d,389456640,/data_local/images/DTS/2013B-0613/DECam_00257795.fits.fz,/net/archive/pipe/20131123/ct4m/2013B-0613/c4d_131124_052702_osj_i_NGFS.fits.fz,1.04,"{'gte': 54.548624999999994, 'lte': 54.548624999999994}","{'gte': -35.538777777777774, 'lte': -35.538777777777774}",54.548624999999994,-35.538777777777774,i DECam SDSS c0003 7835.0 1470.0,None,,3600.0,0,2013-11-24,2013-11-24T05:21:09.143792+0000,[7313],Munoz,2013B-0613,2015-05-17,decam,ct4m,ct,,object,NGFS Fornax 1-1,stacked,image1,,2013-11-23,[None]
2020-11-18T18:37:45.310182+0000,69ec5357340b3a508e55f30640736d20,347152320,/data_local/images/DTS/2013B-0613/DECam_00257784.fits.fz,/net/archive/pipeline/Q20150109/DEC13B/20131123/c4d_131124_050127_osi_r_v1.fits.fz,1.0,"{'gte': 64.48749999999998, 'lte': 64.48749999999998}","{'gte': -33.79908333333333, 'lte': -33.79908333333333}",64.48749999999998,-33.79908333333333,r DECam SDSS c0002 6415.0 1480.0,None,,15.0,0,2013-11-24,2013-11-24T05:00:28.599222+0000,[7313],Munoz,2013B-0613,2015-05-17,decam,ct4m,ct,,object,,stacked,image,,2013-11-23,[None]
2020-11-18T18:34:45.663612+0000,127f872a32a6cc77b7c49188f17ee6e9,387518400,/data_local/images/DTS/2013B-0613/DECam_00257807.fits.fz,/net/archive/pipeline/Q20141226/DEC13B/20131123/c4d_131124_061517_osi_i_v1.fits.fz,1.15,"{'gte': 51.10912499999999, 'lte': 51.10912499999999}","{'gte': -37.84677777777778, 'lte': -37.84677777777778}",51.10912499999999,-37.84677777777778,i DECam SDSS c0003 7835.0 1470.0,None,,300.0,0,2013-11-24,2013-11-24T06:13:55.646062+0000,[7313],Munoz,2013B-0613,2015-05-17,decam,ct4m,ct,,object,Fornax 13-1,stacked,image,,2013-11-23,[None]
2021-06-02T15:33:48.256822+0000,308a7764a8b40703220a7d54e3a7510a,386812800,/data_local/images/DTS/2013B-0613/DECam_00257825.fits.fz,/net/archive/pipe/20131124/ct4m/2013B-0613/c4d_131125_005706_osi_g_NGFS.fits.fz,1.33,"{'gte': 56.625541666666656, 'lte': 56.625541666666656}","{'gte': -36.19597222222222, 'lte': -36.19597222222222}",56.625541666666656,-36.19597222222222,g DECam SDSS c0001 4720.0 1520.0,None,,355.0,0,2013-11-25,2013-11-25T00:55:44.698861+0000,[7313],Munoz,2013B-0613,2015-05-18,decam,ct4m,ct,,object,NGFS Fornax 6-1 hexa,stacked,image,,2013-11-24,[None]
2021-06-27T17:39:20.627902+0000,30afb59a97f2c0a67a6a6e37dd041438,388457280,/data_local/images/DTS/2013B-0613/DECam_00257794.fits.fz,/net/archive/pipe/20131123/ct4m/2013B-0613/c4d_131124_052132_osj_i_NGFS.fits.fz,1.04,"{'gte': 54.55233333333333, 'lte': 54.55233333333333}","{'gte': -35.53791666666667, 'lte': -35.53791666666667}",54.55233333333333,-35.53791666666667,i DECam SDSS c0003 7835.0 1470.0,None,,520.0,0,2013-11-24,2013-11-24T05:20:09.478074+0000,[7313],Munoz,2013B-0613,2015-05-17,decam,ct4m,ct,,object,NGFS Fornax 1-1 hexa,stacked,image1,,2013-11-23,[None]
2020-11-18T18:34:42.550799+0000,1123f9d33e63c445cf4f3870f0768b64,387037440,/data_local/images/DTS/2013B-0613/DECam_00258035.fits.fz,/net/archive/pipeline/Q20141225/DEC13B/20131123/c4d_131127_050651_osi_i_v1.fits.fz,1.04,"{'gte': 54.95662499999999, 'lte': 54.95662499999999}","{'gte': -37.35152777777778, 'lte': -37.35152777777778}",54.95662499999999,-37.35152777777778,i DECam SDSS c0003 7835.0 1470.0,None,,270.0,0,2013-11-27,2013-11-27T05:05:29.501039+0000,[7313],Munoz,2013B-0613,2015-05-20,decam,ct4m,ct,,object,NGFS Fornax 5-2 hexa,stacked,image,,2013-11-26,[None]
2020-11-18T18:33:52.616091+0000,6d2876a06b8065007572712af3d0c32f,26173440,/data_local/images/DTS/2013B-0613/DECam_00257835.fits.fz,/net/archive/pipeline/Q20141224/DEC13B/20131123/c4d_131125_013936_ose_g_v1.fits.fz,1.19,"{'gte': 54.95899999999999, 'lte': 54.95899999999999}","{'gte': -37.34763888888889, 'lte': -37.34763888888889}",54.95899999999999,-37.34763888888889,g DECam SDSS c0001 4720.0 1520.0,None,,3000.0,0,2013-11-25,2013-11-25T01:33:45.400704+0000,[7313],Munoz,2013B-0613,2015-05-18,decam,ct4m,ct,,object,NGFS Fornax 5-1,stacked,expmap,,2013-11-24,[None]
2021-06-02T15:32:47.931155+0000,19aef7cdbc673f5e21c7b92363fac06b,386784000,/data_local/images/DTS/2013B-0613/DECam_00257828.fits.fz,/net/archive/pipe/20131124/ct4m/2013B-0613/c4d_131125_010931_osj_g_NGFS.fits.fz,1.23,"{'gte': 52.11549999999999, 'lte': 52.11549999999999}","{'gte': -33.06722222222223, 'lte': -33.06722222222223}",52.11549999999999,-33.06722222222223,g DECam SDSS c0001 4720.0 1520.0,None,,325.0,0,2013-11-25,2013-11-25T01:08:09.941647+0000,[7313],Munoz,2013B-0613,2015-05-18,decam,ct4m,ct,,object,NGFS Fornax 10-1 hexa,stacked,image1,,2013-11-24,[None]
2020-11-18T18:33:52.798604+0000,3212a5cdcd62626acf6b90d2251236f0,389001600,/data_local/images/DTS/2013B-0613/DECam_00257840.fits.fz,/net/archive/pipeline/Q20141224/DEC13B/20131123/c4d_131125_020237_osi_g_v1.fits.fz,1.11,"{'gte': 52.847541666666665, 'lte': 52.847541666666665}","{'gte': -36.690888888888885, 'lte': -36.690888888888885}",52.847541666666665,-36.690888888888885,g DECam SDSS c0001 4720.0 1520.0,None,,2700.0,0,2013-11-25,2013-11-25T01:56:45.146037+0000,[7313],Munoz,2013B-0613,2015-05-18,decam,ct4m,ct,,object,NGFS Fornax 4-2,stacked,image,,2013-11-24,[None]
2020-11-18T18:33:52.668472+0000,6effd9cfeeac581ef9a21f196fa188a3,389488320,/data_local/images/DTS/2013B-0613/DECam_00257832.fits.fz,/net/archive/pipeline/Q20141224/DEC13B/20131123/c4d_131125_012738_osj_g_v1.fits.fz,1.21,"{'gte': 54.165708333333335, 'lte': 54.165708333333335}","{'gte': -33.72536111111111, 'lte': -33.72536111111111}",54.165708333333335,-33.72536111111111,g DECam SDSS c0001 4720.0 1520.0,None,,3000.0,0,2013-11-25,2013-11-25T01:21:46.313054+0000,[7313],Munoz,2013B-0613,2015-05-18,decam,ct4m,ct,,object,NGFS Fornax 2-1,stacked,image1,,2013-11-24,[None]
2021-06-13T12:37:35.714488+0000,7cdbd8dd16fb18c7aa4ebb4e81cc20ac,34577280,/data_local/images/DTS/2013B-0613/DECam_00258041.fits.fz,/net/archive/pipe/20131126/ct4m/2013B-0613/c4d_131127_053058_ose_i_NGFS.fits.fz,1.07,"{'gte': 52.11579166666667, 'lte': 52.11579166666667}","{'gte': -33.06827777777778, 'lte': -33.06827777777778}",52.11579166666667,-33.06827777777778,i DECam SDSS c0003 7835.0 1470.0,None,,3600.0,0,2013-11-27,2013-11-27T05:25:05.085103+0000,[7313],Munoz,2013B-0613,2015-05-20,decam,ct4m,ct,,object,NGFS Fornax 10-2,stacked,expmap,,2013-11-26,[None]
2021-06-02T11:19:14.529559+0000,7d2a7ddaa516591cd10052e8458ca926,1016640,/data_local/images/DTS/2013B-0613/DECam_00257833.fits.fz,/net/archive/pipe/20131124/ct4m/2013B-0613/c4d_131125_013306_osd_g_NGFS.fits.fz,1.18,"{'gte': 52.479208333333325, 'lte': 52.479208333333325}","{'gte': -34.87836111111111, 'lte': -34.87836111111111}",52.479208333333325,-34.87836111111111,g DECam SDSS c0001 4720.0 1520.0,None,,3000.0,0,2013-11-25,2013-11-25T01:27:15.350082+0000,[7313],Munoz,2013B-0613,2015-05-18,decam,ct4m,ct,,object,NGFS Fornax 3-1,stacked,dqmask,,2013-11-24,[None]
2021-06-27T17:39:20.266321+0000,624b9157effe3d0dba3a3b8a4b628fb1,388468800,/data_local/images/DTS/2013B-0613/DECam_00257794.fits.fz,/net/archive/pipe/20131123/ct4m/2013B-0613/c4d_131124_052132_osi_i_NGFS.fits.fz,1.04,"{'gte': 54.55233333333333, 'lte': 54.55233333333333}","{'gte': -35.53791666666667, 'lte': -35.53791666666667}",54.55233333333333,-35.53791666666667,i DECam SDSS c0003 7835.0 1470.0,None,,520.0,0,2013-11-24,2013-11-24T05:20:09.478074+0000,[7313],Munoz,2013B-0613,2015-05-17,decam,ct4m,ct,,object,NGFS Fornax 1-1 hexa,stacked,image,,2013-11-23,[None]
2021-06-13T12:37:24.401021+0000,73e5b304ac3d9303a19342ad8555ec22,466197120,/data_local/images/DTS/2013B-0613/DECam_00258039.fits.fz,/net/archive/pipe/20131126/ct4m/2013B-0613/c4d_131127_052423_osj_i_NGFS.fits.fz,1.04,"{'gte': 56.23737499999999, 'lte': 56.23737499999999}","{'gte': -34.37825, 'lte': -34.37825}",56.23737499999999,-34.37825,i DECam SDSS c0003 7835.0 1470.0,None,,5100.0,0,2013-11-27,2013-11-27T05:18:30.906704+0000,[7313],Munoz,2013B-0613,2015-05-20,decam,ct4m,ct,,object,NGFS Fornax 7-2,stacked,image1,,2013-11-26,[None]
2021-06-13T12:37:45.323214+0000,80d449322c2b3dbf397abe432f5e0434,1131840,/data_local/images/DTS/2013B-0613/DECam_00258044.fits.fz,/net/archive/pipe/20131126/ct4m/2013B-0613/c4d_131127_053842_osd_i_NGFS.fits.fz,1.09,"{'gte': 51.114083333333326, 'lte': 51.114083333333326}","{'gte': -37.844833333333334, 'lte': -37.844833333333334}",51.114083333333326,-37.844833333333334,i DECam SDSS c0003 7835.0 1470.0,None,,3900.0,0,2013-11-27,2013-11-27T05:32:50.694204+0000,[7313],Munoz,2013B-0613,2015-05-20,decam,ct4m,ct,,object,NGFS Fornax 13-2,stacked,dqmask,,2013-11-26,[None]
2021-06-03T06:19:04.668647+0000,67a5fba124652f1c1d9fb021f0c84b9b,389730240,/data_local/images/DTS/2013B-0613/DECam_00257834.fits.fz,/net/archive/pipe/20131124/ct4m/2013B-0613/c4d_131125_013406_osj_g_NGFS.fits.fz,1.19,"{'gte': 54.95562499999999, 'lte': 54.95562499999999}","{'gte': -37.34419444444445, 'lte': -37.34419444444445}",54.95562499999999,-37.34419444444445,g DECam SDSS c0001 4720.0 1520.0,None,,340.0,0,2013-11-25,2013-11-25T01:32:45.951676+0000,[7313],Munoz,2013B-0613,2015-05-18,decam,ct4m,ct,,object,NGFS Fornax 5-1 hexa,stacked,image1,,2013-11-24,[None]
2020-11-18T18:34:45.689685+0000,681f11bd515eb17f380843cab6af2f24,23241600,/data_local/images/DTS/2013B-0613/DECam_00257796.fits.fz,/net/archive/pipeline/Q20141226/DEC13B/20131123/c4d_131124_053236_ose_i_v1.fits.fz,1.05,"{'gte': 54.165, 'lte': 54.165}","{'gte': -33.727555555555554, 'lte': -33.727555555555554}",54.165,-33.727555555555554,i DECam SDSS c0003 7835.0 1470.0,None,,2700.0,0,2013-11-24,2013-11-24T05:26:44.777334+0000,[7313],Munoz,2013B-0613,2015-05-17,decam,ct4m,ct,,object,NGFS Fornax 2-1,stacked,expmap,,2013-11-23,[None]
2020-11-18T18:33:53.460677+0000,70673699099b427c24b6bcd83664b1a1,386861760,/data_local/images/DTS/2013B-0613/DECam_00257843.fits.fz,/net/archive/pipeline/Q20141224/DEC13B/20131123/c4d_131125_021007_osj_g_v1.fits.fz,1.12,"{'gte': 56.62545833333333, 'lte': 56.62545833333333}","{'gte': -36.19597222222222, 'lte': -36.19597222222222}",56.62545833333333,-36.19597222222222,g DECam SDSS c0001 4720.0 1520.0,None,,270.0,0,2013-11-25,2013-11-25T02:08:47.006527+0000,[7313],Munoz,2013B-0613,2015-05-18,decam,ct4m,ct,,object,NGFS Fornax 6-2 hexa,stacked,image1,,2013-11-24,[None]
2021-06-02T10:19:29.588884+0000,7af92094226a0eaa1a970171d51ff1dc,1039680,/data_local/images/DTS/2013B-0613/DECam_00257832.fits.fz,/net/archive/pipe/20131124/ct4m/2013B-0613/c4d_131125_012738_osd_g_NGFS.fits.fz,1.21,"{'gte': 54.165749999999996, 'lte': 54.165749999999996}","{'gte': -33.72541666666667, 'lte': -33.72541666666667}",54.165749999999996,-33.72541666666667,g DECam SDSS c0001 4720.0 1520.0,None,,3000.0,0,2013-11-25,2013-11-25T01:21:46.313054+0000,[7313],Munoz,2013B-0613,2015-05-18,decam,ct4m,ct,,object,NGFS Fornax 2-1,stacked,dqmask,,2013-11-24,[None]
2020-11-18T18:33:53.431626+0000,6b521b81e904c785b9e23fd043e428e8,12355200,/data_local/images/DTS/2013B-0613/DECam_00257836.fits.fz,/net/archive/pipeline/Q20141224/DEC13B/20131123/c4d_131125_014037_ose_g_v1.fits.fz,1.17,"{'gte': 54.54954166666666, 'lte': 54.54954166666666}","{'gte': -35.53491666666667, 'lte': -35.53491666666667}",54.54954166666666,-35.53491666666667,g DECam SDSS c0001 4720.0 1520.0,None,,270.0,0,2013-11-25,2013-11-25T01:39:15.530480+0000,[7313],Munoz,2013B-0613,2015-05-18,decam,ct4m,ct,,object,NGFS Fornax 1-2 hexa,stacked,expmap,,2013-11-24,[None]
2021-06-13T12:35:51.115210+0000,772f28c8e7dcae32cf8a8627abc6867a,333979200,/data_local/images/DTS/2013B-0613/DECam_00258030.fits.fz,/net/archive/pipe/20131126/ct4m/2013B-0613/c4d_131127_045246_osw_i_NGFS.fits.fz,1.02,"{'gte': 54.15708333333333, 'lte': 54.15708333333333}","{'gte': -33.70236111111112, 'lte': -33.70236111111112}",54.15708333333333,-33.70236111111112,i DECam SDSS c0003 7835.0 1470.0,None,,4800.0,0,2013-11-27,2013-11-27T04:46:53.101647+0000,[7313],Munoz,2013B-0613,2015-05-20,decam,ct4m,ct,,object,NGFS Fornax 2-2,stacked,wtmap,,2013-11-26,[None]
2020-11-18T18:34:41.977604+0000,ac094daac4f86968bfd7f5d2886fb69d,11301120,/data_local/images/DTS/2013B-0613/DECam_00258028.fits.fz,/net/archive/pipeline/Q20141225/DEC13B/20131123/c4d_131127_044123_ose_i_v1.fits.fz,1.02,"{'gte': 54.548791666666666, 'lte': 54.548791666666666}","{'gte': -35.53786111111111, 'lte': -35.53786111111111}",54.548791666666666,-35.53786111111111,i DECam SDSS c0003 7835.0 1470.0,None,,270.0,0,2013-11-27,2013-11-27T04:40:00.562384+0000,[7313],Munoz,2013B-0613,2015-05-20,decam,ct4m,ct,,object,NGFS Fornax 1-2 hexa,stacked,expmap,,2013-11-26,[None]
2021-06-02T13:34:58.001047+0000,69c845dcaf50104615f36b0c8270ef67,27282240,/data_local/images/DTS/2013B-0613/DECam_00257844.fits.fz,/net/archive/pipe/20131124/ct4m/2013B-0613/c4d_131125_021538_ose_g_NGFS.fits.fz,1.12,"{'gte': 56.62458333333332, 'lte': 56.62458333333332}","{'gte': -36.196, 'lte': -36.196}",56.62458333333332,-36.196,g DECam SDSS c0001 4720.0 1520.0,None,,2700.0,0,2013-11-25,2013-11-25T02:09:46.144540+0000,[7313],Munoz,2013B-0613,2015-05-18,decam,ct4m,ct,,object,NGFS Fornax 6-2,stacked,expmap,,2013-11-24,[None]
2021-06-02T08:19:25.177832+0000,7be29034619de8c5de2aaddabdab135c,1108800,/data_local/images/DTS/2013B-0613/DECam_00257837.fits.fz,/net/archive/pipe/20131124/ct4m/2013B-0613/c4d_131125_014608_osd_g_NGFS.fits.fz,1.16,"{'gte': 54.54970833333333, 'lte': 54.54970833333333}","{'gte': -35.53586111111111, 'lte': -35.53586111111111}",54.54970833333333,-35.53586111111111,g DECam SDSS c0001 4720.0 1520.0,None,,2700.0,0,2013-11-25,2013-11-25T01:40:15.817467+0000,[7313],Munoz,2013B-0613,2015-05-18,decam,ct4m,ct,,object,NGFS Fornax 1-2,stacked,dqmask,,2013-11-24,[None]
2021-06-03T06:19:50.800896+0000,88396274b6b0f79537851b8e50b32926,21312000,/data_local/images/DTS/2013B-0613/DECam_00257830.fits.fz,/net/archive/pipe/20131124/ct4m/2013B-0613/c4d_131125_011602_ose_g_NGFS.fits.fz,1.19,"{'gte': 51.11420833333332, 'lte': 51.11420833333332}","{'gte': -37.84427777777778, 'lte': -37.84427777777778}",51.11420833333332,-37.84427777777778,g DECam SDSS c0001 4720.0 1520.0,None,,355.0,0,2013-11-25,2013-11-25T01:14:42.626678+0000,[7313],Munoz,2013B-0613,2015-05-18,decam,ct4m,ct,,object,NGFS Fornax 13-1 hexa,stacked,expmap,,2013-11-24,[None]
2021-06-02T10:18:47.240924+0000,6baa1fd6a81f3b2589926a28e520396c,282870720,/data_local/images/DTS/2013B-0613/DECam_00257831.fits.fz,/net/archive/pipe/20131124/ct4m/2013B-0613/c4d_131125_012139_osw_g_NGFS.fits.fz,1.19,"{'gte': 51.113833333333325, 'lte': 51.113833333333325}","{'gte': -37.84491666666667, 'lte': -37.84491666666667}",51.113833333333325,-37.84491666666667,g DECam SDSS c0001 4720.0 1520.0,None,,3300.0,0,2013-11-25,2013-11-25T01:15:47.121222+0000,[7313],Munoz,2013B-0613,2015-05-18,decam,ct4m,ct,,object,NGFS Fornax 13-1,stacked,wtmap,,2013-11-24,[None]
2021-06-02T08:19:49.074856+0000,82eca308b1b17405ec3a2d8f26c691a0,282648960,/data_local/images/DTS/2013B-0613/DECam_00257837.fits.fz,/net/archive/pipe/20131124/ct4m/2013B-0613/c4d_131125_014608_osw_g_NGFS.fits.fz,1.16,"{'gte': 54.54970833333333, 'lte': 54.54970833333333}","{'gte': -35.53586111111111, 'lte': -35.53586111111111}",54.54970833333333,-35.53586111111111,g DECam SDSS c0001 4720.0 1520.0,None,,2700.0,0,2013-11-25,2013-11-25T01:40:15.817467+0000,[7313],Munoz,2013B-0613,2015-05-18,decam,ct4m,ct,,object,NGFS Fornax 1-2,stacked,wtmap,,2013-11-24,[None]
2020-11-18T18:33:52.171562+0000,6e6e7caa0b9f6ca87047aac963b7193f,161910720,/data_local/images/DTS/2013B-0613/DECam_00257828.fits.fz,/net/archive/pipeline/Q20141224/DEC13B/20131123/c4d_131125_010931_osw_g_v1.fits.fz,1.23,"{'gte': 52.11545833333333, 'lte': 52.11545833333333}","{'gte': -33.067194444444446, 'lte': -33.067194444444446}",52.11545833333333,-33.067194444444446,g DECam SDSS c0001 4720.0 1520.0,None,,300.0,0,2013-11-25,2013-11-25T01:08:09.941647+0000,[7313],Munoz,2013B-0613,2015-05-18,decam,ct4m,ct,,object,NGFS Fornax 10-1 hexa,stacked,wtmap,,2013-11-24,[None]
2021-06-03T09:18:44.266474+0000,7aac13cef99547cf04ca54464d335d0a,282165120,/data_local/images/DTS/2013B-0613/DECam_00257830.fits.fz,/net/archive/pipe/20131124/ct4m/2013B-0613/c4d_131125_011602_osw_g_NGFS.fits.fz,1.19,"{'gte': 51.11420833333332, 'lte': 51.11420833333332}","{'gte': -37.84427777777778, 'lte': -37.84427777777778}",51.11420833333332,-37.84427777777778,g DECam SDSS c0001 4720.0 1520.0,None,,355.0,0,2013-11-25,2013-11-25T01:14:42.626678+0000,[7313],Munoz,2013B-0613,2015-05-18,decam,ct4m,ct,,object,NGFS Fornax 13-1 hexa,stacked,wtmap,,2013-11-24,[None]
2020-11-18T18:34:42.387172+0000,85e0b7ab08d720f6efef6c0d7babc7d2,20707200,/data_local/images/DTS/2013B-0613/DECam_00258033.fits.fz,/net/archive/pipeline/Q20141225/DEC13B/20131123/c4d_131127_050447_ose_i_v1.fits.fz,1.04,"{'gte': 52.84662499999999, 'lte': 52.84662499999999}","{'gte': -36.693999999999996, 'lte': -36.693999999999996}",52.84662499999999,-36.693999999999996,i DECam SDSS c0003 7835.0 1470.0,None,,2100.0,0,2013-11-27,2013-11-27T04:58:54.751972+0000,[7313],Munoz,2013B-0613,2015-05-20,decam,ct4m,ct,,object,NGFS Fornax 4-2,stacked,expmap,,2013-11-26,[None]
2020-11-18T18:33:52.161896+0000,7c71a35dbf7b8628acff0a2e2e2becb0,387432000,/data_local/images/DTS/2013B-0613/DECam_00257828.fits.fz,/net/archive/pipeline/Q20141224/DEC13B/20131123/c4d_131125_010931_osj_g_v1.fits.fz,1.23,"{'gte': 52.11545833333333, 'lte': 52.11545833333333}","{'gte': -33.067194444444446, 'lte': -33.067194444444446}",52.11545833333333,-33.067194444444446,g DECam SDSS c0001 4720.0 1520.0,None,,300.0,0,2013-11-25,2013-11-25T01:08:09.941647+0000,[7313],Munoz,2013B-0613,2015-05-18,decam,ct4m,ct,,object,NGFS Fornax 10-1 hexa,stacked,image1,,2013-11-24,[None]
2021-06-02T14:19:44.678832+0000,8f24fba7b4063ab8e69d515f419e41f4,386922240,/data_local/images/DTS/2013B-0613/DECam_00257825.fits.fz,/net/archive/pipe/20131124/ct4m/2013B-0613/c4d_131125_005706_osj_g_NGFS.fits.fz,1.33,"{'gte': 56.625541666666656, 'lte': 56.625541666666656}","{'gte': -36.19597222222222, 'lte': -36.19597222222222}",56.625541666666656,-36.19597222222222,g DECam SDSS c0001 4720.0 1520.0,None,,355.0,0,2013-11-25,2013-11-25T00:55:44.698861+0000,[7313],Munoz,2013B-0613,2015-05-18,decam,ct4m,ct,,object,NGFS Fornax 6-1 hexa,stacked,image1,,2013-11-24,[None]
2020-11-18T18:33:51.973795+0000,7a18f5ddea3ba64ef2911df3be7bfa54,163396800,/data_local/images/DTS/2013B-0613/DECam_00257829.fits.fz,/net/archive/pipeline/Q20141224/DEC13B/20131123/c4d_131125_011501_osw_g_v1.fits.fz,1.23,"{'gte': 52.11833333333333, 'lte': 52.11833333333333}","{'gte': -33.06691666666667, 'lte': -33.06691666666667}",52.11833333333333,-33.06691666666667,g DECam SDSS c0001 4720.0 1520.0,None,,3000.0,0,2013-11-25,2013-11-25T01:09:09.146692+0000,[7313],Munoz,2013B-0613,2015-05-18,decam,ct4m,ct,,object,NGFS Fornax 10-1,stacked,wtmap,,2013-11-24,[None]
2020-11-18T18:34:45.638833+0000,86533359d92d8d15dcb36a628c77d47a,12329280,/data_local/images/DTS/2013B-0613/DECam_00257804.fits.fz,/net/archive/pipeline/Q20141226/DEC13B/20131123/c4d_131124_060316_ose_i_v1.fits.fz,1.11,"{'gte': 52.113375, 'lte': 52.113375}","{'gte': -33.06863888888889, 'lte': -33.06863888888889}",52.113375,-33.06863888888889,i DECam SDSS c0003 7835.0 1470.0,None,,270.0,0,2013-11-24,2013-11-24T06:01:54.613800+0000,[7313],Munoz,2013B-0613,2015-05-17,decam,ct4m,ct,,object,NGFS Fornax 10-1 hexa,stacked,expmap,,2013-11-23,[None]
2021-06-27T17:39:43.246486+0000,7648d8d78522a22a8031a244a98eef37,284359680,/data_local/images/DTS/2013B-0613/DECam_00258035.fits.fz,/net/archive/pipe/20131126/ct4m/2013B-0613/c4d_131127_050651_osw_i_NGFS.fits.fz,1.04,"{'gte': 54.955208333333324, 'lte': 54.955208333333324}","{'gte': -37.34841666666667, 'lte': -37.34841666666667}",54.955208333333324,-37.34841666666667,i DECam SDSS c0003 7835.0 1470.0,None,,380.0,0,2013-11-27,2013-11-27T05:05:29.501039+0000,[7313],Munoz,2013B-0613,2015-05-20,decam,ct4m,ct,,object,NGFS Fornax 5-2 hexa,stacked,wtmap,,2013-11-26,[None]
2020-11-18T19:14:46.834871+0000,86c7af3325fc3fdcd8806815040598f4,1025280,/data_local/images/DTS/2013B-0613/DECam_00257806.fits.fz,/net/archive/pipeline/Q20141225/DEC13B/20131123/c4d_131124_061420_osd_i_v1.fits.fz,1.14,"{'gte': 51.109416666666654, 'lte': 51.109416666666654}","{'gte': -37.84638888888889, 'lte': -37.84638888888889}",51.109416666666654,-37.84638888888889,i DECam SDSS c0003 7835.0 1470.0,None,,2100.0,0,2013-11-24,2013-11-24T06:08:27.912142+0000,[7313],Munoz,2013B-0613,2015-05-17,decam,ct4m,ct,,object,NGFS Fornax 13-1,stacked,dqmask,,2013-11-23,[None]
2020-11-18T19:58:26.398607+0000,5b94e110549592c0775397365a516935,11998080,/data_local/images/DTS/2013B-0613/DECam_00258027.fits.fz,/net/archive/pipeline/Q20141225/DEC13B/20131123/c4d_131127_044023_ose_i_v1.fits.fz,1.01,"{'gte': 56.62329166666666, 'lte': 56.62329166666666}","{'gte': -36.19886111111111, 'lte': -36.19886111111111}",56.62329166666666,-36.19886111111111,i DECam SDSS c0003 7835.0 1470.0,None,,270.0,0,2013-11-27,2013-11-27T04:39:01.549745+0000,[7313],Munoz,2013B-0613,2015-05-20,decam,ct4m,ct,,object,NGFS Fornax 6-1 hexa,stacked,expmap,,2013-11-26,[None]
2021-06-13T12:35:50.943171+0000,b99d8470bfe81a11d3b5677c99c10534,453850560,/data_local/images/DTS/2013B-0613/DECam_00258030.fits.fz,/net/archive/pipe/20131126/ct4m/2013B-0613/c4d_131127_045246_osj_i_NGFS.fits.fz,1.02,"{'gte': 54.15708333333333, 'lte': 54.15708333333333}","{'gte': -33.70236111111112, 'lte': -33.70236111111112}",54.15708333333333,-33.70236111111112,i DECam SDSS c0003 7835.0 1470.0,None,,4800.0,0,2013-11-27,2013-11-27T04:46:53.101647+0000,[7313],Munoz,2013B-0613,2015-05-20,decam,ct4m,ct,,object,NGFS Fornax 2-2,stacked,image1,,2013-11-26,[None]
2021-06-03T09:18:44.298614+0000,751f579feb6790a6c8c3d8bb344c1f40,792000,/data_local/images/DTS/2013B-0613/DECam_00257828.fits.fz,/net/archive/pipe/20131124/ct4m/2013B-0613/c4d_131125_010931_osd_g_NGFS.fits.fz,1.23,"{'gte': 52.11549999999999, 'lte': 52.11549999999999}","{'gte': -33.06722222222223, 'lte': -33.06722222222223}",52.11549999999999,-33.06722222222223,g DECam SDSS c0001 4720.0 1520.0,None,,325.0,0,2013-11-25,2013-11-25T01:08:09.941647+0000,[7313],Munoz,2013B-0613,2015-05-18,decam,ct4m,ct,,object,NGFS Fornax 10-1 hexa,stacked,dqmask,,2013-11-24,[None]
2021-06-03T06:18:58.968530+0000,6ceed1a038f3c1740de4c3eb3db68e8a,797760,/data_local/images/DTS/2013B-0613/DECam_00257834.fits.fz,/net/archive/pipe/20131124/ct4m/2013B-0613/c4d_131125_013406_osd_g_NGFS.fits.fz,1.19,"{'gte': 54.95562499999999, 'lte': 54.95562499999999}","{'gte': -37.34419444444445, 'lte': -37.34419444444445}",54.95562499999999,-37.34419444444445,g DECam SDSS c0001 4720.0 1520.0,None,,340.0,0,2013-11-25,2013-11-25T01:32:45.951676+0000,[7313],Munoz,2013B-0613,2015-05-18,decam,ct4m,ct,,object,NGFS Fornax 5-1 hexa,stacked,dqmask,,2013-11-24,[None]
2020-11-18T18:33:52.793969+0000,772969893b7f9a2008996288b2726960,23198400,/data_local/images/DTS/2013B-0613/DECam_00257840.fits.fz,/net/archive/pipeline/Q20141224/DEC13B/20131123/c4d_131125_020237_ose_g_v1.fits.fz,1.11,"{'gte': 52.847541666666665, 'lte': 52.847541666666665}","{'gte': -36.690888888888885, 'lte': -36.690888888888885}",52.847541666666665,-36.690888888888885,g DECam SDSS c0001 4720.0 1520.0,None,,2700.0,0,2013-11-25,2013-11-25T01:56:45.146037+0000,[7313],Munoz,2013B-0613,2015-05-18,decam,ct4m,ct,,object,NGFS Fornax 4-2,stacked,expmap,,2013-11-24,[None]
2021-06-02T15:33:53.386640+0000,3e96d0b9fd494a1279380391153c2c84,386951040,/data_local/images/DTS/2013B-0613/DECam_00257836.fits.fz,/net/archive/pipe/20131124/ct4m/2013B-0613/c4d_131125_014037_osi_g_NGFS.fits.fz,1.17,"{'gte': 54.54962499999999, 'lte': 54.54962499999999}","{'gte': -35.53491666666667, 'lte': -35.53491666666667}",54.54962499999999,-35.53491666666667,g DECam SDSS c0001 4720.0 1520.0,None,,450.0,0,2013-11-25,2013-11-25T01:39:15.530480+0000,[7313],Munoz,2013B-0613,2015-05-18,decam,ct4m,ct,,object,NGFS Fornax 1-2 hexa,stacked,image,,2013-11-24,[None]
2021-06-27T17:39:24.349049+0000,7956eb71a53d3a015eb312ef393888f5,17775360,/data_local/images/DTS/2013B-0613/DECam_00257804.fits.fz,/net/archive/pipe/20131123/ct4m/2013B-0613/c4d_131124_060316_ose_i_NGFS.fits.fz,1.11,"{'gte': 52.11341666666666, 'lte': 52.11341666666666}","{'gte': -33.068694444444446, 'lte': -33.068694444444446}",52.11341666666666,-33.068694444444446,i DECam SDSS c0003 7835.0 1470.0,None,,310.0,0,2013-11-24,2013-11-24T06:01:54.613800+0000,[7313],Munoz,2013B-0613,2015-05-17,decam,ct4m,ct,,object,NGFS Fornax 10-1 hexa,stacked,expmap,,2013-11-23,[None]
2021-06-02T10:19:47.342925+0000,8c1bfc6c6721476ab706b54498377091,29903040,/data_local/images/DTS/2013B-0613/DECam_00257835.fits.fz,/net/archive/pipe/20131124/ct4m/2013B-0613/c4d_131125_013936_ose_g_NGFS.fits.fz,1.19,"{'gte': 54.95904166666666, 'lte': 54.95904166666666}","{'gte': -37.34763888888889, 'lte': -37.34763888888889}",54.95904166666666,-37.34763888888889,g DECam SDSS c0001 4720.0 1520.0,None,,3000.0,0,2013-11-25,2013-11-25T01:33:45.400704+0000,[7313],Munoz,2013B-0613,2015-05-18,decam,ct4m,ct,,object,NGFS Fornax 5-1,stacked,expmap,,2013-11-24,[None]
2020-11-18T18:33:51.947553+0000,556cc46c5d165d8464dd7e20fa4fc57f,26752320,/data_local/images/DTS/2013B-0613/DECam_00257829.fits.fz,/net/archive/pipeline/Q20141224/DEC13B/20131123/c4d_131125_011501_ose_g_v1.fits.fz,1.23,"{'gte': 52.11833333333333, 'lte': 52.11833333333333}","{'gte': -33.06691666666667, 'lte': -33.06691666666667}",52.11833333333333,-33.06691666666667,g DECam SDSS c0001 4720.0 1520.0,None,,3000.0,0,2013-11-25,2013-11-25T01:09:09.146692+0000,[7313],Munoz,2013B-0613,2015-05-18,decam,ct4m,ct,,object,NGFS Fornax 10-1,stacked,expmap,,2013-11-24,[None]
2020-11-18T18:34:45.443557+0000,559e622efee7cf008bc47e033196bcd8,388425600,/data_local/images/DTS/2013B-0613/DECam_00258038.fits.fz,/net/archive/pipeline/Q20141226/DEC13B/20131123/c4d_131127_051859_osj_i_v1.fits.fz,1.04,"{'gte': 56.62474999999999, 'lte': 56.62474999999999}","{'gte': -36.198611111111106, 'lte': -36.198611111111106}",56.62474999999999,-36.198611111111106,i DECam SDSS c0003 7835.0 1470.0,None,,2400.0,0,2013-11-27,2013-11-27T05:13:00.861389+0000,[7313],Munoz,2013B-0613,2015-05-20,decam,ct4m,ct,,object,NGFS Fornax 6-2,stacked,image1,,2013-11-26,[None]
2021-06-13T12:37:24.766100+0000,949ec7d5457efc7a489291b9e2b0f22b,343241280,/data_local/images/DTS/2013B-0613/DECam_00258039.fits.fz,/net/archive/pipe/20131126/ct4m/2013B-0613/c4d_131127_052423_osw_i_NGFS.fits.fz,1.04,"{'gte': 56.23737499999999, 'lte': 56.23737499999999}","{'gte': -34.37825, 'lte': -34.37825}",56.23737499999999,-34.37825,i DECam SDSS c0003 7835.0 1470.0,None,,5100.0,0,2013-11-27,2013-11-27T05:18:30.906704+0000,[7313],Munoz,2013B-0613,2015-05-20,decam,ct4m,ct,,object,NGFS Fornax 7-2,stacked,wtmap,,2013-11-26,[None]
2021-06-13T12:35:41.035965+0000,b465a87b398cacfc1b997ec40d21dea6,284356800,/data_local/images/DTS/2013B-0613/DECam_00257795.fits.fz,/net/archive/pipe/20131123/ct4m/2013B-0613/c4d_131124_052702_osw_i_NGFS.fits.fz,1.04,"{'gte': 54.548624999999994, 'lte': 54.548624999999994}","{'gte': -35.538777777777774, 'lte': -35.538777777777774}",54.548624999999994,-35.538777777777774,i DECam SDSS c0003 7835.0 1470.0,None,,3600.0,0,2013-11-24,2013-11-24T05:21:09.143792+0000,[7313],Munoz,2013B-0613,2015-05-17,decam,ct4m,ct,,object,NGFS Fornax 1-1,stacked,wtmap,,2013-11-23,[None]
2020-11-18T20:26:56.323605+0000,b457d1b08adf922603cfe83c0093c379,389309760,/data_local/images/DTS/2013B-0613/DECam_00257829.fits.fz,/net/archive/pipeline/Q20141224/DEC13B/20131123/c4d_131125_011501_osj_g_v1.fits.fz,1.23,"{'gte': 52.11833333333333, 'lte': 52.11833333333333}","{'gte': -33.06691666666667, 'lte': -33.06691666666667}",52.11833333333333,-33.06691666666667,g DECam SDSS c0001 4720.0 1520.0,None,,3000.0,0,2013-11-25,2013-11-25T01:09:09.146692+0000,[7313],Munoz,2013B-0613,2015-05-18,decam,ct4m,ct,,object,NGFS Fornax 10-1,stacked,image1,,2013-11-24,[None]
2021-06-02T15:35:32.955784+0000,86bd20aa2b08cd2e48670a9cec5bd55d,386795520,/data_local/images/DTS/2013B-0613/DECam_00257828.fits.fz,/net/archive/pipe/20131124/ct4m/2013B-0613/c4d_131125_010931_osi_g_NGFS.fits.fz,1.23,"{'gte': 52.11549999999999, 'lte': 52.11549999999999}","{'gte': -33.06722222222223, 'lte': -33.06722222222223}",52.11549999999999,-33.06722222222223,g DECam SDSS c0001 4720.0 1520.0,None,,325.0,0,2013-11-25,2013-11-25T01:08:09.941647+0000,[7313],Munoz,2013B-0613,2015-05-18,decam,ct4m,ct,,object,NGFS Fornax 10-1 hexa,stacked,image,,2013-11-24,[None]
2020-11-18T18:34:40.956421+0000,9739e778b070a3998bbc7774d5f0c841,1114560,/data_local/images/DTS/2013B-0613/DECam_00257796.fits.fz,/net/archive/pipeline/Q20141225/DEC13B/20131123/c4d_131124_053236_osd_i_v1.fits.fz,1.05,"{'gte': 54.165, 'lte': 54.165}","{'gte': -33.727555555555554, 'lte': -33.727555555555554}",54.165,-33.727555555555554,i DECam SDSS c0003 7835.0 1470.0,None,,2700.0,0,2013-11-24,2013-11-24T05:26:44.777334+0000,[7313],Munoz,2013B-0613,2015-05-17,decam,ct4m,ct,,object,NGFS Fornax 2-1,stacked,dqmask,,2013-11-23,[None]
2020-11-18T20:57:28.398050+0000,96e656c472611c859737596b562d8f09,28900800,/data_local/images/DTS/2013B-0613/DECam_00257831.fits.fz,/net/archive/pipeline/Q20141224/DEC13B/20131123/c4d_131125_012139_ose_g_v1.fits.fz,1.19,"{'gte': 51.113791666666664, 'lte': 51.113791666666664}","{'gte': -37.844861111111115, 'lte': -37.844861111111115}",51.113791666666664,-37.844861111111115,g DECam SDSS c0001 4720.0 1520.0,None,,3300.0,0,2013-11-25,2013-11-25T01:15:47.121222+0000,[7313],Munoz,2013B-0613,2015-05-18,decam,ct4m,ct,,object,NGFS Fornax 13-1,stacked,expmap,,2013-11-24,[None]
2021-06-27T17:39:37.589272+0000,749ad8293b3ed7466a326642316a2e25,18881280,/data_local/images/DTS/2013B-0613/DECam_00257807.fits.fz,/net/archive/pipe/20131123/ct4m/2013B-0613/c4d_131124_061517_ose_i_NGFS.fits.fz,1.15,"{'gte': 51.10987499999999, 'lte': 51.10987499999999}","{'gte': -37.846833333333336, 'lte': -37.846833333333336}",51.10987499999999,-37.846833333333336,i DECam SDSS c0003 7835.0 1470.0,None,,340.0,0,2013-11-24,2013-11-24T06:13:55.646062+0000,[7313],Munoz,2013B-0613,2015-05-17,decam,ct4m,ct,,object,Fornax 13-1,stacked,expmap,,2013-11-23,[None]
2020-11-19T00:36:17.937654+0000,749c5b0bd3e5572bc9bbc5e8a4acd1a9,138044160,/data_local/images/DTS/2013B-0613/DECam_00257789.fits.fz,/net/archive/pipeline/Q20150109/DEC13B/20131123/c4d_131124_051436_osw_r_v1.fits.fz,1.01,"{'gte': 59.999624999999995, 'lte': 59.999624999999995}","{'gte': -29.999916666666667, 'lte': -29.999916666666667}",59.999624999999995,-29.999916666666667,r DECam SDSS c0002 6415.0 1480.0,None,,150.0,0,2013-11-24,2013-11-24T05:13:13.560990+0000,[7313],Munoz,2013B-0613,2015-05-17,decam,ct4m,ct,,object,hexapod,stacked,wtmap,,2013-11-23,[None]
2020-11-18T22:13:53.012531+0000,9571f3cb1ab75dcb83fa8271e6d07672,388569600,/data_local/images/DTS/2013B-0613/DECam_00257831.fits.fz,/net/archive/pipeline/Q20141224/DEC13B/20131123/c4d_131125_012139_osi_g_v1.fits.fz,1.19,"{'gte': 51.113791666666664, 'lte': 51.113791666666664}","{'gte': -37.844861111111115, 'lte': -37.844861111111115}",51.113791666666664,-37.844861111111115,g DECam SDSS c0001 4720.0 1520.0,None,,3300.0,0,2013-11-25,2013-11-25T01:15:47.121222+0000,[7313],Munoz,2013B-0613,2015-05-18,decam,ct4m,ct,,object,NGFS Fornax 13-1,stacked,image,,2013-11-24,[None]
2020-11-19T10:31:39.847545+0000,9301ec9aeb08d84421628883ced426c2,162259200,/data_local/images/DTS/2013B-0613/DECam_00258035.fits.fz,/net/archive/pipeline/Q20141225/DEC13B/20131123/c4d_131127_050651_osw_i_v1.fits.fz,1.04,"{'gte': 54.95662499999999, 'lte': 54.95662499999999}","{'gte': -37.35152777777778, 'lte': -37.35152777777778}",54.95662499999999,-37.35152777777778,i DECam SDSS c0003 7835.0 1470.0,None,,270.0,0,2013-11-27,2013-11-27T05:05:29.501039+0000,[7313],Munoz,2013B-0613,2015-05-20,decam,ct4m,ct,,object,NGFS Fornax 5-2 hexa,stacked,wtmap,,2013-11-26,[None]
2020-11-18T18:34:42.575752+0000,9bd3832f77a0ee7ed6ec15d27edee34f,387023040,/data_local/images/DTS/2013B-0613/DECam_00258032.fits.fz,/net/archive/pipeline/Q20141225/DEC13B/20131123/c4d_131127_045920_osi_i_v1.fits.fz,1.04,"{'gte': 52.84508333333332, 'lte': 52.84508333333332}","{'gte': -36.69488888888888, 'lte': -36.69488888888888}",52.84508333333332,-36.69488888888888,i DECam SDSS c0003 7835.0 1470.0,None,,270.0,0,2013-11-27,2013-11-27T04:57:56.833874+0000,[7313],Munoz,2013B-0613,2015-05-20,decam,ct4m,ct,,object,NGFS Fornax 4-2 hexa,stacked,image,,2013-11-26,[None]
2021-06-13T12:37:23.242674+0000,9493c24f057677f6d53b6cef4a575341,1791360,/data_local/images/DTS/2013B-0613/DECam_00258039.fits.fz,/net/archive/pipe/20131126/ct4m/2013B-0613/c4d_131127_052423_osd_i_NGFS.fits.fz,1.04,"{'gte': 56.23737499999999, 'lte': 56.23737499999999}","{'gte': -34.37825, 'lte': -34.37825}",56.23737499999999,-34.37825,i DECam SDSS c0003 7835.0 1470.0,None,,5100.0,0,2013-11-27,2013-11-27T05:18:30.906704+0000,[7313],Munoz,2013B-0613,2015-05-20,decam,ct4m,ct,,object,NGFS Fornax 7-2,stacked,dqmask,,2013-11-26,[None]
2021-06-02T08:19:40.397706+0000,9cee46cfa9031b9bd4bf5523c95bb8cb,388837440,/data_local/images/DTS/2013B-0613/DECam_00257827.fits.fz,/net/archive/pipe/20131124/ct4m/2013B-0613/c4d_131125_010807_osj_g_NGFS.fits.fz,1.31,"{'gte': 56.23095833333333, 'lte': 56.23095833333333}","{'gte': -34.38388888888889, 'lte': -34.38388888888889}",56.23095833333333,-34.38388888888889,g DECam SDSS c0001 4720.0 1520.0,None,,3000.0,0,2013-11-25,2013-11-25T01:02:15.285391+0000,[7313],Munoz,2013B-0613,2015-05-18,decam,ct4m,ct,,object,NGFS Fornax 7-1,stacked,image1,,2013-11-24,[None]
2021-06-02T12:20:36.863343+0000,acc020e39a01957f155b3a5ef89cde70,388753920,/data_local/images/DTS/2013B-0613/DECam_00257833.fits.fz,/net/archive/pipe/20131124/ct4m/2013B-0613/c4d_131125_013306_osi_g_NGFS.fits.fz,1.18,"{'gte': 52.479208333333325, 'lte': 52.479208333333325}","{'gte': -34.87836111111111, 'lte': -34.87836111111111}",52.479208333333325,-34.87836111111111,g DECam SDSS c0001 4720.0 1520.0,None,,3000.0,0,2013-11-25,2013-11-25T01:27:15.350082+0000,[7313],Munoz,2013B-0613,2015-05-18,decam,ct4m,ct,,object,NGFS Fornax 3-1,stacked,image,,2013-11-24,[None]
2021-06-13T12:36:00.853037+0000,8e97aa96e019197934f2c5e846217d42,392685120,/data_local/images/DTS/2013B-0613/DECam_00258031.fits.fz,/net/archive/pipe/20131126/ct4m/2013B-0613/c4d_131127_045815_osj_i_NGFS.fits.fz,1.03,"{'gte': 52.487583333333326, 'lte': 52.487583333333326}","{'gte': -34.880916666666664, 'lte': -34.880916666666664}",52.487583333333326,-34.880916666666664,i DECam SDSS c0003 7835.0 1470.0,None,,3300.0,0,2013-11-27,2013-11-27T04:52:23.982119+0000,[7313],Munoz,2013B-0613,2015-05-20,decam,ct4m,ct,,object,NGFS Fornax 3-2,stacked,image1,,2013-11-26,[None]
2021-06-02T11:19:29.493594+0000,9dfdc5ffa092c3ce6ab0d25b69b19e98,388779840,/data_local/images/DTS/2013B-0613/DECam_00257840.fits.fz,/net/archive/pipe/20131124/ct4m/2013B-0613/c4d_131125_020237_osi_g_NGFS.fits.fz,1.11,"{'gte': 52.847583333333326, 'lte': 52.847583333333326}","{'gte': -36.690916666666666, 'lte': -36.690916666666666}",52.847583333333326,-36.690916666666666,g DECam SDSS c0001 4720.0 1520.0,None,,2700.0,0,2013-11-25,2013-11-25T01:56:45.146037+0000,[7313],Munoz,2013B-0613,2015-05-18,decam,ct4m,ct,,object,NGFS Fornax 4-2,stacked,image,,2013-11-24,[None]
2021-06-13T12:35:48.553710+0000,605f4c497adc4d3170d86fd6c34a8c50,297466560,/data_local/images/DTS/2013B-0613/DECam_00257798.fits.fz,/net/archive/pipe/20131123/ct4m/2013B-0613/c4d_131124_054338_osw_i_NGFS.fits.fz,1.07,"{'gte': 52.862583333333326, 'lte': 52.862583333333326}","{'gte': -36.68975, 'lte': -36.68975}",52.862583333333326,-36.68975,i DECam SDSS c0003 7835.0 1470.0,None,,6000.0,0,2013-11-24,2013-11-24T05:37:44.172048+0000,[7313],Munoz,2013B-0613,2015-05-17,decam,ct4m,ct,,object,NGFS Fornax 4-1,stacked,wtmap,,2013-11-23,[None]
2021-06-02T11:19:42.737157+0000,9147915f4c3fb4f020ad4e0ee23d80bc,388903680,/data_local/images/DTS/2013B-0613/DECam_00257844.fits.fz,/net/archive/pipe/20131124/ct4m/2013B-0613/c4d_131125_021538_osi_g_NGFS.fits.fz,1.12,"{'gte': 56.62458333333332, 'lte': 56.62458333333332}","{'gte': -36.196, 'lte': -36.196}",56.62458333333332,-36.196,g DECam SDSS c0001 4720.0 1520.0,None,,2700.0,0,2013-11-25,2013-11-25T02:09:46.144540+0000,[7313],Munoz,2013B-0613,2015-05-18,decam,ct4m,ct,,object,NGFS Fornax 6-2,stacked,image,,2013-11-24,[None]
2020-11-19T00:37:13.247723+0000,8fa5aab2e3c264026a137437211a47e0,1137600,/data_local/images/DTS/2013B-0613/DECam_00258033.fits.fz,/net/archive/pipeline/Q20141225/DEC13B/20131123/c4d_131127_050447_osd_i_v1.fits.fz,1.04,"{'gte': 52.84662499999999, 'lte': 52.84662499999999}","{'gte': -36.693999999999996, 'lte': -36.693999999999996}",52.84662499999999,-36.693999999999996,i DECam SDSS c0003 7835.0 1470.0,None,,2100.0,0,2013-11-27,2013-11-27T04:58:54.751972+0000,[7313],Munoz,2013B-0613,2015-05-20,decam,ct4m,ct,,object,NGFS Fornax 4-2,stacked,dqmask,,2013-11-26,[None]
2021-06-03T09:03:33.016001+0000,a0dff2f23a87267bad8f17204a26a2e2,812160,/data_local/images/DTS/2013B-0613/DECam_00257836.fits.fz,/net/archive/pipe/20131124/ct4m/2013B-0613/c4d_131125_014037_osd_g_NGFS.fits.fz,1.17,"{'gte': 54.54962499999999, 'lte': 54.54962499999999}","{'gte': -35.53491666666667, 'lte': -35.53491666666667}",54.54962499999999,-35.53491666666667,g DECam SDSS c0001 4720.0 1520.0,None,,450.0,0,2013-11-25,2013-11-25T01:39:15.530480+0000,[7313],Munoz,2013B-0613,2015-05-18,decam,ct4m,ct,,object,NGFS Fornax 1-2 hexa,stacked,dqmask,,2013-11-24,[None]
2021-06-13T12:37:11.827913+0000,a3bedba109808222855d33e456b19001,390314880,/data_local/images/DTS/2013B-0613/DECam_00258038.fits.fz,/net/archive/pipe/20131126/ct4m/2013B-0613/c4d_131127_051859_osj_i_NGFS.fits.fz,1.04,"{'gte': 56.62479166666666, 'lte': 56.62479166666666}","{'gte': -36.196999999999996, 'lte': -36.196999999999996}",56.62479166666666,-36.196999999999996,i DECam SDSS c0003 7835.0 1470.0,None,,3900.0,0,2013-11-27,2013-11-27T05:13:00.861389+0000,[7313],Munoz,2013B-0613,2015-05-20,decam,ct4m,ct,,object,NGFS Fornax 6-2,stacked,image1,,2013-11-26,[None]
2021-06-27T17:39:24.187487+0000,91ca0219580fb963ca103d5d7eb7b0f0,823680,/data_local/images/DTS/2013B-0613/DECam_00257804.fits.fz,/net/archive/pipe/20131123/ct4m/2013B-0613/c4d_131124_060316_osd_i_NGFS.fits.fz,1.11,"{'gte': 52.11341666666666, 'lte': 52.11341666666666}","{'gte': -33.068694444444446, 'lte': -33.068694444444446}",52.11341666666666,-33.068694444444446,i DECam SDSS c0003 7835.0 1470.0,None,,310.0,0,2013-11-24,2013-11-24T06:01:54.613800+0000,[7313],Munoz,2013B-0613,2015-05-17,decam,ct4m,ct,,object,NGFS Fornax 10-1 hexa,stacked,dqmask,,2013-11-23,[None]
2021-06-27T17:39:25.132828+0000,4971735938e5130bd7f67e0022fbc4e2,386398080,/data_local/images/DTS/2013B-0613/DECam_00257804.fits.fz,/net/archive/pipe/20131123/ct4m/2013B-0613/c4d_131124_060316_osi_i_NGFS.fits.fz,1.11,"{'gte': 52.11341666666666, 'lte': 52.11341666666666}","{'gte': -33.068694444444446, 'lte': -33.068694444444446}",52.11341666666666,-33.068694444444446,i DECam SDSS c0003 7835.0 1470.0,None,,310.0,0,2013-11-24,2013-11-24T06:01:54.613800+0000,[7313],Munoz,2013B-0613,2015-05-17,decam,ct4m,ct,,object,NGFS Fornax 10-1 hexa,stacked,image,,2013-11-23,[None]
2020-11-18T18:34:45.277657+0000,7d32d14c7cff0441d9b9af85736f694b,387397440,/data_local/images/DTS/2013B-0613/DECam_00257803.fits.fz,/net/archive/pipeline/Q20141226/DEC13B/20131123/c4d_131124_060203_osj_i_v1.fits.fz,1.08,"{'gte': 56.22879166666666, 'lte': 56.22879166666666}","{'gte': -34.385777777777776, 'lte': -34.385777777777776}",56.22879166666666,-34.385777777777776,i DECam SDSS c0003 7835.0 1470.0,None,,2400.0,0,2013-11-24,2013-11-24T05:56:10.845313+0000,[7313],Munoz,2013B-0613,2015-05-17,decam,ct4m,ct,,object,NGFS Fornax 7-1,stacked,image1,,2013-11-23,[None]
2021-06-27T17:39:42.554196+0000,796aad20afc15364ce50fa4b39a420c6,24125760,/data_local/images/DTS/2013B-0613/DECam_00258035.fits.fz,/net/archive/pipe/20131126/ct4m/2013B-0613/c4d_131127_050651_ose_i_NGFS.fits.fz,1.04,"{'gte': 54.955208333333324, 'lte': 54.955208333333324}","{'gte': -37.34841666666667, 'lte': -37.34841666666667}",54.955208333333324,-37.34841666666667,i DECam SDSS c0003 7835.0 1470.0,None,,380.0,0,2013-11-27,2013-11-27T05:05:29.501039+0000,[7313],Munoz,2013B-0613,2015-05-20,decam,ct4m,ct,,object,NGFS Fornax 5-2 hexa,stacked,expmap,,2013-11-26,[None]
2021-06-13T12:36:55.172195+0000,97e4038a1fb000dcef15dab9a1c37faa,1166400,/data_local/images/DTS/2013B-0613/DECam_00258036.fits.fz,/net/archive/pipe/20131126/ct4m/2013B-0613/c4d_131127_051223_osd_i_NGFS.fits.fz,1.04,"{'gte': 54.95737499999999, 'lte': 54.95737499999999}","{'gte': -37.34875, 'lte': -37.34875}",54.95737499999999,-37.34875,i DECam SDSS c0003 7835.0 1470.0,None,,3900.0,0,2013-11-27,2013-11-27T05:06:29.002739+0000,[7313],Munoz,2013B-0613,2015-05-20,decam,ct4m,ct,,object,NGFS Fornax 5-2,stacked,dqmask,,2013-11-26,[None]
2021-06-27T17:39:22.116322+0000,097a089433233ca53b87933bd1cb5585,286107840,/data_local/images/DTS/2013B-0613/DECam_00258032.fits.fz,/net/archive/pipe/20131126/ct4m/2013B-0613/c4d_131127_045920_osw_i_NGFS.fits.fz,1.04,"{'gte': 52.85787499999999, 'lte': 52.85787499999999}","{'gte': -36.694916666666664, 'lte': -36.694916666666664}",52.85787499999999,-36.694916666666664,i DECam SDSS c0003 7835.0 1470.0,None,,340.0,0,2013-11-27,2013-11-27T04:57:56.833874+0000,[7313],Munoz,2013B-0613,2015-05-20,decam,ct4m,ct,,object,NGFS Fornax 4-2 hexa,stacked,wtmap,,2013-11-26,[None]
2021-06-02T09:04:22.062414+0000,ad650105900acd47814f832351331325,282568320,/data_local/images/DTS/2013B-0613/DECam_00257835.fits.fz,/net/archive/pipe/20131124/ct4m/2013B-0613/c4d_131125_013936_osw_g_NGFS.fits.fz,1.19,"{'gte': 54.95904166666666, 'lte': 54.95904166666666}","{'gte': -37.34763888888889, 'lte': -37.34763888888889}",54.95904166666666,-37.34763888888889,g DECam SDSS c0001 4720.0 1520.0,None,,3000.0,0,2013-11-25,2013-11-25T01:33:45.400704+0000,[7313],Munoz,2013B-0613,2015-05-18,decam,ct4m,ct,,object,NGFS Fornax 5-1,stacked,wtmap,,2013-11-24,[None]
2021-06-03T09:20:11.742574+0000,ae0bd04ce3997edc22dc91101c3656b7,797760,/data_local/images/DTS/2013B-0613/DECam_00257830.fits.fz,/net/archive/pipe/20131124/ct4m/2013B-0613/c4d_131125_011602_osd_g_NGFS.fits.fz,1.19,"{'gte': 51.11420833333332, 'lte': 51.11420833333332}","{'gte': -37.84427777777778, 'lte': -37.84427777777778}",51.11420833333332,-37.84427777777778,g DECam SDSS c0001 4720.0 1520.0,None,,355.0,0,2013-11-25,2013-11-25T01:14:42.626678+0000,[7313],Munoz,2013B-0613,2015-05-18,decam,ct4m,ct,,object,NGFS Fornax 13-1 hexa,stacked,dqmask,,2013-11-24,[None]
2021-06-13T12:37:35.880004+0000,ae8e605fb9f21325c6b32faca4c672e2,389082240,/data_local/images/DTS/2013B-0613/DECam_00258041.fits.fz,/net/archive/pipe/20131126/ct4m/2013B-0613/c4d_131127_053058_osi_i_NGFS.fits.fz,1.07,"{'gte': 52.11579166666667, 'lte': 52.11579166666667}","{'gte': -33.06827777777778, 'lte': -33.06827777777778}",52.11579166666667,-33.06827777777778,i DECam SDSS c0003 7835.0 1470.0,None,,3600.0,0,2013-11-27,2013-11-27T05:25:05.085103+0000,[7313],Munoz,2013B-0613,2015-05-20,decam,ct4m,ct,,object,NGFS Fornax 10-2,stacked,image,,2013-11-26,[None]
2020-11-18T20:27:07.181481+0000,9a36802e0f4aa4cc2240caf8264b672e,23492160,/data_local/images/DTS/2013B-0613/DECam_00257844.fits.fz,/net/archive/pipeline/Q20141224/DEC13B/20131123/c4d_131125_021538_ose_g_v1.fits.fz,1.12,"{'gte': 56.62454166666666, 'lte': 56.62454166666666}","{'gte': -36.19597222222222, 'lte': -36.19597222222222}",56.62454166666666,-36.19597222222222,g DECam SDSS c0001 4720.0 1520.0,None,,2700.0,0,2013-11-25,2013-11-25T02:09:46.144540+0000,[7313],Munoz,2013B-0613,2015-05-18,decam,ct4m,ct,,object,NGFS Fornax 6-2,stacked,expmap,,2013-11-24,[None]
2021-06-02T13:20:11.649288+0000,993a158b3f7d36f4e9f92563db955ad9,33223680,/data_local/images/DTS/2013B-0613/DECam_00257831.fits.fz,/net/archive/pipe/20131124/ct4m/2013B-0613/c4d_131125_012139_ose_g_NGFS.fits.fz,1.19,"{'gte': 51.113833333333325, 'lte': 51.113833333333325}","{'gte': -37.84491666666667, 'lte': -37.84491666666667}",51.113833333333325,-37.84491666666667,g DECam SDSS c0001 4720.0 1520.0,None,,3300.0,0,2013-11-25,2013-11-25T01:15:47.121222+0000,[7313],Munoz,2013B-0613,2015-05-18,decam,ct4m,ct,,object,NGFS Fornax 13-1,stacked,expmap,,2013-11-24,[None]
2021-06-13T12:36:57.252829+0000,5b33ef437d2aedb824082d2b9b2300a6,285540480,/data_local/images/DTS/2013B-0613/DECam_00258036.fits.fz,/net/archive/pipe/20131126/ct4m/2013B-0613/c4d_131127_051223_osw_i_NGFS.fits.fz,1.04,"{'gte': 54.95737499999999, 'lte': 54.95737499999999}","{'gte': -37.34875, 'lte': -37.34875}",54.95737499999999,-37.34875,i DECam SDSS c0003 7835.0 1470.0,None,,3900.0,0,2013-11-27,2013-11-27T05:06:29.002739+0000,[7313],Munoz,2013B-0613,2015-05-20,decam,ct4m,ct,,object,NGFS Fornax 5-2,stacked,wtmap,,2013-11-26,[None]
2020-11-18T18:33:51.987132+0000,b163415266029d268eae3d1540dd09eb,789120,/data_local/images/DTS/2013B-0613/DECam_00257828.fits.fz,/net/archive/pipeline/Q20141224/DEC13B/20131123/c4d_131125_010931_osd_g_v1.fits.fz,1.23,"{'gte': 52.11545833333333, 'lte': 52.11545833333333}","{'gte': -33.067194444444446, 'lte': -33.067194444444446}",52.11545833333333,-33.067194444444446,g DECam SDSS c0001 4720.0 1520.0,None,,300.0,0,2013-11-25,2013-11-25T01:08:09.941647+0000,[7313],Munoz,2013B-0613,2015-05-18,decam,ct4m,ct,,object,NGFS Fornax 10-1 hexa,stacked,dqmask,,2013-11-24,[None]
2020-11-19T00:37:09.166481+0000,6fa67ef9202590d8afbe3a655fcda842,387423360,/data_local/images/DTS/2013B-0613/DECam_00257828.fits.fz,/net/archive/pipeline/Q20141224/DEC13B/20131123/c4d_131125_010931_osi_g_v1.fits.fz,1.23,"{'gte': 52.11545833333333, 'lte': 52.11545833333333}","{'gte': -33.067194444444446, 'lte': -33.067194444444446}",52.11545833333333,-33.067194444444446,g DECam SDSS c0001 4720.0 1520.0,None,,300.0,0,2013-11-25,2013-11-25T01:08:09.941647+0000,[7313],Munoz,2013B-0613,2015-05-18,decam,ct4m,ct,,object,NGFS Fornax 10-1 hexa,stacked,image,,2013-11-24,[None]
2021-06-13T12:35:48.039920+0000,6fb596e3257887e387f8d8d2a1659fd4,395544960,/data_local/images/DTS/2013B-0613/DECam_00257798.fits.fz,/net/archive/pipe/20131123/ct4m/2013B-0613/c4d_131124_054338_osi_i_NGFS.fits.fz,1.07,"{'gte': 52.862583333333326, 'lte': 52.862583333333326}","{'gte': -36.68975, 'lte': -36.68975}",52.862583333333326,-36.68975,i DECam SDSS c0003 7835.0 1470.0,None,,6000.0,0,2013-11-24,2013-11-24T05:37:44.172048+0000,[7313],Munoz,2013B-0613,2015-05-17,decam,ct4m,ct,,object,NGFS Fornax 4-1,stacked,image,,2013-11-23,[None]
2020-11-18T18:34:45.645128+0000,6ec4fd6adbdffe5416bd5cef57908187,386755200,/data_local/images/DTS/2013B-0613/DECam_00257804.fits.fz,/net/archive/pipeline/Q20141226/DEC13B/20131123/c4d_131124_060316_osj_i_v1.fits.fz,1.11,"{'gte': 52.113375, 'lte': 52.113375}","{'gte': -33.06863888888889, 'lte': -33.06863888888889}",52.113375,-33.06863888888889,i DECam SDSS c0003 7835.0 1470.0,None,,270.0,0,2013-11-24,2013-11-24T06:01:54.613800+0000,[7313],Munoz,2013B-0613,2015-05-17,decam,ct4m,ct,,object,NGFS Fornax 10-1 hexa,stacked,image1,,2013-11-23,[None]
2020-11-18T20:57:28.384146+0000,4c93fa1db5f9f3a418aa3f7ce0fa4274,14048640,/data_local/images/DTS/2013B-0613/DECam_00257828.fits.fz,/net/archive/pipeline/Q20141224/DEC13B/20131123/c4d_131125_010931_ose_g_v1.fits.fz,1.23,"{'gte': 52.11545833333333, 'lte': 52.11545833333333}","{'gte': -33.067194444444446, 'lte': -33.067194444444446}",52.11545833333333,-33.067194444444446,g DECam SDSS c0001 4720.0 1520.0,None,,300.0,0,2013-11-25,2013-11-25T01:08:09.941647+0000,[7313],Munoz,2013B-0613,2015-05-18,decam,ct4m,ct,,object,NGFS Fornax 10-1 hexa,stacked,expmap,,2013-11-24,[None]
2020-11-18T18:34:42.221620+0000,4ca2f3b817f22684d2756bd14d6efab1,1143360,/data_local/images/DTS/2013B-0613/DECam_00258031.fits.fz,/net/archive/pipeline/Q20141225/DEC13B/20131123/c4d_131127_045815_osd_i_v1.fits.fz,1.03,"{'gte': 52.476499999999994, 'lte': 52.476499999999994}","{'gte': -34.88088888888889, 'lte': -34.88088888888889}",52.476499999999994,-34.88088888888889,i DECam SDSS c0003 7835.0 1470.0,None,,2400.0,0,2013-11-27,2013-11-27T04:52:23.982119+0000,[7313],Munoz,2013B-0613,2015-05-20,decam,ct4m,ct,,object,NGFS Fornax 3-2,stacked,dqmask,,2013-11-26,[None]
2020-11-18T18:34:45.437310+0000,117e39f3834837ab3530c1c57e7580c2,23423040,/data_local/images/DTS/2013B-0613/DECam_00258038.fits.fz,/net/archive/pipeline/Q20141226/DEC13B/20131123/c4d_131127_051859_ose_i_v1.fits.fz,1.04,"{'gte': 56.62474999999999, 'lte': 56.62474999999999}","{'gte': -36.198611111111106, 'lte': -36.198611111111106}",56.62474999999999,-36.198611111111106,i DECam SDSS c0003 7835.0 1470.0,None,,2400.0,0,2013-11-27,2013-11-27T05:13:00.861389+0000,[7313],Munoz,2013B-0613,2015-05-20,decam,ct4m,ct,,object,NGFS Fornax 6-2,stacked,expmap,,2013-11-26,[None]
2020-11-19T01:34:45.166260+0000,8a7b54f37ce34760a57b0552d1305d7f,387270720,/data_local/images/DTS/2013B-0613/DECam_00257834.fits.fz,/net/archive/pipeline/Q20141224/DEC13B/20131123/c4d_131125_013406_osi_g_v1.fits.fz,1.19,"{'gte': 54.959083333333325, 'lte': 54.959083333333325}","{'gte': -37.34777777777778, 'lte': -37.34777777777778}",54.959083333333325,-37.34777777777778,g DECam SDSS c0001 4720.0 1520.0,None,,300.0,0,2013-11-25,2013-11-25T01:32:45.951676+0000,[7313],Munoz,2013B-0613,2015-05-18,decam,ct4m,ct,,object,NGFS Fornax 5-1 hexa,stacked,image,,2013-11-24,[None]
2021-06-13T12:35:50.780094+0000,9bb2a28034d1ca316dfb13e25103369b,453697920,/data_local/images/DTS/2013B-0613/DECam_00258030.fits.fz,/net/archive/pipe/20131126/ct4m/2013B-0613/c4d_131127_045246_osi_i_NGFS.fits.fz,1.02,"{'gte': 54.15708333333333, 'lte': 54.15708333333333}","{'gte': -33.70236111111112, 'lte': -33.70236111111112}",54.15708333333333,-33.70236111111112,i DECam SDSS c0003 7835.0 1470.0,None,,4800.0,0,2013-11-27,2013-11-27T04:46:53.101647+0000,[7313],Munoz,2013B-0613,2015-05-20,decam,ct4m,ct,,object,NGFS Fornax 2-2,stacked,image,,2013-11-26,[None]
2020-11-19T10:31:44.642258+0000,75d7a2751bcd20affdce4be03257f7ee,387996480,/data_local/images/DTS/2013B-0613/DECam_00257806.fits.fz,/net/archive/pipeline/Q20141226/DEC13B/20131123/c4d_131124_061420_osj_i_v1.fits.fz,1.14,"{'gte': 51.109416666666654, 'lte': 51.109416666666654}","{'gte': -37.84638888888889, 'lte': -37.84638888888889}",51.109416666666654,-37.84638888888889,i DECam SDSS c0003 7835.0 1470.0,None,,2100.0,0,2013-11-24,2013-11-24T06:08:27.912142+0000,[7313],Munoz,2013B-0613,2015-05-17,decam,ct4m,ct,,object,NGFS Fornax 13-1,stacked,image1,,2013-11-23,[None]
2020-11-19T12:34:18.375045+0000,b4fff59381784d07e37d63437f14e7cd,26112960,/data_local/images/DTS/2013B-0613/DECam_00257833.fits.fz,/net/archive/pipeline/Q20141224/DEC13B/20131123/c4d_131125_013306_ose_g_v1.fits.fz,1.18,"{'gte': 52.479124999999996, 'lte': 52.479124999999996}","{'gte': -34.87836111111111, 'lte': -34.87836111111111}",52.479124999999996,-34.87836111111111,g DECam SDSS c0001 4720.0 1520.0,None,,3000.0,0,2013-11-25,2013-11-25T01:27:15.350082+0000,[7313],Munoz,2013B-0613,2015-05-18,decam,ct4m,ct,,object,NGFS Fornax 3-1,stacked,expmap,,2013-11-24,[None]
2020-11-18T18:34:41.034652+0000,b4ed7119fe9d0427ad349b9090046ef7,388774080,/data_local/images/DTS/2013B-0613/DECam_00257805.fits.fz,/net/archive/pipeline/Q20141225/DEC13B/20131123/c4d_131124_060846_osi_i_v1.fits.fz,1.12,"{'gte': 52.11574999999999, 'lte': 52.11574999999999}","{'gte': -33.06830555555556, 'lte': -33.06830555555556}",52.11574999999999,-33.06830555555556,i DECam SDSS c0003 7835.0 1470.0,None,,2400.0,0,2013-11-24,2013-11-24T06:02:53.571469+0000,[7313],Munoz,2013B-0613,2015-05-17,decam,ct4m,ct,,object,NGFS Fornax 10-1,stacked,image,,2013-11-23,[None]
2021-06-13T12:37:11.000147+0000,7bca8ab80088cc72e2e1376c116a78ce,288074880,/data_local/images/DTS/2013B-0613/DECam_00258044.fits.fz,/net/archive/pipe/20131126/ct4m/2013B-0613/c4d_131127_053842_osw_i_NGFS.fits.fz,1.09,"{'gte': 51.114083333333326, 'lte': 51.114083333333326}","{'gte': -37.844833333333334, 'lte': -37.844833333333334}",51.114083333333326,-37.844833333333334,i DECam SDSS c0003 7835.0 1470.0,None,,3900.0,0,2013-11-27,2013-11-27T05:32:50.694204+0000,[7313],Munoz,2013B-0613,2015-05-20,decam,ct4m,ct,,object,NGFS Fornax 13-2,stacked,wtmap,,2013-11-26,[None]
2021-06-03T09:02:58.077165+0000,7bdcfa7e31f2191ee10616468a89f413,282173760,/data_local/images/DTS/2013B-0613/DECam_00257836.fits.fz,/net/archive/pipe/20131124/ct4m/2013B-0613/c4d_131125_014037_osw_g_NGFS.fits.fz,1.17,"{'gte': 54.54962499999999, 'lte': 54.54962499999999}","{'gte': -35.53491666666667, 'lte': -35.53491666666667}",54.54962499999999,-35.53491666666667,g DECam SDSS c0001 4720.0 1520.0,None,,450.0,0,2013-11-25,2013-11-25T01:39:15.530480+0000,[7313],Munoz,2013B-0613,2015-05-18,decam,ct4m,ct,,object,NGFS Fornax 1-2 hexa,stacked,wtmap,,2013-11-24,[None]
2020-11-18T18:33:52.467406+0000,4805cfb1fefee6aa715145da7764cf57,388837440,/data_local/images/DTS/2013B-0613/DECam_00257833.fits.fz,/net/archive/pipeline/Q20141224/DEC13B/20131123/c4d_131125_013306_osi_g_v1.fits.fz,1.18,"{'gte': 52.479124999999996, 'lte': 52.479124999999996}","{'gte': -34.87836111111111, 'lte': -34.87836111111111}",52.479124999999996,-34.87836111111111,g DECam SDSS c0001 4720.0 1520.0,None,,3000.0,0,2013-11-25,2013-11-25T01:27:15.350082+0000,[7313],Munoz,2013B-0613,2015-05-18,decam,ct4m,ct,,object,NGFS Fornax 3-1,stacked,image,,2013-11-24,[None]
2020-11-18T18:33:52.534795+0000,b9b04c912d630b4cf30dbc13bd58cd99,388589760,/data_local/images/DTS/2013B-0613/DECam_00257837.fits.fz,/net/archive/pipeline/Q20141224/DEC13B/20131123/c4d_131125_014608_osj_g_v1.fits.fz,1.16,"{'gte': 54.54962499999999, 'lte': 54.54962499999999}","{'gte': -35.535805555555555, 'lte': -35.535805555555555}",54.54962499999999,-35.535805555555555,g DECam SDSS c0001 4720.0 1520.0,None,,2700.0,0,2013-11-25,2013-11-25T01:40:15.817467+0000,[7313],Munoz,2013B-0613,2015-05-18,decam,ct4m,ct,,object,NGFS Fornax 1-2,stacked,image1,,2013-11-24,[None]
2020-11-18T19:58:25.152042+0000,4c6991e352cc8bbc6f45de38b6ef28d3,389102400,/data_local/images/DTS/2013B-0613/DECam_00257840.fits.fz,/net/archive/pipeline/Q20141224/DEC13B/20131123/c4d_131125_020237_osj_g_v1.fits.fz,1.11,"{'gte': 52.847541666666665, 'lte': 52.847541666666665}","{'gte': -36.690888888888885, 'lte': -36.690888888888885}",52.847541666666665,-36.690888888888885,g DECam SDSS c0001 4720.0 1520.0,None,,2700.0,0,2013-11-25,2013-11-25T01:56:45.146037+0000,[7313],Munoz,2013B-0613,2015-05-18,decam,ct4m,ct,,object,NGFS Fornax 4-2,stacked,image1,,2013-11-24,[None]
2021-06-03T09:17:56.159707+0000,4be06944138c91061a1166f8268edd4f,386856000,/data_local/images/DTS/2013B-0613/DECam_00257830.fits.fz,/net/archive/pipe/20131124/ct4m/2013B-0613/c4d_131125_011602_osj_g_NGFS.fits.fz,1.19,"{'gte': 51.11420833333332, 'lte': 51.11420833333332}","{'gte': -37.84427777777778, 'lte': -37.84427777777778}",51.11420833333332,-37.84427777777778,g DECam SDSS c0001 4720.0 1520.0,None,,355.0,0,2013-11-25,2013-11-25T01:14:42.626678+0000,[7313],Munoz,2013B-0613,2015-05-18,decam,ct4m,ct,,object,NGFS Fornax 13-1 hexa,stacked,image1,,2013-11-24,[None]
2021-06-13T12:36:56.234893+0000,08c59201748a0fa19505120bb442228f,392849280,/data_local/images/DTS/2013B-0613/DECam_00258036.fits.fz,/net/archive/pipe/20131126/ct4m/2013B-0613/c4d_131127_051223_osj_i_NGFS.fits.fz,1.04,"{'gte': 54.95737499999999, 'lte': 54.95737499999999}","{'gte': -37.34875, 'lte': -37.34875}",54.95737499999999,-37.34875,i DECam SDSS c0003 7835.0 1470.0,None,,3900.0,0,2013-11-27,2013-11-27T05:06:29.002739+0000,[7313],Munoz,2013B-0613,2015-05-20,decam,ct4m,ct,,object,NGFS Fornax 5-2,stacked,image1,,2013-11-26,[None]
2021-06-02T10:17:01.608720+0000,0784eeda9f16de67aa9f86495d9ab3bc,283155840,/data_local/images/DTS/2013B-0613/DECam_00257827.fits.fz,/net/archive/pipe/20131124/ct4m/2013B-0613/c4d_131125_010807_osw_g_NGFS.fits.fz,1.31,"{'gte': 56.23095833333333, 'lte': 56.23095833333333}","{'gte': -34.38388888888889, 'lte': -34.38388888888889}",56.23095833333333,-34.38388888888889,g DECam SDSS c0001 4720.0 1520.0,None,,3000.0,0,2013-11-25,2013-11-25T01:02:15.285391+0000,[7313],Munoz,2013B-0613,2015-05-18,decam,ct4m,ct,,object,NGFS Fornax 7-1,stacked,wtmap,,2013-11-24,[None]
2020-11-19T12:34:16.272570+0000,44008a2a29af4b4d80a9a4df35b52df2,388523520,/data_local/images/DTS/2013B-0613/DECam_00257827.fits.fz,/net/archive/pipeline/Q20141224/DEC13B/20131123/c4d_131125_010807_osi_g_v1.fits.fz,1.31,"{'gte': 56.23091666666666, 'lte': 56.23091666666666}","{'gte': -34.38388888888889, 'lte': -34.38388888888889}",56.23091666666666,-34.38388888888889,g DECam SDSS c0001 4720.0 1520.0,None,,3000.0,0,2013-11-25,2013-11-25T01:02:15.285391+0000,[7313],Munoz,2013B-0613,2015-05-18,decam,ct4m,ct,,object,NGFS Fornax 7-1,stacked,image,,2013-11-24,[None]
2020-11-18T18:33:53.435347+0000,42ca93edbd8598b0a1b30f317f334098,387388800,/data_local/images/DTS/2013B-0613/DECam_00257836.fits.fz,/net/archive/pipeline/Q20141224/DEC13B/20131123/c4d_131125_014037_osi_g_v1.fits.fz,1.17,"{'gte': 54.54954166666666, 'lte': 54.54954166666666}","{'gte': -35.53491666666667, 'lte': -35.53491666666667}",54.54954166666666,-35.53491666666667,g DECam SDSS c0001 4720.0 1520.0,None,,270.0,0,2013-11-25,2013-11-25T01:39:15.530480+0000,[7313],Munoz,2013B-0613,2015-05-18,decam,ct4m,ct,,object,NGFS Fornax 1-2 hexa,stacked,image,,2013-11-24,[None]
2020-11-18T18:33:52.471822+0000,199c6b898f860d7b3593fb1762e2c246,388851840,/data_local/images/DTS/2013B-0613/DECam_00257833.fits.fz,/net/archive/pipeline/Q20141224/DEC13B/20131123/c4d_131125_013306_osj_g_v1.fits.fz,1.18,"{'gte': 52.479124999999996, 'lte': 52.479124999999996}","{'gte': -34.87836111111111, 'lte': -34.87836111111111}",52.479124999999996,-34.87836111111111,g DECam SDSS c0001 4720.0 1520.0,None,,3000.0,0,2013-11-25,2013-11-25T01:27:15.350082+0000,[7313],Munoz,2013B-0613,2015-05-18,decam,ct4m,ct,,object,NGFS Fornax 3-1,stacked,image1,,2013-11-24,[None]
2020-11-18T19:14:46.924801+0000,445f319c2c70fcb2ada96114fc634107,162619200,/data_local/images/DTS/2013B-0613/DECam_00258028.fits.fz,/net/archive/pipeline/Q20141225/DEC13B/20131123/c4d_131127_044123_osw_i_v1.fits.fz,1.02,"{'gte': 54.548791666666666, 'lte': 54.548791666666666}","{'gte': -35.53786111111111, 'lte': -35.53786111111111}",54.548791666666666,-35.53786111111111,i DECam SDSS c0003 7835.0 1470.0,None,,270.0,0,2013-11-27,2013-11-27T04:40:00.562384+0000,[7313],Munoz,2013B-0613,2015-05-20,decam,ct4m,ct,,object,NGFS Fornax 1-2 hexa,stacked,wtmap,,2013-11-26,[None]
2020-11-18T18:33:52.217295+0000,8208e5abf1c53bf1e90bff111fef46a4,967680,/data_local/images/DTS/2013B-0613/DECam_00257831.fits.fz,/net/archive/pipeline/Q20141224/DEC13B/20131123/c4d_131125_012139_osd_g_v1.fits.fz,1.19,"{'gte': 51.113791666666664, 'lte': 51.113791666666664}","{'gte': -37.844861111111115, 'lte': -37.844861111111115}",51.113791666666664,-37.844861111111115,g DECam SDSS c0001 4720.0 1520.0,None,,3300.0,0,2013-11-25,2013-11-25T01:15:47.121222+0000,[7313],Munoz,2013B-0613,2015-05-18,decam,ct4m,ct,,object,NGFS Fornax 13-1,stacked,dqmask,,2013-11-24,[None]
2020-11-18T18:33:53.427925+0000,4dbc250bc27f65604f87b824107f20cf,800640,/data_local/images/DTS/2013B-0613/DECam_00257836.fits.fz,/net/archive/pipeline/Q20141224/DEC13B/20131123/c4d_131125_014037_osd_g_v1.fits.fz,1.17,"{'gte': 54.54954166666666, 'lte': 54.54954166666666}","{'gte': -35.53491666666667, 'lte': -35.53491666666667}",54.54954166666666,-35.53491666666667,g DECam SDSS c0001 4720.0 1520.0,None,,270.0,0,2013-11-25,2013-11-25T01:39:15.530480+0000,[7313],Munoz,2013B-0613,2015-05-18,decam,ct4m,ct,,object,NGFS Fornax 1-2 hexa,stacked,dqmask,,2013-11-24,[None]
2021-06-27T17:39:00.141170+0000,4856d3f8261cc5d87060241474197d78,386467200,/data_local/images/DTS/2013B-0613/DECam_00258027.fits.fz,/net/archive/pipe/20131126/ct4m/2013B-0613/c4d_131127_044023_osj_i_NGFS.fits.fz,1.01,"{'gte': 56.62333333333333, 'lte': 56.62333333333333}","{'gte': -36.19877777777778, 'lte': -36.19877777777778}",56.62333333333333,-36.19877777777778,i DECam SDSS c0003 7835.0 1470.0,None,,360.0,0,2013-11-27,2013-11-27T04:39:01.549745+0000,[7313],Munoz,2013B-0613,2015-05-20,decam,ct4m,ct,,object,NGFS Fornax 6-1 hexa,stacked,image1,,2013-11-26,[None]
2020-11-18T18:34:45.695851+0000,849c2981bb3ff5768d863e4b511a8255,389102400,/data_local/images/DTS/2013B-0613/DECam_00257796.fits.fz,/net/archive/pipeline/Q20141226/DEC13B/20131123/c4d_131124_053236_osj_i_v1.fits.fz,1.05,"{'gte': 54.165, 'lte': 54.165}","{'gte': -33.727555555555554, 'lte': -33.727555555555554}",54.165,-33.727555555555554,i DECam SDSS c0003 7835.0 1470.0,None,,2700.0,0,2013-11-24,2013-11-24T05:26:44.777334+0000,[7313],Munoz,2013B-0613,2015-05-17,decam,ct4m,ct,,object,NGFS Fornax 2-1,stacked,image1,,2013-11-23,[None]
2020-11-18T18:33:52.663985+0000,950a97b161531790537d3dc15252d671,389422080,/data_local/images/DTS/2013B-0613/DECam_00257832.fits.fz,/net/archive/pipeline/Q20141224/DEC13B/20131123/c4d_131125_012738_osi_g_v1.fits.fz,1.21,"{'gte': 54.165708333333335, 'lte': 54.165708333333335}","{'gte': -33.72536111111111, 'lte': -33.72536111111111}",54.165708333333335,-33.72536111111111,g DECam SDSS c0001 4720.0 1520.0,None,,3000.0,0,2013-11-25,2013-11-25T01:21:46.313054+0000,[7313],Munoz,2013B-0613,2015-05-18,decam,ct4m,ct,,object,NGFS Fornax 2-1,stacked,image,,2013-11-24,[None]
2020-11-18T18:37:44.496412+0000,051c9c63111cfcfc552e78b0fcbcd490,344494080,/data_local/images/DTS/2013B-0613/DECam_00257789.fits.fz,/net/archive/pipeline/Q20150109/DEC13B/20131123/c4d_131124_051436_osj_r_v1.fits.fz,1.01,"{'gte': 59.999624999999995, 'lte': 59.999624999999995}","{'gte': -29.999916666666667, 'lte': -29.999916666666667}",59.999624999999995,-29.999916666666667,r DECam SDSS c0002 6415.0 1480.0,None,,150.0,0,2013-11-24,2013-11-24T05:13:13.560990+0000,[7313],Munoz,2013B-0613,2015-05-17,decam,ct4m,ct,,object,hexapod,stacked,image1,,2013-11-23,[None]
2021-06-02T11:16:48.298101+0000,22fb173f4f6e15244efbb0d7e49d5a03,389073600,/data_local/images/DTS/2013B-0613/DECam_00257829.fits.fz,/net/archive/pipe/20131124/ct4m/2013B-0613/c4d_131125_011501_osi_g_NGFS.fits.fz,1.23,"{'gte': 52.11841666666667, 'lte': 52.11841666666667}","{'gte': -33.066944444444445, 'lte': -33.066944444444445}",52.11841666666667,-33.066944444444445,g DECam SDSS c0001 4720.0 1520.0,None,,3000.0,0,2013-11-25,2013-11-25T01:09:09.146692+0000,[7313],Munoz,2013B-0613,2015-05-18,decam,ct4m,ct,,object,NGFS Fornax 10-1,stacked,image,,2013-11-24,[None]
2020-11-18T18:34:41.266259+0000,8af0ec89bd14be90e586ac314778e312,22452480,/data_local/images/DTS/2013B-0613/DECam_00257806.fits.fz,/net/archive/pipeline/Q20141225/DEC13B/20131123/c4d_131124_061420_ose_i_v1.fits.fz,1.14,"{'gte': 51.109416666666654, 'lte': 51.109416666666654}","{'gte': -37.84638888888889, 'lte': -37.84638888888889}",51.109416666666654,-37.84638888888889,i DECam SDSS c0003 7835.0 1470.0,None,,2100.0,0,2013-11-24,2013-11-24T06:08:27.912142+0000,[7313],Munoz,2013B-0613,2015-05-17,decam,ct4m,ct,,object,NGFS Fornax 13-1,stacked,expmap,,2013-11-23,[None]
2021-06-27T17:39:00.585326+0000,0e58f9a6cd333d180bc26e0a09c2648c,282421440,/data_local/images/DTS/2013B-0613/DECam_00258027.fits.fz,/net/archive/pipe/20131126/ct4m/2013B-0613/c4d_131127_044023_osw_i_NGFS.fits.fz,1.01,"{'gte': 56.62333333333333, 'lte': 56.62333333333333}","{'gte': -36.19877777777778, 'lte': -36.19877777777778}",56.62333333333333,-36.19877777777778,i DECam SDSS c0003 7835.0 1470.0,None,,360.0,0,2013-11-27,2013-11-27T04:39:01.549745+0000,[7313],Munoz,2013B-0613,2015-05-20,decam,ct4m,ct,,object,NGFS Fornax 6-1 hexa,stacked,wtmap,,2013-11-26,[None]
2021-06-27T17:39:36.335820+0000,8bef1c62a668d7829fc3cdbe2903b02e,823680,/data_local/images/DTS/2013B-0613/DECam_00257807.fits.fz,/net/archive/pipe/20131123/ct4m/2013B-0613/c4d_131124_061517_osd_i_NGFS.fits.fz,1.15,"{'gte': 51.10987499999999, 'lte': 51.10987499999999}","{'gte': -37.846833333333336, 'lte': -37.846833333333336}",51.10987499999999,-37.846833333333336,i DECam SDSS c0003 7835.0 1470.0,None,,340.0,0,2013-11-24,2013-11-24T06:13:55.646062+0000,[7313],Munoz,2013B-0613,2015-05-17,decam,ct4m,ct,,object,Fornax 13-1,stacked,dqmask,,2013-11-23,[None]
2021-06-13T12:35:47.722440+0000,8b04afdac35bfbef0bfd1a831898e3e2,1068480,/data_local/images/DTS/2013B-0613/DECam_00257798.fits.fz,/net/archive/pipe/20131123/ct4m/2013B-0613/c4d_131124_054338_osd_i_NGFS.fits.fz,1.07,"{'gte': 52.862583333333326, 'lte': 52.862583333333326}","{'gte': -36.68975, 'lte': -36.68975}",52.862583333333326,-36.68975,i DECam SDSS c0003 7835.0 1470.0,None,,6000.0,0,2013-11-24,2013-11-24T05:37:44.172048+0000,[7313],Munoz,2013B-0613,2015-05-17,decam,ct4m,ct,,object,NGFS Fornax 4-1,stacked,dqmask,,2013-11-23,[None]
2021-06-02T10:17:48.531278+0000,4f2216910ace46901da94e20faed7710,282905280,/data_local/images/DTS/2013B-0613/DECam_00257833.fits.fz,/net/archive/pipe/20131124/ct4m/2013B-0613/c4d_131125_013306_osw_g_NGFS.fits.fz,1.18,"{'gte': 52.479208333333325, 'lte': 52.479208333333325}","{'gte': -34.87836111111111, 'lte': -34.87836111111111}",52.479208333333325,-34.87836111111111,g DECam SDSS c0001 4720.0 1520.0,None,,3000.0,0,2013-11-25,2013-11-25T01:27:15.350082+0000,[7313],Munoz,2013B-0613,2015-05-18,decam,ct4m,ct,,object,NGFS Fornax 3-1,stacked,wtmap,,2013-11-24,[None]
2021-06-02T09:00:43.290006+0000,0af7227ca4d42619645ca6807f8c0ad2,388918080,/data_local/images/DTS/2013B-0613/DECam_00257844.fits.fz,/net/archive/pipe/20131124/ct4m/2013B-0613/c4d_131125_021538_osj_g_NGFS.fits.fz,1.12,"{'gte': 56.62458333333332, 'lte': 56.62458333333332}","{'gte': -36.196, 'lte': -36.196}",56.62458333333332,-36.196,g DECam SDSS c0001 4720.0 1520.0,None,,2700.0,0,2013-11-25,2013-11-25T02:09:46.144540+0000,[7313],Munoz,2013B-0613,2015-05-18,decam,ct4m,ct,,object,NGFS Fornax 6-2,stacked,image1,,2013-11-24,[None]
2021-06-13T12:37:10.340158+0000,28e32315ff88a1a471dc76429a3214db,391654080,/data_local/images/DTS/2013B-0613/DECam_00258044.fits.fz,/net/archive/pipe/20131126/ct4m/2013B-0613/c4d_131127_053842_osi_i_NGFS.fits.fz,1.09,"{'gte': 51.114083333333326, 'lte': 51.114083333333326}","{'gte': -37.844833333333334, 'lte': -37.844833333333334}",51.114083333333326,-37.844833333333334,i DECam SDSS c0003 7835.0 1470.0,None,,3900.0,0,2013-11-27,2013-11-27T05:32:50.694204+0000,[7313],Munoz,2013B-0613,2015-05-20,decam,ct4m,ct,,object,NGFS Fornax 13-2,stacked,image,,2013-11-26,[None]
2021-06-02T07:03:40.098804+0000,8f7d62f0264c5c35d410fc896670ba8f,1051200,/data_local/images/DTS/2013B-0613/DECam_00257840.fits.fz,/net/archive/pipe/20131124/ct4m/2013B-0613/c4d_131125_020237_osd_g_NGFS.fits.fz,1.11,"{'gte': 52.847583333333326, 'lte': 52.847583333333326}","{'gte': -36.690916666666666, 'lte': -36.690916666666666}",52.847583333333326,-36.690916666666666,g DECam SDSS c0001 4720.0 1520.0,None,,2700.0,0,2013-11-25,2013-11-25T01:56:45.146037+0000,[7313],Munoz,2013B-0613,2015-05-18,decam,ct4m,ct,,object,NGFS Fornax 4-2,stacked,dqmask,,2013-11-24,[None]
2020-11-18T18:33:52.124845+0000,104017c7b7ecacf1ecccd06754d01176,163180800,/data_local/images/DTS/2013B-0613/DECam_00257827.fits.fz,/net/archive/pipeline/Q20141224/DEC13B/20131123/c4d_131125_010807_osw_g_v1.fits.fz,1.31,"{'gte': 56.23091666666666, 'lte': 56.23091666666666}","{'gte': -34.38388888888889, 'lte': -34.38388888888889}",56.23091666666666,-34.38388888888889,g DECam SDSS c0001 4720.0 1520.0,None,,3000.0,0,2013-11-25,2013-11-25T01:02:15.285391+0000,[7313],Munoz,2013B-0613,2015-05-18,decam,ct4m,ct,,object,NGFS Fornax 7-1,stacked,wtmap,,2013-11-24,[None]
2020-11-18T18:37:44.382928+0000,a37d03f26b2f91e1738b83849cd16fe7,823680,/data_local/images/DTS/2013B-0613/DECam_00257789.fits.fz,/net/archive/pipeline/Q20150109/DEC13B/20131123/c4d_131124_051436_osd_r_v1.fits.fz,1.01,"{'gte': 59.999624999999995, 'lte': 59.999624999999995}","{'gte': -29.999916666666667, 'lte': -29.999916666666667}",59.999624999999995,-29.999916666666667,r DECam SDSS c0002 6415.0 1480.0,None,,150.0,0,2013-11-24,2013-11-24T05:13:13.560990+0000,[7313],Munoz,2013B-0613,2015-05-17,decam,ct4m,ct,,object,hexapod,stacked,dqmask,,2013-11-23,[None]
2021-06-02T14:19:32.656904+0000,a0bb460f0b0796f3d9141ff0e3446997,20099520,/data_local/images/DTS/2013B-0613/DECam_00257828.fits.fz,/net/archive/pipe/20131124/ct4m/2013B-0613/c4d_131125_010931_ose_g_NGFS.fits.fz,1.23,"{'gte': 52.11549999999999, 'lte': 52.11549999999999}","{'gte': -33.06722222222223, 'lte': -33.06722222222223}",52.11549999999999,-33.06722222222223,g DECam SDSS c0001 4720.0 1520.0,None,,325.0,0,2013-11-25,2013-11-25T01:08:09.941647+0000,[7313],Munoz,2013B-0613,2015-05-18,decam,ct4m,ct,,object,NGFS Fornax 10-1 hexa,stacked,expmap,,2013-11-24,[None]
2021-06-02T09:01:37.540518+0000,4f9d839f435fc12468238726350ed02e,26688960,/data_local/images/DTS/2013B-0613/DECam_00257837.fits.fz,/net/archive/pipe/20131124/ct4m/2013B-0613/c4d_131125_014608_ose_g_NGFS.fits.fz,1.16,"{'gte': 54.54970833333333, 'lte': 54.54970833333333}","{'gte': -35.53586111111111, 'lte': -35.53586111111111}",54.54970833333333,-35.53586111111111,g DECam SDSS c0001 4720.0 1520.0,None,,2700.0,0,2013-11-25,2013-11-25T01:40:15.817467+0000,[7313],Munoz,2013B-0613,2015-05-18,decam,ct4m,ct,,object,NGFS Fornax 1-2,stacked,expmap,,2013-11-24,[None]
2021-06-02T08:20:17.156061+0000,ae38370faae3d0ba25f0836a5db3e97d,1025280,/data_local/images/DTS/2013B-0613/DECam_00257829.fits.fz,/net/archive/pipe/20131124/ct4m/2013B-0613/c4d_131125_011501_osd_g_NGFS.fits.fz,1.23,"{'gte': 52.11841666666667, 'lte': 52.11841666666667}","{'gte': -33.066944444444445, 'lte': -33.066944444444445}",52.11841666666667,-33.066944444444445,g DECam SDSS c0001 4720.0 1520.0,None,,3000.0,0,2013-11-25,2013-11-25T01:09:09.146692+0000,[7313],Munoz,2013B-0613,2015-05-18,decam,ct4m,ct,,object,NGFS Fornax 10-1,stacked,dqmask,,2013-11-24,[None]
2021-06-13T12:37:36.068702+0000,88057b94525012e79b39b86b0b85922c,389168640,/data_local/images/DTS/2013B-0613/DECam_00258041.fits.fz,/net/archive/pipe/20131126/ct4m/2013B-0613/c4d_131127_053058_osj_i_NGFS.fits.fz,1.07,"{'gte': 52.11579166666667, 'lte': 52.11579166666667}","{'gte': -33.06827777777778, 'lte': -33.06827777777778}",52.11579166666667,-33.06827777777778,i DECam SDSS c0003 7835.0 1470.0,None,,3600.0,0,2013-11-27,2013-11-27T05:25:05.085103+0000,[7313],Munoz,2013B-0613,2015-05-20,decam,ct4m,ct,,object,NGFS Fornax 10-2,stacked,image1,,2013-11-26,[None]
2021-06-02T09:01:57.922676+0000,469e3fbcb39c54e8861170373298acb1,388163520,/data_local/images/DTS/2013B-0613/DECam_00257835.fits.fz,/net/archive/pipe/20131124/ct4m/2013B-0613/c4d_131125_013936_osj_g_NGFS.fits.fz,1.19,"{'gte': 54.95904166666666, 'lte': 54.95904166666666}","{'gte': -37.34763888888889, 'lte': -37.34763888888889}",54.95904166666666,-37.34763888888889,g DECam SDSS c0001 4720.0 1520.0,None,,3000.0,0,2013-11-25,2013-11-25T01:33:45.400704+0000,[7313],Munoz,2013B-0613,2015-05-18,decam,ct4m,ct,,object,NGFS Fornax 5-1,stacked,image1,,2013-11-24,[None]
2020-11-18T19:14:37.988378+0000,468a7d13d21f1cdda5aed86a0efbb970,982080,/data_local/images/DTS/2013B-0613/DECam_00257827.fits.fz,/net/archive/pipeline/Q20141224/DEC13B/20131123/c4d_131125_010807_osd_g_v1.fits.fz,1.31,"{'gte': 56.23091666666666, 'lte': 56.23091666666666}","{'gte': -34.38388888888889, 'lte': -34.38388888888889}",56.23091666666666,-34.38388888888889,g DECam SDSS c0001 4720.0 1520.0,None,,3000.0,0,2013-11-25,2013-11-25T01:02:15.285391+0000,[7313],Munoz,2013B-0613,2015-05-18,decam,ct4m,ct,,object,NGFS Fornax 7-1,stacked,dqmask,,2013-11-24,[None]
2021-06-02T15:33:59.151514+0000,4724af21fbea4d87eab09995249ca870,797760,/data_local/images/DTS/2013B-0613/DECam_00257825.fits.fz,/net/archive/pipe/20131124/ct4m/2013B-0613/c4d_131125_005706_osd_g_NGFS.fits.fz,1.33,"{'gte': 56.625541666666656, 'lte': 56.625541666666656}","{'gte': -36.19597222222222, 'lte': -36.19597222222222}",56.625541666666656,-36.19597222222222,g DECam SDSS c0001 4720.0 1520.0,None,,355.0,0,2013-11-25,2013-11-25T00:55:44.698861+0000,[7313],Munoz,2013B-0613,2015-05-18,decam,ct4m,ct,,object,NGFS Fornax 6-1 hexa,stacked,dqmask,,2013-11-24,[None]
2020-11-18T18:34:45.657532+0000,459e24422f39c7897e8b7bb0ef6cb573,388733760,/data_local/images/DTS/2013B-0613/DECam_00257805.fits.fz,/net/archive/pipeline/Q20141226/DEC13B/20131123/c4d_131124_060846_osj_i_v1.fits.fz,1.12,"{'gte': 52.11574999999999, 'lte': 52.11574999999999}","{'gte': -33.06830555555556, 'lte': -33.06830555555556}",52.11574999999999,-33.06830555555556,i DECam SDSS c0003 7835.0 1470.0,None,,2400.0,0,2013-11-24,2013-11-24T06:02:53.571469+0000,[7313],Munoz,2013B-0613,2015-05-17,decam,ct4m,ct,,object,NGFS Fornax 10-1,stacked,image1,,2013-11-23,[None]
2020-11-18T18:34:40.993846+0000,90777a199b7d8830fc845aa42a0e2a99,23662080,/data_local/images/DTS/2013B-0613/DECam_00257803.fits.fz,/net/archive/pipeline/Q20141225/DEC13B/20131123/c4d_131124_060203_ose_i_v1.fits.fz,1.08,"{'gte': 56.22879166666666, 'lte': 56.22879166666666}","{'gte': -34.385777777777776, 'lte': -34.385777777777776}",56.22879166666666,-34.385777777777776,i DECam SDSS c0003 7835.0 1470.0,None,,2400.0,0,2013-11-24,2013-11-24T05:56:10.845313+0000,[7313],Munoz,2013B-0613,2015-05-17,decam,ct4m,ct,,object,NGFS Fornax 7-1,stacked,expmap,,2013-11-23,[None]
2021-06-02T11:18:06.211840+0000,4965881312e81ac1be4da391e4afea54,283579200,/data_local/images/DTS/2013B-0613/DECam_00257829.fits.fz,/net/archive/pipe/20131124/ct4m/2013B-0613/c4d_131125_011501_osw_g_NGFS.fits.fz,1.23,"{'gte': 52.11841666666667, 'lte': 52.11841666666667}","{'gte': -33.066944444444445, 'lte': -33.066944444444445}",52.11841666666667,-33.066944444444445,g DECam SDSS c0001 4720.0 1520.0,None,,3000.0,0,2013-11-25,2013-11-25T01:09:09.146692+0000,[7313],Munoz,2013B-0613,2015-05-18,decam,ct4m,ct,,object,NGFS Fornax 10-1,stacked,wtmap,,2013-11-24,[None]
2020-11-18T19:14:47.405798+0000,b11ab589eb316bd94eaf4391e2ba14c1,389064960,/data_local/images/DTS/2013B-0613/DECam_00258031.fits.fz,/net/archive/pipeline/Q20141226/DEC13B/20131123/c4d_131127_045815_osj_i_v1.fits.fz,1.03,"{'gte': 52.476499999999994, 'lte': 52.476499999999994}","{'gte': -34.88088888888889, 'lte': -34.88088888888889}",52.476499999999994,-34.88088888888889,i DECam SDSS c0003 7835.0 1470.0,None,,2400.0,0,2013-11-27,2013-11-27T04:52:23.982119+0000,[7313],Munoz,2013B-0613,2015-05-20,decam,ct4m,ct,,object,NGFS Fornax 3-2,stacked,image1,,2013-11-26,[None]
2021-06-13T12:37:10.988215+0000,8f875fa44bfefab92832feb379994677,37768320,/data_local/images/DTS/2013B-0613/DECam_00258038.fits.fz,/net/archive/pipe/20131126/ct4m/2013B-0613/c4d_131127_051859_ose_i_NGFS.fits.fz,1.04,"{'gte': 56.62479166666666, 'lte': 56.62479166666666}","{'gte': -36.196999999999996, 'lte': -36.196999999999996}",56.62479166666666,-36.196999999999996,i DECam SDSS c0003 7835.0 1470.0,None,,3900.0,0,2013-11-27,2013-11-27T05:13:00.861389+0000,[7313],Munoz,2013B-0613,2015-05-20,decam,ct4m,ct,,object,NGFS Fornax 6-2,stacked,expmap,,2013-11-26,[None]
2021-06-13T12:35:47.872343+0000,9daf352337ec77ec7b92319f22a56220,63855360,/data_local/images/DTS/2013B-0613/DECam_00257798.fits.fz,/net/archive/pipe/20131123/ct4m/2013B-0613/c4d_131124_054338_ose_i_NGFS.fits.fz,1.07,"{'gte': 52.862583333333326, 'lte': 52.862583333333326}","{'gte': -36.68975, 'lte': -36.68975}",52.862583333333326,-36.68975,i DECam SDSS c0003 7835.0 1470.0,None,,6000.0,0,2013-11-24,2013-11-24T05:37:44.172048+0000,[7313],Munoz,2013B-0613,2015-05-17,decam,ct4m,ct,,object,NGFS Fornax 4-1,stacked,expmap,,2013-11-23,[None]
2020-11-19T10:31:36.420304+0000,9e466fc19a1a5142446cd5a27a8f9479,25436160,/data_local/images/DTS/2013B-0613/DECam_00258036.fits.fz,/net/archive/pipeline/Q20141224/DEC13B/20131123/c4d_131127_051223_ose_i_v1.fits.fz,1.04,"{'gte': 54.95804166666666, 'lte': 54.95804166666666}","{'gte': -37.35180555555556, 'lte': -37.35180555555556}",54.95804166666666,-37.35180555555556,i DECam SDSS c0003 7835.0 1470.0,None,,2400.0,0,2013-11-27,2013-11-27T05:06:29.002739+0000,[7313],Munoz,2013B-0613,2015-05-20,decam,ct4m,ct,,object,NGFS Fornax 5-2,stacked,expmap,,2013-11-26,[None]
2020-11-18T18:33:53.456603+0000,91b59173c4f32a3b38f30dfed8cd07f1,12447360,/data_local/images/DTS/2013B-0613/DECam_00257843.fits.fz,/net/archive/pipeline/Q20141224/DEC13B/20131123/c4d_131125_021007_ose_g_v1.fits.fz,1.12,"{'gte': 56.62545833333333, 'lte': 56.62545833333333}","{'gte': -36.19597222222222, 'lte': -36.19597222222222}",56.62545833333333,-36.19597222222222,g DECam SDSS c0001 4720.0 1520.0,None,,270.0,0,2013-11-25,2013-11-25T02:08:47.006527+0000,[7313],Munoz,2013B-0613,2015-05-18,decam,ct4m,ct,,object,NGFS Fornax 6-2 hexa,stacked,expmap,,2013-11-24,[None]
2021-06-02T10:19:57.613864+0000,915d9805cfcc4a77a357db51286c6c55,1005120,/data_local/images/DTS/2013B-0613/DECam_00257831.fits.fz,/net/archive/pipe/20131124/ct4m/2013B-0613/c4d_131125_012139_osd_g_NGFS.fits.fz,1.19,"{'gte': 51.113833333333325, 'lte': 51.113833333333325}","{'gte': -37.84491666666667, 'lte': -37.84491666666667}",51.113833333333325,-37.84491666666667,g DECam SDSS c0001 4720.0 1520.0,None,,3300.0,0,2013-11-25,2013-11-25T01:15:47.121222+0000,[7313],Munoz,2013B-0613,2015-05-18,decam,ct4m,ct,,object,NGFS Fornax 13-1,stacked,dqmask,,2013-11-24,[None]
2021-06-02T07:04:43.578220+0000,b7e8df427a38bbf7dcb5a35dcdeec26c,388658880,/data_local/images/DTS/2013B-0613/DECam_00257837.fits.fz,/net/archive/pipe/20131124/ct4m/2013B-0613/c4d_131125_014608_osj_g_NGFS.fits.fz,1.16,"{'gte': 54.54970833333333, 'lte': 54.54970833333333}","{'gte': -35.53586111111111, 'lte': -35.53586111111111}",54.54970833333333,-35.53586111111111,g DECam SDSS c0001 4720.0 1520.0,None,,2700.0,0,2013-11-25,2013-11-25T01:40:15.817467+0000,[7313],Munoz,2013B-0613,2015-05-18,decam,ct4m,ct,,object,NGFS Fornax 1-2,stacked,image1,,2013-11-24,[None]
2021-06-13T12:36:55.577247+0000,abb1bda0ebc452ffcd9f31a853490abe,37990080,/data_local/images/DTS/2013B-0613/DECam_00258036.fits.fz,/net/archive/pipe/20131126/ct4m/2013B-0613/c4d_131127_051223_ose_i_NGFS.fits.fz,1.04,"{'gte': 54.95737499999999, 'lte': 54.95737499999999}","{'gte': -37.34875, 'lte': -37.34875}",54.95737499999999,-37.34875,i DECam SDSS c0003 7835.0 1470.0,None,,3900.0,0,2013-11-27,2013-11-27T05:06:29.002739+0000,[7313],Munoz,2013B-0613,2015-05-20,decam,ct4m,ct,,object,NGFS Fornax 5-2,stacked,expmap,,2013-11-26,[None]
2021-06-13T12:37:36.348626+0000,b66ac94a3213ef74929d8b510da6efa4,285145920,/data_local/images/DTS/2013B-0613/DECam_00258041.fits.fz,/net/archive/pipe/20131126/ct4m/2013B-0613/c4d_131127_053058_osw_i_NGFS.fits.fz,1.07,"{'gte': 52.11579166666667, 'lte': 52.11579166666667}","{'gte': -33.06827777777778, 'lte': -33.06827777777778}",52.11579166666667,-33.06827777777778,i DECam SDSS c0003 7835.0 1470.0,None,,3600.0,0,2013-11-27,2013-11-27T05:25:05.085103+0000,[7313],Munoz,2013B-0613,2015-05-20,decam,ct4m,ct,,object,NGFS Fornax 10-2,stacked,wtmap,,2013-11-26,[None]
2020-11-18T18:34:42.700756+0000,c864135a42cb63c08b993f328b37b685,386979840,/data_local/images/DTS/2013B-0613/DECam_00258027.fits.fz,/net/archive/pipeline/Q20141225/DEC13B/20131123/c4d_131127_044023_osi_i_v1.fits.fz,1.01,"{'gte': 56.62329166666666, 'lte': 56.62329166666666}","{'gte': -36.19886111111111, 'lte': -36.19886111111111}",56.62329166666666,-36.19886111111111,i DECam SDSS c0003 7835.0 1470.0,None,,270.0,0,2013-11-27,2013-11-27T04:39:01.549745+0000,[7313],Munoz,2013B-0613,2015-05-20,decam,ct4m,ct,,object,NGFS Fornax 6-1 hexa,stacked,image,,2013-11-26,[None]
2021-06-27T17:39:38.660656+0000,b7a81bcf6098ea62be140be9ec4d7f56,387443520,/data_local/images/DTS/2013B-0613/DECam_00257807.fits.fz,/net/archive/pipe/20131123/ct4m/2013B-0613/c4d_131124_061517_osj_i_NGFS.fits.fz,1.15,"{'gte': 51.10987499999999, 'lte': 51.10987499999999}","{'gte': -37.846833333333336, 'lte': -37.846833333333336}",51.10987499999999,-37.846833333333336,i DECam SDSS c0003 7835.0 1470.0,None,,340.0,0,2013-11-24,2013-11-24T06:13:55.646062+0000,[7313],Munoz,2013B-0613,2015-05-17,decam,ct4m,ct,,object,Fornax 13-1,stacked,image1,,2013-11-23,[None]
2020-11-18T18:33:53.443320+0000,c906c6dc232c62104cd0c5f8150db53d,161876160,/data_local/images/DTS/2013B-0613/DECam_00257836.fits.fz,/net/archive/pipeline/Q20141224/DEC13B/20131123/c4d_131125_014037_osw_g_v1.fits.fz,1.17,"{'gte': 54.54954166666666, 'lte': 54.54954166666666}","{'gte': -35.53491666666667, 'lte': -35.53491666666667}",54.54954166666666,-35.53491666666667,g DECam SDSS c0001 4720.0 1520.0,None,,270.0,0,2013-11-25,2013-11-25T01:39:15.530480+0000,[7313],Munoz,2013B-0613,2015-05-18,decam,ct4m,ct,,object,NGFS Fornax 1-2 hexa,stacked,wtmap,,2013-11-24,[None]
2020-11-19T12:34:16.515782+0000,070e4ec742806d04dcbcdac833b92039,792000,/data_local/images/DTS/2013B-0613/DECam_00257830.fits.fz,/net/archive/pipeline/Q20141224/DEC13B/20131123/c4d_131125_011602_osd_g_v1.fits.fz,1.19,"{'gte': 51.11416666666666, 'lte': 51.11416666666666}","{'gte': -37.84422222222222, 'lte': -37.84422222222222}",51.11416666666666,-37.84422222222222,g DECam SDSS c0001 4720.0 1520.0,None,,330.0,0,2013-11-25,2013-11-25T01:14:42.626678+0000,[7313],Munoz,2013B-0613,2015-05-18,decam,ct4m,ct,,object,NGFS Fornax 13-1 hexa,stacked,dqmask,,2013-11-24,[None]
2020-11-19T00:37:09.476627+0000,0609f58827223c043a75ae433707d854,817920,/data_local/images/DTS/2013B-0613/DECam_00258035.fits.fz,/net/archive/pipeline/Q20141224/DEC13B/20131123/c4d_131127_050651_osd_i_v1.fits.fz,1.04,"{'gte': 54.95662499999999, 'lte': 54.95662499999999}","{'gte': -37.35152777777778, 'lte': -37.35152777777778}",54.95662499999999,-37.35152777777778,i DECam SDSS c0003 7835.0 1470.0,None,,270.0,0,2013-11-27,2013-11-27T05:05:29.501039+0000,[7313],Munoz,2013B-0613,2015-05-20,decam,ct4m,ct,,object,NGFS Fornax 5-2 hexa,stacked,dqmask,,2013-11-26,[None]
2020-11-18T18:33:52.047485+0000,b633fb6a10c8c85c2d2e282e15be9ac5,794880,/data_local/images/DTS/2013B-0613/DECam_00257834.fits.fz,/net/archive/pipeline/Q20141224/DEC13B/20131123/c4d_131125_013406_osd_g_v1.fits.fz,1.19,"{'gte': 54.959083333333325, 'lte': 54.959083333333325}","{'gte': -37.34777777777778, 'lte': -37.34777777777778}",54.959083333333325,-37.34777777777778,g DECam SDSS c0001 4720.0 1520.0,None,,300.0,0,2013-11-25,2013-11-25T01:32:45.951676+0000,[7313],Munoz,2013B-0613,2015-05-18,decam,ct4m,ct,,object,NGFS Fornax 5-1 hexa,stacked,dqmask,,2013-11-24,[None]
2020-11-18T20:57:36.669557+0000,06b7b9a4a66fb2be5ce930138baecadd,1146240,/data_local/images/DTS/2013B-0613/DECam_00257795.fits.fz,/net/archive/pipeline/Q20141225/DEC13B/20131123/c4d_131124_052702_osd_i_v1.fits.fz,1.04,"{'gte': 54.54808333333333, 'lte': 54.54808333333333}","{'gte': -35.538805555555555, 'lte': -35.538805555555555}",54.54808333333333,-35.538805555555555,i DECam SDSS c0003 7835.0 1470.0,None,,2700.0,0,2013-11-24,2013-11-24T05:21:09.143792+0000,[7313],Munoz,2013B-0613,2015-05-17,decam,ct4m,ct,,object,NGFS Fornax 1-1,stacked,dqmask,,2013-11-23,[None]
2021-06-13T12:37:12.143232+0000,b68a3b60d9f163bcfaabd5fbac7000fa,284716800,/data_local/images/DTS/2013B-0613/DECam_00258038.fits.fz,/net/archive/pipe/20131126/ct4m/2013B-0613/c4d_131127_051859_osw_i_NGFS.fits.fz,1.04,"{'gte': 56.62479166666666, 'lte': 56.62479166666666}","{'gte': -36.196999999999996, 'lte': -36.196999999999996}",56.62479166666666,-36.196999999999996,i DECam SDSS c0003 7835.0 1470.0,None,,3900.0,0,2013-11-27,2013-11-27T05:13:00.861389+0000,[7313],Munoz,2013B-0613,2015-05-20,decam,ct4m,ct,,object,NGFS Fornax 6-2,stacked,wtmap,,2013-11-26,[None]
2020-11-19T12:34:18.545166+0000,0448e2e4e1ad18b13e834af9c9bf477c,388218240,/data_local/images/DTS/2013B-0613/DECam_00257835.fits.fz,/net/archive/pipeline/Q20141224/DEC13B/20131123/c4d_131125_013936_osj_g_v1.fits.fz,1.19,"{'gte': 54.95899999999999, 'lte': 54.95899999999999}","{'gte': -37.34763888888889, 'lte': -37.34763888888889}",54.95899999999999,-37.34763888888889,g DECam SDSS c0001 4720.0 1520.0,None,,3000.0,0,2013-11-25,2013-11-25T01:33:45.400704+0000,[7313],Munoz,2013B-0613,2015-05-18,decam,ct4m,ct,,object,NGFS Fornax 5-1,stacked,image1,,2013-11-24,[None]
2020-11-19T03:33:10.395672+0000,e14252cde01c06185150ad909c9170e0,162590400,/data_local/images/DTS/2013B-0613/DECam_00257804.fits.fz,/net/archive/pipeline/Q20141224/DEC13B/20131123/c4d_131124_060316_osw_i_v1.fits.fz,1.11,"{'gte': 52.113375, 'lte': 52.113375}","{'gte': -33.06863888888889, 'lte': -33.06863888888889}",52.113375,-33.06863888888889,i DECam SDSS c0003 7835.0 1470.0,None,,270.0,0,2013-11-24,2013-11-24T06:01:54.613800+0000,[7313],Munoz,2013B-0613,2015-05-17,decam,ct4m,ct,,object,NGFS Fornax 10-1 hexa,stacked,wtmap,,2013-11-23,[None]
2020-11-19T10:31:35.446343+0000,ba8c102da512e44a25b83e51b31d79d6,386928000,/data_local/images/DTS/2013B-0613/DECam_00257843.fits.fz,/net/archive/pipeline/Q20141224/DEC13B/20131123/c4d_131125_021007_osi_g_v1.fits.fz,1.12,"{'gte': 56.62545833333333, 'lte': 56.62545833333333}","{'gte': -36.19597222222222, 'lte': -36.19597222222222}",56.62545833333333,-36.19597222222222,g DECam SDSS c0001 4720.0 1520.0,None,,270.0,0,2013-11-25,2013-11-25T02:08:47.006527+0000,[7313],Munoz,2013B-0613,2015-05-18,decam,ct4m,ct,,object,NGFS Fornax 6-2 hexa,stacked,image,,2013-11-24,[None]
2021-06-02T14:20:35.956903+0000,ac56020e3d474d1f9a2150fa19a35c11,284768640,/data_local/images/DTS/2013B-0613/DECam_00257834.fits.fz,/net/archive/pipe/20131124/ct4m/2013B-0613/c4d_131125_013406_osw_g_NGFS.fits.fz,1.19,"{'gte': 54.95562499999999, 'lte': 54.95562499999999}","{'gte': -37.34419444444445, 'lte': -37.34419444444445}",54.95562499999999,-37.34419444444445,g DECam SDSS c0001 4720.0 1520.0,None,,340.0,0,2013-11-25,2013-11-25T01:32:45.951676+0000,[7313],Munoz,2013B-0613,2015-05-18,decam,ct4m,ct,,object,NGFS Fornax 5-1 hexa,stacked,wtmap,,2013-11-24,[None]
2021-06-02T12:16:51.807055+0000,0e37621b91385ea34049389a2c5beef0,283262400,/data_local/images/DTS/2013B-0613/DECam_00257832.fits.fz,/net/archive/pipe/20131124/ct4m/2013B-0613/c4d_131125_012738_osw_g_NGFS.fits.fz,1.21,"{'gte': 54.165749999999996, 'lte': 54.165749999999996}","{'gte': -33.72541666666667, 'lte': -33.72541666666667}",54.165749999999996,-33.72541666666667,g DECam SDSS c0001 4720.0 1520.0,None,,3000.0,0,2013-11-25,2013-11-25T01:21:46.313054+0000,[7313],Munoz,2013B-0613,2015-05-18,decam,ct4m,ct,,object,NGFS Fornax 2-1,stacked,wtmap,,2013-11-24,[None]
2020-11-18T18:34:40.590858+0000,c141b058044b53a040974d1b8eac5fee,23708160,/data_local/images/DTS/2013B-0613/DECam_00257795.fits.fz,/net/archive/pipeline/Q20141225/DEC13B/20131123/c4d_131124_052702_ose_i_v1.fits.fz,1.04,"{'gte': 54.54808333333333, 'lte': 54.54808333333333}","{'gte': -35.538805555555555, 'lte': -35.538805555555555}",54.54808333333333,-35.538805555555555,i DECam SDSS c0003 7835.0 1470.0,None,,2700.0,0,2013-11-24,2013-11-24T05:21:09.143792+0000,[7313],Munoz,2013B-0613,2015-05-17,decam,ct4m,ct,,object,NGFS Fornax 1-1,stacked,expmap,,2013-11-23,[None]
2021-06-02T14:16:48.630354+0000,0ddbe273b6a7e0ddd301dd438aa5a1fd,23889600,/data_local/images/DTS/2013B-0613/DECam_00257825.fits.fz,/net/archive/pipe/20131124/ct4m/2013B-0613/c4d_131125_005706_ose_g_NGFS.fits.fz,1.33,"{'gte': 56.625541666666656, 'lte': 56.625541666666656}","{'gte': -36.19597222222222, 'lte': -36.19597222222222}",56.625541666666656,-36.19597222222222,g DECam SDSS c0001 4720.0 1520.0,None,,355.0,0,2013-11-25,2013-11-25T00:55:44.698861+0000,[7313],Munoz,2013B-0613,2015-05-18,decam,ct4m,ct,,object,NGFS Fornax 6-1 hexa,stacked,expmap,,2013-11-24,[None]
2020-11-18T18:34:42.227951+0000,e515b233ad7e79e9c635b81609afbed6,21029760,/data_local/images/DTS/2013B-0613/DECam_00258031.fits.fz,/net/archive/pipeline/Q20141225/DEC13B/20131123/c4d_131127_045815_ose_i_v1.fits.fz,1.03,"{'gte': 52.476499999999994, 'lte': 52.476499999999994}","{'gte': -34.88088888888889, 'lte': -34.88088888888889}",52.476499999999994,-34.88088888888889,i DECam SDSS c0003 7835.0 1470.0,None,,2400.0,0,2013-11-27,2013-11-27T04:52:23.982119+0000,[7313],Munoz,2013B-0613,2015-05-20,decam,ct4m,ct,,object,NGFS Fornax 3-2,stacked,expmap,,2013-11-26,[None]
2020-11-19T12:34:16.655167+0000,bffa0810073cd9faacc6534a8e68641b,14823360,/data_local/images/DTS/2013B-0613/DECam_00257830.fits.fz,/net/archive/pipeline/Q20141224/DEC13B/20131123/c4d_131125_011602_ose_g_v1.fits.fz,1.19,"{'gte': 51.11416666666666, 'lte': 51.11416666666666}","{'gte': -37.84422222222222, 'lte': -37.84422222222222}",51.11416666666666,-37.84422222222222,g DECam SDSS c0001 4720.0 1520.0,None,,330.0,0,2013-11-25,2013-11-25T01:14:42.626678+0000,[7313],Munoz,2013B-0613,2015-05-18,decam,ct4m,ct,,object,NGFS Fornax 13-1 hexa,stacked,expmap,,2013-11-24,[None]
2020-11-18T18:34:41.001807+0000,b465618dbf2010327cfda1418eb683e0,167480640,/data_local/images/DTS/2013B-0613/DECam_00257803.fits.fz,/net/archive/pipeline/Q20141225/DEC13B/20131123/c4d_131124_060203_osw_i_v1.fits.fz,1.08,"{'gte': 56.22879166666666, 'lte': 56.22879166666666}","{'gte': -34.385777777777776, 'lte': -34.385777777777776}",56.22879166666666,-34.385777777777776,i DECam SDSS c0003 7835.0 1470.0,None,,2400.0,0,2013-11-24,2013-11-24T05:56:10.845313+0000,[7313],Munoz,2013B-0613,2015-05-17,decam,ct4m,ct,,object,NGFS Fornax 7-1,stacked,wtmap,,2013-11-23,[None]
2020-11-18T18:33:52.056709+0000,abb0af000fb1ae0ad3ad9ff9d3056578,161755200,/data_local/images/DTS/2013B-0613/DECam_00257834.fits.fz,/net/archive/pipeline/Q20141224/DEC13B/20131123/c4d_131125_013406_osw_g_v1.fits.fz,1.19,"{'gte': 54.959083333333325, 'lte': 54.959083333333325}","{'gte': -37.34777777777778, 'lte': -37.34777777777778}",54.959083333333325,-37.34777777777778,g DECam SDSS c0001 4720.0 1520.0,None,,300.0,0,2013-11-25,2013-11-25T01:32:45.951676+0000,[7313],Munoz,2013B-0613,2015-05-18,decam,ct4m,ct,,object,NGFS Fornax 5-1 hexa,stacked,wtmap,,2013-11-24,[None]
2020-11-18T18:34:42.618759+0000,bf35c91c3f39a9892fe8d55dcf007659,164384640,/data_local/images/DTS/2013B-0613/DECam_00258036.fits.fz,/net/archive/pipeline/Q20141225/DEC13B/20131123/c4d_131127_051223_osw_i_v1.fits.fz,1.04,"{'gte': 54.95804166666666, 'lte': 54.95804166666666}","{'gte': -37.35180555555556, 'lte': -37.35180555555556}",54.95804166666666,-37.35180555555556,i DECam SDSS c0003 7835.0 1470.0,None,,2400.0,0,2013-11-27,2013-11-27T05:06:29.002739+0000,[7313],Munoz,2013B-0613,2015-05-20,decam,ct4m,ct,,object,NGFS Fornax 5-2,stacked,wtmap,,2013-11-26,[None]
2020-11-18T18:34:42.544264+0000,a75576845547835f4d4bd3254d9aae80,12009600,/data_local/images/DTS/2013B-0613/DECam_00258035.fits.fz,/net/archive/pipeline/Q20141225/DEC13B/20131123/c4d_131127_050651_ose_i_v1.fits.fz,1.04,"{'gte': 54.95662499999999, 'lte': 54.95662499999999}","{'gte': -37.35152777777778, 'lte': -37.35152777777778}",54.95662499999999,-37.35152777777778,i DECam SDSS c0003 7835.0 1470.0,None,,270.0,0,2013-11-27,2013-11-27T05:05:29.501039+0000,[7313],Munoz,2013B-0613,2015-05-20,decam,ct4m,ct,,object,NGFS Fornax 5-2 hexa,stacked,expmap,,2013-11-26,[None]
2021-06-02T13:36:38.607222+0000,c8b7b895edcda7220c029b0a94505fd6,29880000,/data_local/images/DTS/2013B-0613/DECam_00257832.fits.fz,/net/archive/pipe/20131124/ct4m/2013B-0613/c4d_131125_012738_ose_g_NGFS.fits.fz,1.21,"{'gte': 54.165749999999996, 'lte': 54.165749999999996}","{'gte': -33.72541666666667, 'lte': -33.72541666666667}",54.165749999999996,-33.72541666666667,g DECam SDSS c0001 4720.0 1520.0,None,,3000.0,0,2013-11-25,2013-11-25T01:21:46.313054+0000,[7313],Munoz,2013B-0613,2015-05-18,decam,ct4m,ct,,object,NGFS Fornax 2-1,stacked,expmap,,2013-11-24,[None]
2020-11-19T00:37:09.207934+0000,b45a80527f6852a762bbee1384135395,388601280,/data_local/images/DTS/2013B-0613/DECam_00257844.fits.fz,/net/archive/pipeline/Q20141224/DEC13B/20131123/c4d_131125_021538_osj_g_v1.fits.fz,1.12,"{'gte': 56.62454166666666, 'lte': 56.62454166666666}","{'gte': -36.19597222222222, 'lte': -36.19597222222222}",56.62454166666666,-36.19597222222222,g DECam SDSS c0001 4720.0 1520.0,None,,2700.0,0,2013-11-25,2013-11-25T02:09:46.144540+0000,[7313],Munoz,2013B-0613,2015-05-18,decam,ct4m,ct,,object,NGFS Fornax 6-2,stacked,image1,,2013-11-24,[None]
2021-06-13T12:37:23.796825+0000,c06e082708ad4214c19a20d4e9598a17,466159680,/data_local/images/DTS/2013B-0613/DECam_00258039.fits.fz,/net/archive/pipe/20131126/ct4m/2013B-0613/c4d_131127_052423_osi_i_NGFS.fits.fz,1.04,"{'gte': 56.23737499999999, 'lte': 56.23737499999999}","{'gte': -34.37825, 'lte': -34.37825}",56.23737499999999,-34.37825,i DECam SDSS c0003 7835.0 1470.0,None,,5100.0,0,2013-11-27,2013-11-27T05:18:30.906704+0000,[7313],Munoz,2013B-0613,2015-05-20,decam,ct4m,ct,,object,NGFS Fornax 7-2,stacked,image,,2013-11-26,[None]
2020-11-18T18:33:52.530025+0000,bf3fa88e0812cc1b6697dba43c2922ad,23503680,/data_local/images/DTS/2013B-0613/DECam_00257837.fits.fz,/net/archive/pipeline/Q20141224/DEC13B/20131123/c4d_131125_014608_ose_g_v1.fits.fz,1.16,"{'gte': 54.54962499999999, 'lte': 54.54962499999999}","{'gte': -35.535805555555555, 'lte': -35.535805555555555}",54.54962499999999,-35.535805555555555,g DECam SDSS c0001 4720.0 1520.0,None,,2700.0,0,2013-11-25,2013-11-25T01:40:15.817467+0000,[7313],Munoz,2013B-0613,2015-05-18,decam,ct4m,ct,,object,NGFS Fornax 1-2,stacked,expmap,,2013-11-24,[None]
2020-11-19T10:31:37.844702+0000,d7b1d48fda92fc88ebb36bdb968f22f3,387529920,/data_local/images/DTS/2013B-0613/DECam_00258036.fits.fz,/net/archive/pipeline/Q20141225/DEC13B/20131123/c4d_131127_051223_osi_i_v1.fits.fz,1.04,"{'gte': 54.95804166666666, 'lte': 54.95804166666666}","{'gte': -37.35180555555556, 'lte': -37.35180555555556}",54.95804166666666,-37.35180555555556,i DECam SDSS c0003 7835.0 1470.0,None,,2400.0,0,2013-11-27,2013-11-27T05:06:29.002739+0000,[7313],Munoz,2013B-0613,2015-05-20,decam,ct4m,ct,,object,NGFS Fornax 5-2,stacked,image,,2013-11-26,[None]
2021-06-13T12:35:40.491497+0000,ec4b7dd77536bb40109cbe08c756b84e,35294400,/data_local/images/DTS/2013B-0613/DECam_00257795.fits.fz,/net/archive/pipe/20131123/ct4m/2013B-0613/c4d_131124_052702_ose_i_NGFS.fits.fz,1.04,"{'gte': 54.548624999999994, 'lte': 54.548624999999994}","{'gte': -35.538777777777774, 'lte': -35.538777777777774}",54.548624999999994,-35.538777777777774,i DECam SDSS c0003 7835.0 1470.0,None,,3600.0,0,2013-11-24,2013-11-24T05:21:09.143792+0000,[7313],Munoz,2013B-0613,2015-05-17,decam,ct4m,ct,,object,NGFS Fornax 1-1,stacked,expmap,,2013-11-23,[None]
2021-06-13T12:37:23.481826+0000,e8acb9bf8d1be14a28d8c56f70c07edf,48064320,/data_local/images/DTS/2013B-0613/DECam_00258039.fits.fz,/net/archive/pipe/20131126/ct4m/2013B-0613/c4d_131127_052423_ose_i_NGFS.fits.fz,1.04,"{'gte': 56.23737499999999, 'lte': 56.23737499999999}","{'gte': -34.37825, 'lte': -34.37825}",56.23737499999999,-34.37825,i DECam SDSS c0003 7835.0 1470.0,None,,5100.0,0,2013-11-27,2013-11-27T05:18:30.906704+0000,[7313],Munoz,2013B-0613,2015-05-20,decam,ct4m,ct,,object,NGFS Fornax 7-2,stacked,expmap,,2013-11-26,[None]
2021-06-13T12:35:48.374734+0000,c290380d1a0db694bad557cb8eb93a27,395697600,/data_local/images/DTS/2013B-0613/DECam_00257798.fits.fz,/net/archive/pipe/20131123/ct4m/2013B-0613/c4d_131124_054338_osj_i_NGFS.fits.fz,1.07,"{'gte': 52.862583333333326, 'lte': 52.862583333333326}","{'gte': -36.68975, 'lte': -36.68975}",52.862583333333326,-36.68975,i DECam SDSS c0003 7835.0 1470.0,None,,6000.0,0,2013-11-24,2013-11-24T05:37:44.172048+0000,[7313],Munoz,2013B-0613,2015-05-17,decam,ct4m,ct,,object,NGFS Fornax 4-1,stacked,image1,,2013-11-23,[None]
2020-11-18T18:34:42.432708+0000,c3bfac71ce50413ad01f037cbcf577ff,1149120,/data_local/images/DTS/2013B-0613/DECam_00258038.fits.fz,/net/archive/pipeline/Q20141225/DEC13B/20131123/c4d_131127_051859_osd_i_v1.fits.fz,1.04,"{'gte': 56.62474999999999, 'lte': 56.62474999999999}","{'gte': -36.198611111111106, 'lte': -36.198611111111106}",56.62474999999999,-36.198611111111106,i DECam SDSS c0003 7835.0 1470.0,None,,2400.0,0,2013-11-27,2013-11-27T05:13:00.861389+0000,[7313],Munoz,2013B-0613,2015-05-20,decam,ct4m,ct,,object,NGFS Fornax 6-2,stacked,dqmask,,2013-11-26,[None]
2020-11-18T18:37:45.319985+0000,ef0894c359c9b82ca2c14f1cd88a922a,143372160,/data_local/images/DTS/2013B-0613/DECam_00257784.fits.fz,/net/archive/pipeline/Q20150109/DEC13B/20131123/c4d_131124_050127_osw_r_v1.fits.fz,1.0,"{'gte': 64.48749999999998, 'lte': 64.48749999999998}","{'gte': -33.79908333333333, 'lte': -33.79908333333333}",64.48749999999998,-33.79908333333333,r DECam SDSS c0002 6415.0 1480.0,None,,15.0,0,2013-11-24,2013-11-24T05:00:28.599222+0000,[7313],Munoz,2013B-0613,2015-05-17,decam,ct4m,ct,,object,,stacked,wtmap,,2013-11-23,[None]
2021-06-13T12:37:35.550988+0000,c664dc7398cfec1fa5a7ec0e30e37c4d,1183680,/data_local/images/DTS/2013B-0613/DECam_00258041.fits.fz,/net/archive/pipe/20131126/ct4m/2013B-0613/c4d_131127_053058_osd_i_NGFS.fits.fz,1.07,"{'gte': 52.11579166666667, 'lte': 52.11579166666667}","{'gte': -33.06827777777778, 'lte': -33.06827777777778}",52.11579166666667,-33.06827777777778,i DECam SDSS c0003 7835.0 1470.0,None,,3600.0,0,2013-11-27,2013-11-27T05:25:05.085103+0000,[7313],Munoz,2013B-0613,2015-05-20,decam,ct4m,ct,,object,NGFS Fornax 10-2,stacked,dqmask,,2013-11-26,[None]
2021-06-27T17:39:25.817908+0000,f21a75d155d1a54592f058129ea77656,386317440,/data_local/images/DTS/2013B-0613/DECam_00257804.fits.fz,/net/archive/pipe/20131123/ct4m/2013B-0613/c4d_131124_060316_osj_i_NGFS.fits.fz,1.11,"{'gte': 52.11341666666666, 'lte': 52.11341666666666}","{'gte': -33.068694444444446, 'lte': -33.068694444444446}",52.11341666666666,-33.068694444444446,i DECam SDSS c0003 7835.0 1470.0,None,,310.0,0,2013-11-24,2013-11-24T06:01:54.613800+0000,[7313],Munoz,2013B-0613,2015-05-17,decam,ct4m,ct,,object,NGFS Fornax 10-1 hexa,stacked,image1,,2013-11-23,[None]
2020-11-18T18:37:45.315397+0000,ef711d5cecded93df627809c902b9813,345919680,/data_local/images/DTS/2013B-0613/DECam_00257784.fits.fz,/net/archive/pipeline/Q20150109/DEC13B/20131123/c4d_131124_050127_osj_r_v1.fits.fz,1.0,"{'gte': 64.48749999999998, 'lte': 64.48749999999998}","{'gte': -33.79908333333333, 'lte': -33.79908333333333}",64.48749999999998,-33.79908333333333,r DECam SDSS c0002 6415.0 1480.0,None,,15.0,0,2013-11-24,2013-11-24T05:00:28.599222+0000,[7313],Munoz,2013B-0613,2015-05-17,decam,ct4m,ct,,object,,stacked,image1,,2013-11-23,[None]
2020-11-19T12:34:18.540551+0000,cce30b387424a017cd290c4569014fe2,388267200,/data_local/images/DTS/2013B-0613/DECam_00257835.fits.fz,/net/archive/pipeline/Q20141224/DEC13B/20131123/c4d_131125_013936_osi_g_v1.fits.fz,1.19,"{'gte': 54.95899999999999, 'lte': 54.95899999999999}","{'gte': -37.34763888888889, 'lte': -37.34763888888889}",54.95899999999999,-37.34763888888889,g DECam SDSS c0001 4720.0 1520.0,None,,3000.0,0,2013-11-25,2013-11-25T01:33:45.400704+0000,[7313],Munoz,2013B-0613,2015-05-18,decam,ct4m,ct,,object,NGFS Fornax 5-1,stacked,image,,2013-11-24,[None]
2020-11-18T18:34:41.005568+0000,d10df8200e1c202992cb5bfba6d6ad17,815040,/data_local/images/DTS/2013B-0613/DECam_00257804.fits.fz,/net/archive/pipeline/Q20141225/DEC13B/20131123/c4d_131124_060316_osd_i_v1.fits.fz,1.11,"{'gte': 52.113375, 'lte': 52.113375}","{'gte': -33.06863888888889, 'lte': -33.06863888888889}",52.113375,-33.06863888888889,i DECam SDSS c0003 7835.0 1470.0,None,,270.0,0,2013-11-24,2013-11-24T06:01:54.613800+0000,[7313],Munoz,2013B-0613,2015-05-17,decam,ct4m,ct,,object,NGFS Fornax 10-1 hexa,stacked,dqmask,,2013-11-23,[None]
2021-06-27T17:40:00.370333+0000,da49f18f593f2eb6990a03f77d70d669,22800960,/data_local/images/DTS/2013B-0613/DECam_00258027.fits.fz,/net/archive/pipe/20131126/ct4m/2013B-0613/c4d_131127_044023_ose_i_NGFS.fits.fz,1.01,"{'gte': 56.62333333333333, 'lte': 56.62333333333333}","{'gte': -36.19877777777778, 'lte': -36.19877777777778}",56.62333333333333,-36.19877777777778,i DECam SDSS c0003 7835.0 1470.0,None,,360.0,0,2013-11-27,2013-11-27T04:39:01.549745+0000,[7313],Munoz,2013B-0613,2015-05-20,decam,ct4m,ct,,object,NGFS Fornax 6-1 hexa,stacked,expmap,,2013-11-26,[None]
2020-11-18T18:34:45.669727+0000,cb1a2016059651373a7795c11fde80ce,387483840,/data_local/images/DTS/2013B-0613/DECam_00257807.fits.fz,/net/archive/pipeline/Q20141226/DEC13B/20131123/c4d_131124_061517_osj_i_v1.fits.fz,1.15,"{'gte': 51.10912499999999, 'lte': 51.10912499999999}","{'gte': -37.84677777777778, 'lte': -37.84677777777778}",51.10912499999999,-37.84677777777778,i DECam SDSS c0003 7835.0 1470.0,None,,300.0,0,2013-11-24,2013-11-24T06:13:55.646062+0000,[7313],Munoz,2013B-0613,2015-05-17,decam,ct4m,ct,,object,Fornax 13-1,stacked,image1,,2013-11-23,[None]
2020-11-18T18:34:42.412244+0000,d2b6e3a9d51be6b9f8f5d9030a61022e,388189440,/data_local/images/DTS/2013B-0613/DECam_00258033.fits.fz,/net/archive/pipeline/Q20141225/DEC13B/20131123/c4d_131127_050447_osi_i_v1.fits.fz,1.04,"{'gte': 52.84662499999999, 'lte': 52.84662499999999}","{'gte': -36.693999999999996, 'lte': -36.693999999999996}",52.84662499999999,-36.693999999999996,i DECam SDSS c0003 7835.0 1470.0,None,,2100.0,0,2013-11-27,2013-11-27T04:58:54.751972+0000,[7313],Munoz,2013B-0613,2015-05-20,decam,ct4m,ct,,object,NGFS Fornax 4-2,stacked,image,,2013-11-26,[None]
2021-06-02T12:21:14.795010+0000,cc90567ebfb32ef73b6c808e205eb161,388880640,/data_local/images/DTS/2013B-0613/DECam_00257833.fits.fz,/net/archive/pipe/20131124/ct4m/2013B-0613/c4d_131125_013306_osj_g_NGFS.fits.fz,1.18,"{'gte': 52.479208333333325, 'lte': 52.479208333333325}","{'gte': -34.87836111111111, 'lte': -34.87836111111111}",52.479208333333325,-34.87836111111111,g DECam SDSS c0001 4720.0 1520.0,None,,3000.0,0,2013-11-25,2013-11-25T01:27:15.350082+0000,[7313],Munoz,2013B-0613,2015-05-18,decam,ct4m,ct,,object,NGFS Fornax 3-1,stacked,image1,,2013-11-24,[None]
2020-11-18T18:33:52.374510+0000,dbefadf3b98d58d07e80437d17e96c0e,388532160,/data_local/images/DTS/2013B-0613/DECam_00257831.fits.fz,/net/archive/pipeline/Q20141224/DEC13B/20131123/c4d_131125_012139_osj_g_v1.fits.fz,1.19,"{'gte': 51.113791666666664, 'lte': 51.113791666666664}","{'gte': -37.844861111111115, 'lte': -37.844861111111115}",51.113791666666664,-37.844861111111115,g DECam SDSS c0001 4720.0 1520.0,None,,3300.0,0,2013-11-25,2013-11-25T01:15:47.121222+0000,[7313],Munoz,2013B-0613,2015-05-18,decam,ct4m,ct,,object,NGFS Fornax 13-1,stacked,image1,,2013-11-24,[None]
2020-11-18T19:58:24.978055+0000,ca1d45ff3752258367e617aa95aed177,388658880,/data_local/images/DTS/2013B-0613/DECam_00257795.fits.fz,/net/archive/pipeline/Q20141226/DEC13B/20131123/c4d_131124_052702_osi_i_v1.fits.fz,1.04,"{'gte': 54.54808333333333, 'lte': 54.54808333333333}","{'gte': -35.538805555555555, 'lte': -35.538805555555555}",54.54808333333333,-35.538805555555555,i DECam SDSS c0003 7835.0 1470.0,None,,2700.0,0,2013-11-24,2013-11-24T05:21:09.143792+0000,[7313],Munoz,2013B-0613,2015-05-17,decam,ct4m,ct,,object,NGFS Fornax 1-1,stacked,image,,2013-11-23,[None]
2020-11-18T18:33:52.802890+0000,d9bfa608714e42f25738e340a1464eea,163068480,/data_local/images/DTS/2013B-0613/DECam_00257840.fits.fz,/net/archive/pipeline/Q20141224/DEC13B/20131123/c4d_131125_020237_osw_g_v1.fits.fz,1.11,"{'gte': 52.847541666666665, 'lte': 52.847541666666665}","{'gte': -36.690888888888885, 'lte': -36.690888888888885}",52.847541666666665,-36.690888888888885,g DECam SDSS c0001 4720.0 1520.0,None,,2700.0,0,2013-11-25,2013-11-25T01:56:45.146037+0000,[7313],Munoz,2013B-0613,2015-05-18,decam,ct4m,ct,,object,NGFS Fornax 4-2,stacked,wtmap,,2013-11-24,[None]
2021-06-13T12:37:09.929576+0000,d0be232fb33f552dc8d0223d0b968966,36731520,/data_local/images/DTS/2013B-0613/DECam_00258044.fits.fz,/net/archive/pipe/20131126/ct4m/2013B-0613/c4d_131127_053842_ose_i_NGFS.fits.fz,1.09,"{'gte': 51.114083333333326, 'lte': 51.114083333333326}","{'gte': -37.844833333333334, 'lte': -37.844833333333334}",51.114083333333326,-37.844833333333334,i DECam SDSS c0003 7835.0 1470.0,None,,3900.0,0,2013-11-27,2013-11-27T05:32:50.694204+0000,[7313],Munoz,2013B-0613,2015-05-20,decam,ct4m,ct,,object,NGFS Fornax 13-2,stacked,expmap,,2013-11-26,[None]
2021-06-02T12:21:08.370366+0000,dd043f11ec1bd0345974559b795629cc,1036800,/data_local/images/DTS/2013B-0613/DECam_00257835.fits.fz,/net/archive/pipe/20131124/ct4m/2013B-0613/c4d_131125_013936_osd_g_NGFS.fits.fz,1.19,"{'gte': 54.95904166666666, 'lte': 54.95904166666666}","{'gte': -37.34763888888889, 'lte': -37.34763888888889}",54.95904166666666,-37.34763888888889,g DECam SDSS c0001 4720.0 1520.0,None,,3000.0,0,2013-11-25,2013-11-25T01:33:45.400704+0000,[7313],Munoz,2013B-0613,2015-05-18,decam,ct4m,ct,,object,NGFS Fornax 5-1,stacked,dqmask,,2013-11-24,[None]
2020-11-18T18:33:53.439602+0000,dc53c31b2a350a7dad32dfeca8ad6be5,387195840,/data_local/images/DTS/2013B-0613/DECam_00257836.fits.fz,/net/archive/pipeline/Q20141224/DEC13B/20131123/c4d_131125_014037_osj_g_v1.fits.fz,1.17,"{'gte': 54.54954166666666, 'lte': 54.54954166666666}","{'gte': -35.53491666666667, 'lte': -35.53491666666667}",54.54954166666666,-35.53491666666667,g DECam SDSS c0001 4720.0 1520.0,None,,270.0,0,2013-11-25,2013-11-25T01:39:15.530480+0000,[7313],Munoz,2013B-0613,2015-05-18,decam,ct4m,ct,,object,NGFS Fornax 1-2 hexa,stacked,image1,,2013-11-24,[None]
2020-11-18T19:14:38.496656+0000,d61dfc9ee8295c2365c194177e303acf,976320,/data_local/images/DTS/2013B-0613/DECam_00257844.fits.fz,/net/archive/pipeline/Q20141224/DEC13B/20131123/c4d_131125_021538_osd_g_v1.fits.fz,1.12,"{'gte': 56.62454166666666, 'lte': 56.62454166666666}","{'gte': -36.19597222222222, 'lte': -36.19597222222222}",56.62454166666666,-36.19597222222222,g DECam SDSS c0001 4720.0 1520.0,None,,2700.0,0,2013-11-25,2013-11-25T02:09:46.144540+0000,[7313],Munoz,2013B-0613,2015-05-18,decam,ct4m,ct,,object,NGFS Fornax 6-2,stacked,dqmask,,2013-11-24,[None]
2020-11-18T18:33:50.843596+0000,f47a83b872653095bc5659e0cfea09ff,389223360,/data_local/images/DTS/2013B-0613/DECam_00257796.fits.fz,/net/archive/pipeline/Q20141224/DEC13B/20131123/c4d_131124_053236_osi_i_v1.fits.fz,1.05,"{'gte': 54.165, 'lte': 54.165}","{'gte': -33.727555555555554, 'lte': -33.727555555555554}",54.165,-33.727555555555554,i DECam SDSS c0003 7835.0 1470.0,None,,2700.0,0,2013-11-24,2013-11-24T05:26:44.777334+0000,[7313],Munoz,2013B-0613,2015-05-17,decam,ct4m,ct,,object,NGFS Fornax 2-1,stacked,image,,2013-11-23,[None]
2021-06-27T17:39:20.717163+0000,f3e2ebfd60c72ea190ef978da740144a,21553920,/data_local/images/DTS/2013B-0613/DECam_00258032.fits.fz,/net/archive/pipe/20131126/ct4m/2013B-0613/c4d_131127_045920_ose_i_NGFS.fits.fz,1.04,"{'gte': 52.85787499999999, 'lte': 52.85787499999999}","{'gte': -36.694916666666664, 'lte': -36.694916666666664}",52.85787499999999,-36.694916666666664,i DECam SDSS c0003 7835.0 1470.0,None,,340.0,0,2013-11-27,2013-11-27T04:57:56.833874+0000,[7313],Munoz,2013B-0613,2015-05-20,decam,ct4m,ct,,object,NGFS Fornax 4-2 hexa,stacked,expmap,,2013-11-26,[None]
2021-06-02T10:21:28.335929+0000,cdb0498e2593f0a4ec619c2c2f931c3a,283023360,/data_local/images/DTS/2013B-0613/DECam_00257844.fits.fz,/net/archive/pipe/20131124/ct4m/2013B-0613/c4d_131125_021538_osw_g_NGFS.fits.fz,1.12,"{'gte': 56.62458333333332, 'lte': 56.62458333333332}","{'gte': -36.196, 'lte': -36.196}",56.62458333333332,-36.196,g DECam SDSS c0001 4720.0 1520.0,None,,2700.0,0,2013-11-25,2013-11-25T02:09:46.144540+0000,[7313],Munoz,2013B-0613,2015-05-18,decam,ct4m,ct,,object,NGFS Fornax 6-2,stacked,wtmap,,2013-11-24,[None]
2020-11-18T18:34:42.707032+0000,f47fc4fbe1d21faaea06db29473b289c,162305280,/data_local/images/DTS/2013B-0613/DECam_00258027.fits.fz,/net/archive/pipeline/Q20141225/DEC13B/20131123/c4d_131127_044023_osw_i_v1.fits.fz,1.01,"{'gte': 56.62329166666666, 'lte': 56.62329166666666}","{'gte': -36.19886111111111, 'lte': -36.19886111111111}",56.62329166666666,-36.19886111111111,i DECam SDSS c0003 7835.0 1470.0,None,,270.0,0,2013-11-27,2013-11-27T04:39:01.549745+0000,[7313],Munoz,2013B-0613,2015-05-20,decam,ct4m,ct,,object,NGFS Fornax 6-1 hexa,stacked,wtmap,,2013-11-26,[None]
2020-11-18T18:34:45.418520+0000,ccabfc80468fe7f328388f12be0c9e99,388336320,/data_local/images/DTS/2013B-0613/DECam_00258033.fits.fz,/net/archive/pipeline/Q20141226/DEC13B/20131123/c4d_131127_050447_osj_i_v1.fits.fz,1.04,"{'gte': 52.84662499999999, 'lte': 52.84662499999999}","{'gte': -36.693999999999996, 'lte': -36.693999999999996}",52.84662499999999,-36.693999999999996,i DECam SDSS c0003 7835.0 1470.0,None,,2100.0,0,2013-11-27,2013-11-27T04:58:54.751972+0000,[7313],Munoz,2013B-0613,2015-05-20,decam,ct4m,ct,,object,NGFS Fornax 4-2,stacked,image1,,2013-11-26,[None]
2020-11-19T12:42:50.133015+0000,ce41e7ebbe201d34ab1cf547b7c9c5a2,7358400,/data_local/images/DTS/2013B-0613/DECam_00257789.fits.fz,/net/archive/pipeline/Q20150109/DEC13B/20131123/c4d_131124_051436_ose_r_v1.fits.fz,1.01,"{'gte': 59.999624999999995, 'lte': 59.999624999999995}","{'gte': -29.999916666666667, 'lte': -29.999916666666667}",59.999624999999995,-29.999916666666667,r DECam SDSS c0002 6415.0 1480.0,None,,150.0,0,2013-11-24,2013-11-24T05:13:13.560990+0000,[7313],Munoz,2013B-0613,2015-05-17,decam,ct4m,ct,,object,hexapod,stacked,expmap,,2013-11-23,[None]
2020-11-18T19:14:37.983092+0000,e124f0514b14bcd56835c93dbc96e650,163056960,/data_local/images/DTS/2013B-0613/DECam_00257833.fits.fz,/net/archive/pipeline/Q20141224/DEC13B/20131123/c4d_131125_013306_osw_g_v1.fits.fz,1.18,"{'gte': 52.479124999999996, 'lte': 52.479124999999996}","{'gte': -34.87836111111111, 'lte': -34.87836111111111}",52.479124999999996,-34.87836111111111,g DECam SDSS c0001 4720.0 1520.0,None,,3000.0,0,2013-11-25,2013-11-25T01:27:15.350082+0000,[7313],Munoz,2013B-0613,2015-05-18,decam,ct4m,ct,,object,NGFS Fornax 3-1,stacked,wtmap,,2013-11-24,[None]
2020-11-19T12:35:13.333492+0000,e0d2701c534b9381155823b88e24e8a1,387748800,/data_local/images/DTS/2013B-0613/DECam_00258036.fits.fz,/net/archive/pipeline/Q20141226/DEC13B/20131123/c4d_131127_051223_osj_i_v1.fits.fz,1.04,"{'gte': 54.95804166666666, 'lte': 54.95804166666666}","{'gte': -37.35180555555556, 'lte': -37.35180555555556}",54.95804166666666,-37.35180555555556,i DECam SDSS c0003 7835.0 1470.0,None,,2400.0,0,2013-11-27,2013-11-27T05:06:29.002739+0000,[7313],Munoz,2013B-0613,2015-05-20,decam,ct4m,ct,,object,NGFS Fornax 5-2,stacked,image1,,2013-11-26,[None]
2021-06-03T09:20:51.727020+0000,d9c89b714983a993dc1693511ba35166,282216960,/data_local/images/DTS/2013B-0613/DECam_00257828.fits.fz,/net/archive/pipe/20131124/ct4m/2013B-0613/c4d_131125_010931_osw_g_NGFS.fits.fz,1.23,"{'gte': 52.11549999999999, 'lte': 52.11549999999999}","{'gte': -33.06722222222223, 'lte': -33.06722222222223}",52.11549999999999,-33.06722222222223,g DECam SDSS c0001 4720.0 1520.0,None,,325.0,0,2013-11-25,2013-11-25T01:08:09.941647+0000,[7313],Munoz,2013B-0613,2015-05-18,decam,ct4m,ct,,object,NGFS Fornax 10-1 hexa,stacked,wtmap,,2013-11-24,[None]
2021-06-02T11:21:27.677226+0000,dbec4a17308f2a0b7b030375fa0a89fb,29770560,/data_local/images/DTS/2013B-0613/DECam_00257833.fits.fz,/net/archive/pipe/20131124/ct4m/2013B-0613/c4d_131125_013306_ose_g_NGFS.fits.fz,1.18,"{'gte': 52.479208333333325, 'lte': 52.479208333333325}","{'gte': -34.87836111111111, 'lte': -34.87836111111111}",52.479208333333325,-34.87836111111111,g DECam SDSS c0001 4720.0 1520.0,None,,3000.0,0,2013-11-25,2013-11-25T01:27:15.350082+0000,[7313],Munoz,2013B-0613,2015-05-18,decam,ct4m,ct,,object,NGFS Fornax 3-1,stacked,expmap,,2013-11-24,[None]
2021-06-02T09:05:23.751037+0000,e038a5034ac05257589fe45293050014,388978560,/data_local/images/DTS/2013B-0613/DECam_00257840.fits.fz,/net/archive/pipe/20131124/ct4m/2013B-0613/c4d_131125_020237_osj_g_NGFS.fits.fz,1.11,"{'gte': 52.847583333333326, 'lte': 52.847583333333326}","{'gte': -36.690916666666666, 'lte': -36.690916666666666}",52.847583333333326,-36.690916666666666,g DECam SDSS c0001 4720.0 1520.0,None,,2700.0,0,2013-11-25,2013-11-25T01:56:45.146037+0000,[7313],Munoz,2013B-0613,2015-05-18,decam,ct4m,ct,,object,NGFS Fornax 4-2,stacked,image1,,2013-11-24,[None]
2020-11-18T18:33:56.584073+0000,d0fa3bc2f957e6024e9eed444c5f90a1,388555200,/data_local/images/DTS/2013B-0613/DECam_00258038.fits.fz,/net/archive/pipeline/Q20141224/DEC13B/20131123/c4d_131127_051859_osi_i_v1.fits.fz,1.04,"{'gte': 56.62474999999999, 'lte': 56.62474999999999}","{'gte': -36.198611111111106, 'lte': -36.198611111111106}",56.62474999999999,-36.198611111111106,i DECam SDSS c0003 7835.0 1470.0,None,,2400.0,0,2013-11-27,2013-11-27T05:13:00.861389+0000,[7313],Munoz,2013B-0613,2015-05-20,decam,ct4m,ct,,object,NGFS Fornax 6-2,stacked,image,,2013-11-26,[None]
2020-11-18T18:33:56.453377+0000,db9e876c7b2c7e4e637a8a4e8b8b5c1d,1143360,/data_local/images/DTS/2013B-0613/DECam_00258036.fits.fz,/net/archive/pipeline/Q20141224/DEC13B/20131123/c4d_131127_051223_osd_i_v1.fits.fz,1.04,"{'gte': 54.95804166666666, 'lte': 54.95804166666666}","{'gte': -37.35180555555556, 'lte': -37.35180555555556}",54.95804166666666,-37.35180555555556,i DECam SDSS c0003 7835.0 1470.0,None,,2400.0,0,2013-11-27,2013-11-27T05:06:29.002739+0000,[7313],Munoz,2013B-0613,2015-05-20,decam,ct4m,ct,,object,NGFS Fornax 5-2,stacked,dqmask,,2013-11-26,[None]
2020-11-18T18:34:45.757480+0000,e73dcd3b2364cd2d371aa9ff7b4cd0a5,387590400,/data_local/images/DTS/2013B-0613/DECam_00258028.fits.fz,/net/archive/pipeline/Q20141226/DEC13B/20131123/c4d_131127_044123_osi_i_v1.fits.fz,1.02,"{'gte': 54.548791666666666, 'lte': 54.548791666666666}","{'gte': -35.53786111111111, 'lte': -35.53786111111111}",54.548791666666666,-35.53786111111111,i DECam SDSS c0003 7835.0 1470.0,None,,270.0,0,2013-11-27,2013-11-27T04:40:00.562384+0000,[7313],Munoz,2013B-0613,2015-05-20,decam,ct4m,ct,,object,NGFS Fornax 1-2 hexa,stacked,image,,2013-11-26,[None]
2020-11-19T12:34:18.623050+0000,db43e4fde082580dfec062ddf9c6dce7,162829440,/data_local/images/DTS/2013B-0613/DECam_00257835.fits.fz,/net/archive/pipeline/Q20141224/DEC13B/20131123/c4d_131125_013936_osw_g_v1.fits.fz,1.19,"{'gte': 54.95899999999999, 'lte': 54.95899999999999}","{'gte': -37.34763888888889, 'lte': -37.34763888888889}",54.95899999999999,-37.34763888888889,g DECam SDSS c0001 4720.0 1520.0,None,,3000.0,0,2013-11-25,2013-11-25T01:33:45.400704+0000,[7313],Munoz,2013B-0613,2015-05-18,decam,ct4m,ct,,object,NGFS Fornax 5-1,stacked,wtmap,,2013-11-24,[None]
2021-06-13T12:35:50.446759+0000,eaeb258ef075e3dd6280b531b3428d46,45020160,/data_local/images/DTS/2013B-0613/DECam_00258030.fits.fz,/net/archive/pipe/20131126/ct4m/2013B-0613/c4d_131127_045246_ose_i_NGFS.fits.fz,1.02,"{'gte': 54.15708333333333, 'lte': 54.15708333333333}","{'gte': -33.70236111111112, 'lte': -33.70236111111112}",54.15708333333333,-33.70236111111112,i DECam SDSS c0003 7835.0 1470.0,None,,4800.0,0,2013-11-27,2013-11-27T04:46:53.101647+0000,[7313],Munoz,2013B-0613,2015-05-20,decam,ct4m,ct,,object,NGFS Fornax 2-2,stacked,expmap,,2013-11-26,[None]
2021-06-13T12:36:00.321529+0000,f867560ff6e9d50170caec553cfc89d8,32889600,/data_local/images/DTS/2013B-0613/DECam_00258031.fits.fz,/net/archive/pipe/20131126/ct4m/2013B-0613/c4d_131127_045815_ose_i_NGFS.fits.fz,1.03,"{'gte': 52.487583333333326, 'lte': 52.487583333333326}","{'gte': -34.880916666666664, 'lte': -34.880916666666664}",52.487583333333326,-34.880916666666664,i DECam SDSS c0003 7835.0 1470.0,None,,3300.0,0,2013-11-27,2013-11-27T04:52:23.982119+0000,[7313],Munoz,2013B-0613,2015-05-20,decam,ct4m,ct,,object,NGFS Fornax 3-2,stacked,expmap,,2013-11-26,[None]
2021-06-02T11:20:38.184653+0000,bfa0c996b255fb2b0a21fd629edd760e,389139840,/data_local/images/DTS/2013B-0613/DECam_00257832.fits.fz,/net/archive/pipe/20131124/ct4m/2013B-0613/c4d_131125_012738_osi_g_NGFS.fits.fz,1.21,"{'gte': 54.165749999999996, 'lte': 54.165749999999996}","{'gte': -33.72541666666667, 'lte': -33.72541666666667}",54.165749999999996,-33.72541666666667,g DECam SDSS c0001 4720.0 1520.0,None,,3000.0,0,2013-11-25,2013-11-25T01:21:46.313054+0000,[7313],Munoz,2013B-0613,2015-05-18,decam,ct4m,ct,,object,NGFS Fornax 2-1,stacked,image,,2013-11-24,[None]
2020-11-18T18:34:42.581825+0000,eeb5752fa37ec6d149a3bc5020b2a844,162244800,/data_local/images/DTS/2013B-0613/DECam_00258032.fits.fz,/net/archive/pipeline/Q20141225/DEC13B/20131123/c4d_131127_045920_osw_i_v1.fits.fz,1.04,"{'gte': 52.84508333333332, 'lte': 52.84508333333332}","{'gte': -36.69488888888888, 'lte': -36.69488888888888}",52.84508333333332,-36.69488888888888,i DECam SDSS c0003 7835.0 1470.0,None,,270.0,0,2013-11-27,2013-11-27T04:57:56.833874+0000,[7313],Munoz,2013B-0613,2015-05-20,decam,ct4m,ct,,object,NGFS Fornax 4-2 hexa,stacked,wtmap,,2013-11-26,[None]
2021-06-27T17:39:42.311146+0000,c2a2ec4000b67ecbfbf178ed61ec2f6d,823680,/data_local/images/DTS/2013B-0613/DECam_00258035.fits.fz,/net/archive/pipe/20131126/ct4m/2013B-0613/c4d_131127_050651_osd_i_NGFS.fits.fz,1.04,"{'gte': 54.955208333333324, 'lte': 54.955208333333324}","{'gte': -37.34841666666667, 'lte': -37.34841666666667}",54.955208333333324,-37.34841666666667,i DECam SDSS c0003 7835.0 1470.0,None,,380.0,0,2013-11-27,2013-11-27T05:05:29.501039+0000,[7313],Munoz,2013B-0613,2015-05-20,decam,ct4m,ct,,object,NGFS Fornax 5-2 hexa,stacked,dqmask,,2013-11-26,[None]
2021-06-02T13:37:16.796052+0000,d6cd229a22ae6f67bd3ec9a7a6ecb3e8,29629440,/data_local/images/DTS/2013B-0613/DECam_00257827.fits.fz,/net/archive/pipe/20131124/ct4m/2013B-0613/c4d_131125_010807_ose_g_NGFS.fits.fz,1.31,"{'gte': 56.23095833333333, 'lte': 56.23095833333333}","{'gte': -34.38388888888889, 'lte': -34.38388888888889}",56.23095833333333,-34.38388888888889,g DECam SDSS c0001 4720.0 1520.0,None,,3000.0,0,2013-11-25,2013-11-25T01:02:15.285391+0000,[7313],Munoz,2013B-0613,2015-05-18,decam,ct4m,ct,,object,NGFS Fornax 7-1,stacked,expmap,,2013-11-24,[None]
2021-06-27T17:39:39.225442+0000,d3913b42f4c0cb59f90cc2f444da4920,283484160,/data_local/images/DTS/2013B-0613/DECam_00257807.fits.fz,/net/archive/pipe/20131123/ct4m/2013B-0613/c4d_131124_061517_osw_i_NGFS.fits.fz,1.15,"{'gte': 51.10987499999999, 'lte': 51.10987499999999}","{'gte': -37.846833333333336, 'lte': -37.846833333333336}",51.10987499999999,-37.846833333333336,i DECam SDSS c0003 7835.0 1470.0,None,,340.0,0,2013-11-24,2013-11-24T06:13:55.646062+0000,[7313],Munoz,2013B-0613,2015-05-17,decam,ct4m,ct,,object,Fornax 13-1,stacked,wtmap,,2013-11-23,[None]
2021-06-03T09:21:14.498860+0000,ed835c370c87eb0f7cd058dbb9477977,386884800,/data_local/images/DTS/2013B-0613/DECam_00257830.fits.fz,/net/archive/pipe/20131124/ct4m/2013B-0613/c4d_131125_011602_osi_g_NGFS.fits.fz,1.19,"{'gte': 51.11420833333332, 'lte': 51.11420833333332}","{'gte': -37.84427777777778, 'lte': -37.84427777777778}",51.11420833333332,-37.84427777777778,g DECam SDSS c0001 4720.0 1520.0,None,,355.0,0,2013-11-25,2013-11-25T01:14:42.626678+0000,[7313],Munoz,2013B-0613,2015-05-18,decam,ct4m,ct,,object,NGFS Fornax 13-1 hexa,stacked,image,,2013-11-24,[None]
2021-06-13T12:35:40.663586+0000,ce19d6eee4ddee5a4967d82fb3f1ca2a,389609280,/data_local/images/DTS/2013B-0613/DECam_00257795.fits.fz,/net/archive/pipe/20131123/ct4m/2013B-0613/c4d_131124_052702_osi_i_NGFS.fits.fz,1.04,"{'gte': 54.548624999999994, 'lte': 54.548624999999994}","{'gte': -35.538777777777774, 'lte': -35.538777777777774}",54.548624999999994,-35.538777777777774,i DECam SDSS c0003 7835.0 1470.0,None,,3600.0,0,2013-11-24,2013-11-24T05:21:09.143792+0000,[7313],Munoz,2013B-0613,2015-05-17,decam,ct4m,ct,,object,NGFS Fornax 1-1,stacked,image,,2013-11-23,[None]
2021-06-13T12:37:10.513512+0000,cc43fa3200a4178f998630b308d84e11,391749120,/data_local/images/DTS/2013B-0613/DECam_00258044.fits.fz,/net/archive/pipe/20131126/ct4m/2013B-0613/c4d_131127_053842_osj_i_NGFS.fits.fz,1.09,"{'gte': 51.114083333333326, 'lte': 51.114083333333326}","{'gte': -37.844833333333334, 'lte': -37.844833333333334}",51.114083333333326,-37.844833333333334,i DECam SDSS c0003 7835.0 1470.0,None,,3900.0,0,2013-11-27,2013-11-27T05:32:50.694204+0000,[7313],Munoz,2013B-0613,2015-05-20,decam,ct4m,ct,,object,NGFS Fornax 13-2,stacked,image1,,2013-11-26,[None]
2020-11-18T18:33:52.166763+0000,e5ee55a905388f8bfb3358d538165a78,161951040,/data_local/images/DTS/2013B-0613/DECam_00257830.fits.fz,/net/archive/pipeline/Q20141224/DEC13B/20131123/c4d_131125_011602_osw_g_v1.fits.fz,1.19,"{'gte': 51.11416666666666, 'lte': 51.11416666666666}","{'gte': -37.84422222222222, 'lte': -37.84422222222222}",51.11416666666666,-37.84422222222222,g DECam SDSS c0001 4720.0 1520.0,None,,330.0,0,2013-11-25,2013-11-25T01:14:42.626678+0000,[7313],Munoz,2013B-0613,2015-05-18,decam,ct4m,ct,,object,NGFS Fornax 13-1 hexa,stacked,wtmap,,2013-11-24,[None]
2021-06-27T17:39:38.433767+0000,c431d1f4f0ca1bbf082b3ddf812f4f4c,387504000,/data_local/images/DTS/2013B-0613/DECam_00257807.fits.fz,/net/archive/pipe/20131123/ct4m/2013B-0613/c4d_131124_061517_osi_i_NGFS.fits.fz,1.15,"{'gte': 51.10987499999999, 'lte': 51.10987499999999}","{'gte': -37.846833333333336, 'lte': -37.846833333333336}",51.10987499999999,-37.846833333333336,i DECam SDSS c0003 7835.0 1470.0,None,,340.0,0,2013-11-24,2013-11-24T06:13:55.646062+0000,[7313],Munoz,2013B-0613,2015-05-17,decam,ct4m,ct,,object,Fornax 13-1,stacked,image,,2013-11-23,[None]
2021-06-02T09:05:09.391143+0000,ed781de255b67c962bc5c7f4854e441d,388745280,/data_local/images/DTS/2013B-0613/DECam_00257827.fits.fz,/net/archive/pipe/20131124/ct4m/2013B-0613/c4d_131125_010807_osi_g_NGFS.fits.fz,1.31,"{'gte': 56.23095833333333, 'lte': 56.23095833333333}","{'gte': -34.38388888888889, 'lte': -34.38388888888889}",56.23095833333333,-34.38388888888889,g DECam SDSS c0001 4720.0 1520.0,None,,3000.0,0,2013-11-25,2013-11-25T01:02:15.285391+0000,[7313],Munoz,2013B-0613,2015-05-18,decam,ct4m,ct,,object,NGFS Fornax 7-1,stacked,image,,2013-11-24,[None]
2020-11-19T12:34:16.093797+0000,eb266ae00b80b497bd746e8b379575c5,14025600,/data_local/images/DTS/2013B-0613/DECam_00257834.fits.fz,/net/archive/pipeline/Q20141224/DEC13B/20131123/c4d_131125_013406_ose_g_v1.fits.fz,1.19,"{'gte': 54.959083333333325, 'lte': 54.959083333333325}","{'gte': -37.34777777777778, 'lte': -37.34777777777778}",54.959083333333325,-37.34777777777778,g DECam SDSS c0001 4720.0 1520.0,None,,300.0,0,2013-11-25,2013-11-25T01:32:45.951676+0000,[7313],Munoz,2013B-0613,2015-05-18,decam,ct4m,ct,,object,NGFS Fornax 5-1 hexa,stacked,expmap,,2013-11-24,[None]
2020-11-18T22:13:52.996290+0000,ee3d9968005cab00c3492e8973d8f0e2,387334080,/data_local/images/DTS/2013B-0613/DECam_00257830.fits.fz,/net/archive/pipeline/Q20141224/DEC13B/20131123/c4d_131125_011602_osi_g_v1.fits.fz,1.19,"{'gte': 51.11416666666666, 'lte': 51.11416666666666}","{'gte': -37.84422222222222, 'lte': -37.84422222222222}",51.11416666666666,-37.84422222222222,g DECam SDSS c0001 4720.0 1520.0,None,,330.0,0,2013-11-25,2013-11-25T01:14:42.626678+0000,[7313],Munoz,2013B-0613,2015-05-18,decam,ct4m,ct,,object,NGFS Fornax 13-1 hexa,stacked,image,,2013-11-24,[None]
2020-11-18T18:34:40.989876+0000,cd3ff92bace73f96e04f4a2eb355ffb3,1071360,/data_local/images/DTS/2013B-0613/DECam_00257803.fits.fz,/net/archive/pipeline/Q20141225/DEC13B/20131123/c4d_131124_060203_osd_i_v1.fits.fz,1.08,"{'gte': 56.22879166666666, 'lte': 56.22879166666666}","{'gte': -34.385777777777776, 'lte': -34.385777777777776}",56.22879166666666,-34.385777777777776,i DECam SDSS c0003 7835.0 1470.0,None,,2400.0,0,2013-11-24,2013-11-24T05:56:10.845313+0000,[7313],Munoz,2013B-0613,2015-05-17,decam,ct4m,ct,,object,NGFS Fornax 7-1,stacked,dqmask,,2013-11-23,[None]
2020-11-18T18:33:53.478920+0000,f19628b3d4bb694d7aaacd386cb251a8,163160640,/data_local/images/DTS/2013B-0613/DECam_00257844.fits.fz,/net/archive/pipeline/Q20141224/DEC13B/20131123/c4d_131125_021538_osw_g_v1.fits.fz,1.12,"{'gte': 56.62454166666666, 'lte': 56.62454166666666}","{'gte': -36.19597222222222, 'lte': -36.19597222222222}",56.62454166666666,-36.19597222222222,g DECam SDSS c0001 4720.0 1520.0,None,,2700.0,0,2013-11-25,2013-11-25T02:09:46.144540+0000,[7313],Munoz,2013B-0613,2015-05-18,decam,ct4m,ct,,object,NGFS Fornax 6-2,stacked,wtmap,,2013-11-24,[None]
2020-11-19T12:34:18.386757+0000,e846f292145df941e44a23c83de50cb5,388647360,/data_local/images/DTS/2013B-0613/DECam_00257837.fits.fz,/net/archive/pipeline/Q20141224/DEC13B/20131123/c4d_131125_014608_osi_g_v1.fits.fz,1.16,"{'gte': 54.54962499999999, 'lte': 54.54962499999999}","{'gte': -35.535805555555555, 'lte': -35.535805555555555}",54.54962499999999,-35.535805555555555,g DECam SDSS c0001 4720.0 1520.0,None,,2700.0,0,2013-11-25,2013-11-25T01:40:15.817467+0000,[7313],Munoz,2013B-0613,2015-05-18,decam,ct4m,ct,,object,NGFS Fornax 1-2,stacked,image,,2013-11-24,[None]
2020-11-18T18:34:41.959035+0000,cf29fa120ed4fcd49ffb408798558561,820800,/data_local/images/DTS/2013B-0613/DECam_00258028.fits.fz,/net/archive/pipeline/Q20141225/DEC13B/20131123/c4d_131127_044123_osd_i_v1.fits.fz,1.02,"{'gte': 54.548791666666666, 'lte': 54.548791666666666}","{'gte': -35.53786111111111, 'lte': -35.53786111111111}",54.548791666666666,-35.53786111111111,i DECam SDSS c0003 7835.0 1470.0,None,,270.0,0,2013-11-27,2013-11-27T04:40:00.562384+0000,[7313],Munoz,2013B-0613,2015-05-20,decam,ct4m,ct,,object,NGFS Fornax 1-2 hexa,stacked,dqmask,,2013-11-26,[None]
2020-11-19T00:37:09.204816+0000,ec4a4502a047e9cd66b2c9352d2560cf,388656000,/data_local/images/DTS/2013B-0613/DECam_00257844.fits.fz,/net/archive/pipeline/Q20141224/DEC13B/20131123/c4d_131125_021538_osi_g_v1.fits.fz,1.12,"{'gte': 56.62454166666666, 'lte': 56.62454166666666}","{'gte': -36.19597222222222, 'lte': -36.19597222222222}",56.62454166666666,-36.19597222222222,g DECam SDSS c0001 4720.0 1520.0,None,,2700.0,0,2013-11-25,2013-11-25T02:09:46.144540+0000,[7313],Munoz,2013B-0613,2015-05-18,decam,ct4m,ct,,object,NGFS Fornax 6-2,stacked,image,,2013-11-24,[None]
2020-11-18T18:33:52.379206+0000,f0a8195b7d295e661e7198126be76bf5,163111680,/data_local/images/DTS/2013B-0613/DECam_00257831.fits.fz,/net/archive/pipeline/Q20141224/DEC13B/20131123/c4d_131125_012139_osw_g_v1.fits.fz,1.19,"{'gte': 51.113791666666664, 'lte': 51.113791666666664}","{'gte': -37.844861111111115, 'lte': -37.844861111111115}",51.113791666666664,-37.844861111111115,g DECam SDSS c0001 4720.0 1520.0,None,,3300.0,0,2013-11-25,2013-11-25T01:15:47.121222+0000,[7313],Munoz,2013B-0613,2015-05-18,decam,ct4m,ct,,object,NGFS Fornax 13-1,stacked,wtmap,,2013-11-24,[None]
2021-06-03T09:20:54.175577+0000,d390ad19a1c9ac28dffe8958b3058795,282199680,/data_local/images/DTS/2013B-0613/DECam_00257825.fits.fz,/net/archive/pipe/20131124/ct4m/2013B-0613/c4d_131125_005706_osw_g_NGFS.fits.fz,1.33,"{'gte': 56.625541666666656, 'lte': 56.625541666666656}","{'gte': -36.19597222222222, 'lte': -36.19597222222222}",56.625541666666656,-36.19597222222222,g DECam SDSS c0001 4720.0 1520.0,None,,355.0,0,2013-11-25,2013-11-25T00:55:44.698861+0000,[7313],Munoz,2013B-0613,2015-05-18,decam,ct4m,ct,,object,NGFS Fornax 6-1 hexa,stacked,wtmap,,2013-11-24,[None]
2021-06-27T17:39:59.896548+0000,f2457ba976306092448fdf876f135d20,826560,/data_local/images/DTS/2013B-0613/DECam_00258027.fits.fz,/net/archive/pipe/20131126/ct4m/2013B-0613/c4d_131127_044023_osd_i_NGFS.fits.fz,1.01,"{'gte': 56.62333333333333, 'lte': 56.62333333333333}","{'gte': -36.19877777777778, 'lte': -36.19877777777778}",56.62333333333333,-36.19877777777778,i DECam SDSS c0003 7835.0 1470.0,None,,360.0,0,2013-11-27,2013-11-27T04:39:01.549745+0000,[7313],Munoz,2013B-0613,2015-05-20,decam,ct4m,ct,,object,NGFS Fornax 6-1 hexa,stacked,dqmask,,2013-11-26,[None]
2020-11-18T18:34:40.599469+0000,f542789b1b3d3f1c52eea08f2e5beb96,166210560,/data_local/images/DTS/2013B-0613/DECam_00257795.fits.fz,/net/archive/pipeline/Q20141225/DEC13B/20131123/c4d_131124_052702_osw_i_v1.fits.fz,1.04,"{'gte': 54.54808333333333, 'lte': 54.54808333333333}","{'gte': -35.538805555555555, 'lte': -35.538805555555555}",54.54808333333333,-35.538805555555555,i DECam SDSS c0003 7835.0 1470.0,None,,2700.0,0,2013-11-24,2013-11-24T05:21:09.143792+0000,[7313],Munoz,2013B-0613,2015-05-17,decam,ct4m,ct,,object,NGFS Fornax 1-1,stacked,wtmap,,2013-11-23,[None]
2020-11-18T18:33:52.156873+0000,f44742643c41df9f83fccd9cff3c9c5f,387066240,/data_local/images/DTS/2013B-0613/DECam_00257830.fits.fz,/net/archive/pipeline/Q20141224/DEC13B/20131123/c4d_131125_011602_osj_g_v1.fits.fz,1.19,"{'gte': 51.11416666666666, 'lte': 51.11416666666666}","{'gte': -37.84422222222222, 'lte': -37.84422222222222}",51.11416666666666,-37.84422222222222,g DECam SDSS c0001 4720.0 1520.0,None,,330.0,0,2013-11-25,2013-11-25T01:14:42.626678+0000,[7313],Munoz,2013B-0613,2015-05-18,decam,ct4m,ct,,object,NGFS Fornax 13-1 hexa,stacked,image1,,2013-11-24,[None]
2021-06-02T08:21:39.326764+0000,f1510c384c54051c36c83f45bb452f4b,388258560,/data_local/images/DTS/2013B-0613/DECam_00257831.fits.fz,/net/archive/pipe/20131124/ct4m/2013B-0613/c4d_131125_012139_osi_g_NGFS.fits.fz,1.19,"{'gte': 51.113833333333325, 'lte': 51.113833333333325}","{'gte': -37.84491666666667, 'lte': -37.84491666666667}",51.113833333333325,-37.84491666666667,g DECam SDSS c0001 4720.0 1520.0,None,,3300.0,0,2013-11-25,2013-11-25T01:15:47.121222+0000,[7313],Munoz,2013B-0613,2015-05-18,decam,ct4m,ct,,object,NGFS Fornax 13-1,stacked,image,,2013-11-24,[None]
2020-11-18T18:34:45.745290+0000,fa473df2939ba7ee25a339b2c21ee92e,387043200,/data_local/images/DTS/2013B-0613/DECam_00258027.fits.fz,/net/archive/pipeline/Q20141226/DEC13B/20131123/c4d_131127_044023_osj_i_v1.fits.fz,1.01,"{'gte': 56.62329166666666, 'lte': 56.62329166666666}","{'gte': -36.19886111111111, 'lte': -36.19886111111111}",56.62329166666666,-36.19886111111111,i DECam SDSS c0003 7835.0 1470.0,None,,270.0,0,2013-11-27,2013-11-27T04:39:01.549745+0000,[7313],Munoz,2013B-0613,2015-05-20,decam,ct4m,ct,,object,NGFS Fornax 6-1 hexa,stacked,image1,,2013-11-26,[None]
2021-06-27T17:39:26.043472+0000,f74e82ab70872800fe84ae36b8e353c9,282709440,/data_local/images/DTS/2013B-0613/DECam_00257804.fits.fz,/net/archive/pipe/20131123/ct4m/2013B-0613/c4d_131124_060316_osw_i_NGFS.fits.fz,1.11,"{'gte': 52.11341666666666, 'lte': 52.11341666666666}","{'gte': -33.068694444444446, 'lte': -33.068694444444446}",52.11341666666666,-33.068694444444446,i DECam SDSS c0003 7835.0 1470.0,None,,310.0,0,2013-11-24,2013-11-24T06:01:54.613800+0000,[7313],Munoz,2013B-0613,2015-05-17,decam,ct4m,ct,,object,NGFS Fornax 10-1 hexa,stacked,wtmap,,2013-11-23,[None]
2021-06-02T11:22:00.613856+0000,fa5abfecc12ee03be64ebf535c1f5012,388454400,/data_local/images/DTS/2013B-0613/DECam_00257837.fits.fz,/net/archive/pipe/20131124/ct4m/2013B-0613/c4d_131125_014608_osi_g_NGFS.fits.fz,1.16,"{'gte': 54.54970833333333, 'lte': 54.54970833333333}","{'gte': -35.53586111111111, 'lte': -35.53586111111111}",54.54970833333333,-35.53586111111111,g DECam SDSS c0001 4720.0 1520.0,None,,2700.0,0,2013-11-25,2013-11-25T01:40:15.817467+0000,[7313],Munoz,2013B-0613,2015-05-18,decam,ct4m,ct,,object,NGFS Fornax 1-2,stacked,image,,2013-11-24,[None]
2020-11-18T18:33:52.525365+0000,f95a1875af957564ca88bcbdb102442c,1010880,/data_local/images/DTS/2013B-0613/DECam_00257837.fits.fz,/net/archive/pipeline/Q20141224/DEC13B/20131123/c4d_131125_014608_osd_g_v1.fits.fz,1.16,"{'gte': 54.54962499999999, 'lte': 54.54962499999999}","{'gte': -35.535805555555555, 'lte': -35.535805555555555}",54.54962499999999,-35.535805555555555,g DECam SDSS c0001 4720.0 1520.0,None,,2700.0,0,2013-11-25,2013-11-25T01:40:15.817467+0000,[7313],Munoz,2013B-0613,2015-05-18,decam,ct4m,ct,,object,NGFS Fornax 1-2,stacked,dqmask,,2013-11-24,[None]
2021-06-02T07:06:09.694424+0000,fb961115f242aa2aaae1d05241e93a78,389217600,/data_local/images/DTS/2013B-0613/DECam_00257829.fits.fz,/net/archive/pipe/20131124/ct4m/2013B-0613/c4d_131125_011501_osj_g_NGFS.fits.fz,1.23,"{'gte': 52.11841666666667, 'lte': 52.11841666666667}","{'gte': -33.066944444444445, 'lte': -33.066944444444445}",52.11841666666667,-33.066944444444445,g DECam SDSS c0001 4720.0 1520.0,None,,3000.0,0,2013-11-25,2013-11-25T01:09:09.146692+0000,[7313],Munoz,2013B-0613,2015-05-18,decam,ct4m,ct,,object,NGFS Fornax 10-1,stacked,image1,,2013-11-24,[None]
2020-11-18T18:34:41.050159+0000,ffb65a6168d8a71a7956305a357cb004,163175040,/data_local/images/DTS/2013B-0613/DECam_00257807.fits.fz,/net/archive/pipeline/Q20141225/DEC13B/20131123/c4d_131124_061517_osw_i_v1.fits.fz,1.15,"{'gte': 51.10912499999999, 'lte': 51.10912499999999}","{'gte': -37.84677777777778, 'lte': -37.84677777777778}",51.10912499999999,-37.84677777777778,i DECam SDSS c0003 7835.0 1470.0,None,,300.0,0,2013-11-24,2013-11-24T06:13:55.646062+0000,[7313],Munoz,2013B-0613,2015-05-17,decam,ct4m,ct,,object,Fornax 13-1,stacked,wtmap,,2013-11-23,[None]
2021-06-03T09:06:16.282543+0000,fe9b9d5a7811550a50fe54fe99c50fc7,26478720,/data_local/images/DTS/2013B-0613/DECam_00257836.fits.fz,/net/archive/pipe/20131124/ct4m/2013B-0613/c4d_131125_014037_ose_g_NGFS.fits.fz,1.17,"{'gte': 54.54962499999999, 'lte': 54.54962499999999}","{'gte': -35.53491666666667, 'lte': -35.53491666666667}",54.54962499999999,-35.53491666666667,g DECam SDSS c0001 4720.0 1520.0,None,,450.0,0,2013-11-25,2013-11-25T01:39:15.530480+0000,[7313],Munoz,2013B-0613,2015-05-18,decam,ct4m,ct,,object,NGFS Fornax 1-2 hexa,stacked,expmap,,2013-11-24,[None]
2021-06-02T13:22:59.786954+0000,fe735e5d93350df581a7f54026a40ecc,30548160,/data_local/images/DTS/2013B-0613/DECam_00257829.fits.fz,/net/archive/pipe/20131124/ct4m/2013B-0613/c4d_131125_011501_ose_g_NGFS.fits.fz,1.23,"{'gte': 52.11841666666667, 'lte': 52.11841666666667}","{'gte': -33.066944444444445, 'lte': -33.066944444444445}",52.11841666666667,-33.066944444444445,g DECam SDSS c0001 4720.0 1520.0,None,,3000.0,0,2013-11-25,2013-11-25T01:09:09.146692+0000,[7313],Munoz,2013B-0613,2015-05-18,decam,ct4m,ct,,object,NGFS Fornax 10-1,stacked,expmap,,2013-11-24,[None]
