updated,md5sum,filesize,original_filename,archive_filename,airmass,ra_range,dec_range,ra,dec,ifilter,seeing,depth,exposure,expnum,obs_night,date_obs,pi_ids,pi,prop_id,release_date,instrument,telescope,site,obs_mode,obs_type,object,proc_type,prod_type,survey,caldat,collections
2020-11-19T11:02:30.920892+0000,2d445afec2fc43f1613951ce9bda5197,238656960,/data_local/images/DTS/2019B-0910/DECam_00925489.fits.fz,/net/archive/pipe/20200120/ct4m/2019B-0910/c4d_200121_034458_osw_r_v1.fits.fz,1.38,"{'gte': 54.27445833333332, 'lte': 54.27445833333332}","{'gte': -29.088666666666665, 'lte': -29.088666666666665}",54.27445833333332,-29.088666666666665,r DECam SDSS c0002 6415.0 1480.0,None,,140.0,0,2020-01-21,2020-01-21T03:44:58.539314+0000,[4674],Shen,2019B-0910,2021-07-13,decam,ct4m,ct,,object,SN-C2,stacked,wtmap,,2020-01-20,[None]
2020-11-19T11:02:37.570743+0000,2d4e83cff4421be51fd6484f469d83a0,1313280,/data_local/images/DTS/2019B-0910/DECam_00898474.fits.fz,/net/archive/pipe/20190926/ct4m/2019B-0910/c4d_190927_063747_osd_i_v1.fits.fz,1.05,"{'gte': 54.27279166666666, 'lte': 54.27279166666666}","{'gte': -27.111972222222224, 'lte': -27.111972222222224}",54.27279166666666,-27.111972222222224,i DECam SDSS c0003 7835.0 1470.0,None,,180.0,0,2019-09-27,2019-09-27T06:37:47.426748+0000,[4674],Shen,2019B-0910,2021-03-19,decam,ct4m,ct,,object,SN-C1,stacked,dqmask,,2019-09-26,[None]
2020-11-18T18:29:54.327593+0000,3cfec38303be6cf494440bfa7ebb29c8,2007360,/data_local/images/DTS/2019B-0910/DECam_00900787.fits.fz,/net/archive/pipe/20191004/ct4m/2019B-0910/c4d_191005_053200_osd_g_v1.fits.fz,1.09,"{'gte': 52.653, 'lte': 52.653}","{'gte': -28.101944444444445, 'lte': -28.101944444444445}",52.653,-28.101944444444445,g DECam SDSS c0001 4720.0 1520.0,None,,40.0,0,2019-10-05,2019-10-05T05:32:00.690685+0000,[4674],Shen,2019B-0910,2021-03-27,decam,ct4m,ct,,object,SN-C3,stacked,dqmask,,2019-10-04,[None]
2020-11-19T10:46:23.815612+0000,286709558f464918ae8f083d0a31c858,4608000,/data_local/images/DTS/2019B-0910/DECam_00912535.fits.fz,/net/archive/pipe/20191130/ct4m/2019B-0910/c4d_191201_014153_ose_r_v1.fits.fz,1.12,"{'gte': 54.27375, 'lte': 54.27375}","{'gte': -29.08797222222222, 'lte': -29.08797222222222}",54.27375,-29.08797222222222,r DECam SDSS c0002 6415.0 1480.0,None,,140.0,0,2019-12-01,2019-12-01T01:41:53.061388+0000,[4674],Shen,2019B-0910,2021-05-23,decam,ct4m,ct,,object,SN-C2,stacked,expmap,,2019-11-30,[None]
2020-11-18T18:52:39.509346+0000,3bb9f96d3b9e9a16a5cf654829655f8f,238285440,/data_local/images/DTS/2019B-0910/DECam_00906041.fits.fz,/net/archive/pipe/20191104/ct4m/2019B-0910/c4d_191105_022344_osw_g_v1.fits.fz,1.3,"{'gte': 54.273624999999996, 'lte': 54.273624999999996}","{'gte': -27.111555555555558, 'lte': -27.111555555555558}",54.273624999999996,-27.111555555555558,g DECam SDSS c0001 4720.0 1520.0,None,,160.0,0,2019-11-05,2019-11-05T02:23:44.839894+0000,[4674],Shen,2019B-0910,2021-04-27,decam,ct4m,ct,,object,SN-C1,stacked,wtmap,,2019-11-04,[None]
2020-11-18T20:54:51.649697+0000,16bda1e1bd489cf35d3967ed987eb41f,238642560,/data_local/images/DTS/2019B-0910/DECam_00906065.fits.fz,/net/archive/pipe/20191104/ct4m/2019B-0910/c4d_191105_031211_osw_g_v1.fits.fz,1.13,"{'gte': 52.650499999999994, 'lte': 52.650499999999994}","{'gte': -28.100083333333334, 'lte': -28.100083333333334}",52.650499999999994,-28.100083333333334,g DECam SDSS c0001 4720.0 1520.0,None,,160.0,0,2019-11-05,2019-11-05T03:12:11.785665+0000,[4674],Shen,2019B-0910,2021-04-27,decam,ct4m,ct,,object,SN-C3,stacked,wtmap,,2019-11-04,[None]
2020-11-19T10:41:16.682507+0000,27d5ab872c465cf984cf38d9e43092d7,334514880,/data_local/images/DTS/2019B-0910/DECam_00923743.fits.fz,/net/archive/pipe/20191230/ct4m/2019B-0910/c4d_191231_032330_osj_r_v1.fits.fz,1.08,"{'gte': 54.27358333333333, 'lte': 54.27358333333333}","{'gte': -27.112083333333334, 'lte': -27.112083333333334}",54.27358333333333,-27.112083333333334,r DECam SDSS c0002 6415.0 1480.0,None,,140.0,0,2019-12-31,2019-12-31T03:23:30.749873+0000,[4674],Shen,2019B-0910,2021-06-22,decam,ct4m,ct,,object,SN-C1,stacked,image1,,2019-12-30,[None]
2020-11-19T05:49:05.996822+0000,4b120ac15ceb94ddba12a54235a9cea2,1157760,/data_local/images/DTS/2019B-0910/DECam_00915322.fits.fz,/net/archive/pipe/20191207/ct4m/2019B-0910/c4d_191208_014712_osd_i_v1.fits.fz,1.06,"{'gte': 54.273624999999996, 'lte': 54.273624999999996}","{'gte': -29.089027777777776, 'lte': -29.089027777777776}",54.273624999999996,-29.089027777777776,i DECam SDSS c0003 7835.0 1470.0,None,,180.0,0,2019-12-08,2019-12-08T01:47:12.029580+0000,[4674],Shen,2019B-0910,2021-05-30,decam,ct4m,ct,,object,SN-C2,stacked,dqmask,,2019-12-07,[None]
2020-11-19T10:26:51.939914+0000,2438d40e14aa47902c1ce64390a63220,4956480,/data_local/images/DTS/2019B-0910/DECam_00906045.fits.fz,/net/archive/pipe/20191104/ct4m/2019B-0910/c4d_191105_023040_ose_i_v1.fits.fz,1.27,"{'gte': 54.27475, 'lte': 54.27475}","{'gte': -27.110000000000003, 'lte': -27.110000000000003}",54.27475,-27.110000000000003,i DECam SDSS c0003 7835.0 1470.0,None,,180.0,0,2019-11-05,2019-11-05T02:30:40.432773+0000,[4674],Shen,2019B-0910,2021-04-27,decam,ct4m,ct,,object,SN-C1,stacked,expmap,,2019-11-04,[None]
2020-11-18T22:24:49.026909+0000,438cadbfa73fcd434f2cf1178865ffdf,249330240,/data_local/images/DTS/2019B-0910/DECam_00892206.fits.fz,/net/archive/pipe/20190830/ct4m/2019B-0910/c4d_190831_072012_osw_g_v1.fits.fz,1.16,"{'gte': 52.646583333333325, 'lte': 52.646583333333325}","{'gte': -28.10238888888889, 'lte': -28.10238888888889}",52.646583333333325,-28.10238888888889,g DECam SDSS c0001 4720.0 1520.0,None,,20.0,0,2019-08-31,2019-08-31T07:20:12.224231+0000,[4674],Shen,2019B-0910,2021-02-20,decam,ct4m,ct,,object,SN-C3,stacked,wtmap,,2019-08-30,[None]
2020-11-19T11:40:02.446700+0000,342d8b801c9a4c917595a5c88e5103b3,239227200,/data_local/images/DTS/2019B-0910/DECam_00912549.fits.fz,/net/archive/pipe/20191130/ct4m/2019B-0910/c4d_191201_020851_osw_i_v1.fits.fz,1.06,"{'gte': 52.65041666666666, 'lte': 52.65041666666666}","{'gte': -28.100444444444445, 'lte': -28.100444444444445}",52.65041666666666,-28.100444444444445,i DECam SDSS c0003 7835.0 1470.0,None,,180.0,0,2019-12-01,2019-12-01T02:08:51.183406+0000,[4674],Shen,2019B-0910,2021-05-23,decam,ct4m,ct,,object,SN-C3,stacked,wtmap,,2019-11-30,[None]
2020-11-18T22:34:36.665398+0000,1d1474dbe0ebf6e79b7a489c3fe56cf3,4504320,/data_local/images/DTS/2019B-0910/DECam_00921232.fits.fz,/net/archive/pipe/20191220/ct4m/2019B-0910/c4d_191221_035936_ose_r_v1.fits.fz,1.07,"{'gte': 54.27429166666666, 'lte': 54.27429166666666}","{'gte': -27.11202777777778, 'lte': -27.11202777777778}",54.27429166666666,-27.11202777777778,r DECam SDSS c0002 6415.0 1480.0,None,,140.0,0,2019-12-21,2019-12-21T03:59:36.489757+0000,[4674],Shen,2019B-0910,2021-06-12,decam,ct4m,ct,,object,SN-C1,stacked,expmap,,2019-12-20,[None]
2020-11-19T00:16:45.512624+0000,2ce47f3db51cc5852c08fdc70fac3eb0,4579200,/data_local/images/DTS/2019B-0910/DECam_00912547.fits.fz,/net/archive/pipe/20191130/ct4m/2019B-0910/c4d_191201_020532_ose_r_v1.fits.fz,1.06,"{'gte': 52.651083333333325, 'lte': 52.651083333333325}","{'gte': -28.100611111111114, 'lte': -28.100611111111114}",52.651083333333325,-28.100611111111114,r DECam SDSS c0002 6415.0 1480.0,None,,140.0,0,2019-12-01,2019-12-01T02:05:32.557646+0000,[4674],Shen,2019B-0910,2021-05-23,decam,ct4m,ct,,object,SN-C3,stacked,expmap,,2019-11-30,[None]
2020-11-19T10:52:44.613364+0000,2afbcd567f18c13b5d70cba90e2ec7cc,339053760,/data_local/images/DTS/2019B-0910/DECam_00906043.fits.fz,/net/archive/pipe/20191104/ct4m/2019B-0910/c4d_191105_022722_osj_r_v1.fits.fz,1.29,"{'gte': 54.273708333333325, 'lte': 54.273708333333325}","{'gte': -27.11052777777778, 'lte': -27.11052777777778}",54.273708333333325,-27.11052777777778,r DECam SDSS c0002 6415.0 1480.0,None,,140.0,0,2019-11-05,2019-11-05T02:27:22.674127+0000,[4674],Shen,2019B-0910,2021-04-27,decam,ct4m,ct,,object,SN-C1,stacked,image1,,2019-11-04,[None]
2020-11-18T22:04:29.304920+0000,2ada667019566214774deba3de23ab57,333898560,/data_local/images/DTS/2019B-0910/DECam_00917134.fits.fz,/net/archive/pipe/20191213/ct4m/2019B-0910/c4d_191214_013426_osj_i_v1.fits.fz,1.04,"{'gte': 52.64520833333333, 'lte': 52.64520833333333}","{'gte': -28.102611111111113, 'lte': -28.102611111111113}",52.64520833333333,-28.102611111111113,i DECam SDSS c0003 7835.0 1470.0,None,,180.0,0,2019-12-14,2019-12-14T01:34:26.532731+0000,[4674],Shen,2019B-0910,2021-06-05,decam,ct4m,ct,,object,SN-C3,stacked,image1,,2019-12-13,[None]
2020-11-19T10:52:39.850191+0000,2aeeabf4223b2d7a0ee07796c2e31a80,4579200,/data_local/images/DTS/2019B-0910/DECam_00908573.fits.fz,/net/archive/pipe/20191116/ct4m/2019B-0910/c4d_191117_024417_ose_r_v1.fits.fz,1.1,"{'gte': 54.273624999999996, 'lte': 54.273624999999996}","{'gte': -29.088555555555555, 'lte': -29.088555555555555}",54.273624999999996,-29.088555555555555,r DECam SDSS c0002 6415.0 1480.0,None,,140.0,0,2019-11-17,2019-11-17T02:44:17.626344+0000,[4674],Shen,2019B-0910,2021-05-09,decam,ct4m,ct,,object,SN-C2,stacked,expmap,,2019-11-16,[None]
2020-11-19T02:48:16.577415+0000,663da1f1c1484dfa44bbbd851594eaf5,337829760,/data_local/images/DTS/2019B-0910/DECam_00912545.fits.fz,/net/archive/pipe/20191130/ct4m/2019B-0910/c4d_191201_020153_osj_g_v1.fits.fz,1.07,"{'gte': 52.65016666666666, 'lte': 52.65016666666666}","{'gte': -28.10088888888889, 'lte': -28.10088888888889}",52.65016666666666,-28.10088888888889,g DECam SDSS c0001 4720.0 1520.0,None,,160.0,0,2019-12-01,2019-12-01T02:01:53.616138+0000,[4674],Shen,2019B-0910,2021-05-23,decam,ct4m,ct,,object,SN-C3,stacked,image1,,2019-11-30,[None]
2020-11-19T10:56:09.978830+0000,2adab0d2f7a7097e4b38a8801c70f5ae,1676160,/data_local/images/DTS/2019B-0910/DECam_00908563.fits.fz,/net/archive/pipe/20191116/ct4m/2019B-0910/c4d_191117_022327_osd_i_v1.fits.fz,1.15,"{'gte': 54.274125, 'lte': 54.274125}","{'gte': -27.111888888888892, 'lte': -27.111888888888892}",54.274125,-27.111888888888892,i DECam SDSS c0003 7835.0 1470.0,None,,180.0,0,2019-11-17,2019-11-17T02:23:27.832023+0000,[4674],Shen,2019B-0910,2021-05-09,decam,ct4m,ct,,object,SN-C1,stacked,dqmask,,2019-11-16,[None]
2020-11-19T00:16:04.022239+0000,2c66f5fef3aeb49aa6d78b2d4c0bde09,238507200,/data_local/images/DTS/2019B-0910/DECam_00925475.fits.fz,/net/archive/pipe/20200120/ct4m/2019B-0910/c4d_200121_031954_osw_r_v1.fits.fz,1.31,"{'gte': 52.64954166666666, 'lte': 52.64954166666666}","{'gte': -28.099777777777778, 'lte': -28.099777777777778}",52.64954166666666,-28.099777777777778,r DECam SDSS c0002 6415.0 1480.0,None,,140.0,0,2020-01-21,2020-01-21T03:19:54.981776+0000,[4674],Shen,2019B-0910,2021-07-13,decam,ct4m,ct,,object,SN-C3,stacked,wtmap,,2020-01-20,[None]
2020-11-18T19:37:31.964051+0000,66c395e27f4c26f8861b44b581590939,1532160,/data_local/images/DTS/2019B-0910/DECam_00892222.fits.fz,/net/archive/pipe/20190830/ct4m/2019B-0910/c4d_190831_080000_osd_g_v1.fits.fz,1.09,"{'gte': 54.27779166666666, 'lte': 54.27779166666666}","{'gte': -27.114250000000002, 'lte': -27.114250000000002}",54.27779166666666,-27.114250000000002,g DECam SDSS c0001 4720.0 1520.0,None,,160.0,0,2019-08-31,2019-08-31T08:00:00.616424+0000,[4674],Shen,2019B-0910,2021-02-20,decam,ct4m,ct,,object,SN-C1,stacked,dqmask,,2019-08-30,[None]
2020-11-19T02:51:32.600792+0000,651b3a665f4d5b4ee33e94f3a75d8ddd,237962880,/data_local/images/DTS/2019B-0910/DECam_00921246.fits.fz,/net/archive/pipe/20191220/ct4m/2019B-0910/c4d_191221_042717_osw_i_v1.fits.fz,1.12,"{'gte': 54.273708333333325, 'lte': 54.273708333333325}","{'gte': -29.087805555555555, 'lte': -29.087805555555555}",54.273708333333325,-29.087805555555555,i DECam SDSS c0003 7835.0 1470.0,None,,180.0,0,2019-12-21,2019-12-21T04:27:17.894475+0000,[4674],Shen,2019B-0910,2021-06-12,decam,ct4m,ct,,object,SN-C2,stacked,wtmap,,2019-12-20,[None]
2020-11-18T22:28:14.775939+0000,1bb9f1e1bd1e032ccbc5a634a3e476cc,993600,/data_local/images/DTS/2019B-0910/DECam_00895684.fits.fz,/net/archive/pipe/20190915/ct4m/2019B-0910/c4d_190916_064322_osd_g_v1.fits.fz,1.1,"{'gte': 52.64812499999999, 'lte': 52.64812499999999}","{'gte': -28.101111111111113, 'lte': -28.101111111111113}",52.64812499999999,-28.101111111111113,g DECam SDSS c0001 4720.0 1520.0,None,,160.0,0,2019-09-16,2019-09-16T06:43:22.565834+0000,[4674],Shen,2019B-0910,2021-03-08,decam,ct4m,ct,,object,SN-C3,stacked,dqmask,,2019-09-15,[None]
2020-11-18T18:52:43.058459+0000,6492ddbb4ea421007c8f58cb766002d6,4754880,/data_local/images/DTS/2019B-0910/DECam_00906055.fits.fz,/net/archive/pipe/20191104/ct4m/2019B-0910/c4d_191105_025135_ose_r_v1.fits.fz,1.2,"{'gte': 54.273999999999994, 'lte': 54.273999999999994}","{'gte': -29.08897222222222, 'lte': -29.08897222222222}",54.273999999999994,-29.08897222222222,r DECam SDSS c0002 6415.0 1480.0,None,,140.0,0,2019-11-05,2019-11-05T02:51:35.305643+0000,[4674],Shen,2019B-0910,2021-04-27,decam,ct4m,ct,,object,SN-C2,stacked,expmap,,2019-11-04,[None]
2020-11-19T11:34:15.725591+0000,32e9f207de4bc41e6fa1d89c2a66e731,1215360,/data_local/images/DTS/2019B-0910/DECam_00917148.fits.fz,/net/archive/pipe/20191213/ct4m/2019B-0910/c4d_191214_015920_osd_i_v1.fits.fz,1.02,"{'gte': 54.276083333333325, 'lte': 54.276083333333325}","{'gte': -29.087055555555555, 'lte': -29.087055555555555}",54.276083333333325,-29.087055555555555,i DECam SDSS c0003 7835.0 1470.0,None,,180.0,0,2019-12-14,2019-12-14T01:59:20.355630+0000,[4674],Shen,2019B-0910,2021-06-05,decam,ct4m,ct,,object,SN-C2,stacked,dqmask,,2019-12-13,[None]
2020-11-19T11:25:31.514296+0000,3146f6c0cd2dbbd523a6e945af99a59b,1154880,/data_local/images/DTS/2019B-0910/DECam_00915315.fits.fz,/net/archive/pipe/20191207/ct4m/2019B-0910/c4d_191208_013446_osd_i_v1.fits.fz,1.08,"{'gte': 54.26979166666666, 'lte': 54.26979166666666}","{'gte': -27.115333333333336, 'lte': -27.115333333333336}",54.26979166666666,-27.115333333333336,i DECam SDSS c0003 7835.0 1470.0,None,,180.0,0,2019-12-08,2019-12-08T01:34:46.984494+0000,[4674],Shen,2019B-0910,2021-05-30,decam,ct4m,ct,,object,SN-C1,stacked,dqmask,,2019-12-07,[None]
2020-11-19T10:30:54.108257+0000,2f0d21d146f14cd748f5c45f82c9a584,333593280,/data_local/images/DTS/2019B-0910/DECam_00889312.fits.fz,/net/archive/pipe/20190821/ct4m/2019B-0910/c4d_190822_081159_osj_g_v1.fits.fz,1.13,"{'gte': 54.272749999999995, 'lte': 54.272749999999995}","{'gte': -27.112750000000002, 'lte': -27.112750000000002}",54.272749999999995,-27.112750000000002,g DECam SDSS c0001 4720.0 1520.0,None,,160.0,0,2019-08-22,2019-08-22T08:11:59.136221+0000,[4674],Shen,2019B-0910,2021-02-11,decam,ct4m,ct,,object,SN-C1,stacked,image1,,2019-08-21,[None]
2020-11-19T11:28:18.809464+0000,325e4d0d1a38f1e7c52ded05d4ee974a,238147200,/data_local/images/DTS/2019B-0910/DECam_00925480.fits.fz,/net/archive/pipe/20200120/ct4m/2019B-0910/c4d_200121_032854_osw_g_v1.fits.fz,1.32,"{'gte': 54.274874999999994, 'lte': 54.274874999999994}","{'gte': -27.11127777777778, 'lte': -27.11127777777778}",54.274874999999994,-27.11127777777778,g DECam SDSS c0001 4720.0 1520.0,None,,160.0,0,2020-01-21,2020-01-21T03:28:54.261029+0000,[4674],Shen,2019B-0910,2021-07-13,decam,ct4m,ct,,object,SN-C1,stacked,wtmap,,2020-01-20,[None]
2020-11-19T11:01:34.347499+0000,2d007330caf0e8aa3f0d8387a8e90da0,1120320,/data_local/images/DTS/2019B-0910/DECam_00925107.fits.fz,/net/archive/pipe/20200105/ct4m/2019B-0910/c4d_200106_033552_osd_g_v1.fits.fz,1.15,"{'gte': 54.27466666666666, 'lte': 54.27466666666666}","{'gte': -29.089694444444444, 'lte': -29.089694444444444}",54.27466666666666,-29.089694444444444,g DECam SDSS c0001 4720.0 1520.0,None,,160.0,0,2020-01-06,2020-01-06T03:35:52.555164+0000,[4674],Shen,2019B-0910,2021-06-28,decam,ct4m,ct,,object,SN-C2,stacked,dqmask,,2020-01-05,[None]
2020-11-19T00:16:55.745152+0000,2d078c44d29382bc32c2ef94fa293ca8,333201600,/data_local/images/DTS/2019B-0910/DECam_00940740.fits.fz,/net/archive/pipe/20200303/ct4m/2019B-0910/c4d_200304_003943_osi_i_v1.fits.fz,1.32,"{'gte': 54.27479166666666, 'lte': 54.27479166666666}","{'gte': -27.111888888888892, 'lte': -27.111888888888892}",54.27479166666666,-27.111888888888892,i DECam SDSS c0003 7835.0 1470.0,None,,180.0,0,2020-03-04,2020-03-04T00:39:43.224176+0000,[4674],Shen,2019B-0910,2021-08-25,decam,ct4m,ct,,object,SN-C1,stacked,image,,2020-03-03,[None]
2020-11-19T11:23:16.937427+0000,30d67f52039a339b62b592c9cea93590,238703040,/data_local/images/DTS/2019B-0910/DECam_00898481.fits.fz,/net/archive/pipe/20190926/ct4m/2019B-0910/c4d_190927_065011_osw_i_v1.fits.fz,1.03,"{'gte': 54.27375, 'lte': 54.27375}","{'gte': -29.0875, 'lte': -29.0875}",54.27375,-29.0875,i DECam SDSS c0003 7835.0 1470.0,None,,180.0,0,2019-09-27,2019-09-27T06:50:11.321703+0000,[4674],Shen,2019B-0910,2021-03-19,decam,ct4m,ct,,object,SN-C2,stacked,wtmap,,2019-09-26,[None]
2020-11-19T10:45:36.568994+0000,31f5de9db13676050e7dce5fd5faf06d,1635840,/data_local/images/DTS/2019B-0910/DECam_00908585.fits.fz,/net/archive/pipe/20191116/ct4m/2019B-0910/c4d_191117_030823_osd_r_v1.fits.fz,1.05,"{'gte': 52.649833333333326, 'lte': 52.649833333333326}","{'gte': -28.09986111111111, 'lte': -28.09986111111111}",52.649833333333326,-28.09986111111111,r DECam SDSS c0002 6415.0 1480.0,None,,140.0,0,2019-11-17,2019-11-17T03:08:23.964879+0000,[4674],Shen,2019B-0910,2021-05-09,decam,ct4m,ct,,object,SN-C3,stacked,dqmask,,2019-11-16,[None]
2020-11-19T11:49:20.709130+0000,359e6e9e94bbf795e04a6533ced09f40,239244480,/data_local/images/DTS/2019B-0910/DECam_00915315.fits.fz,/net/archive/pipe/20191207/ct4m/2019B-0910/c4d_191208_013446_osw_i_v1.fits.fz,1.08,"{'gte': 54.26979166666666, 'lte': 54.26979166666666}","{'gte': -27.115333333333336, 'lte': -27.115333333333336}",54.26979166666666,-27.115333333333336,i DECam SDSS c0003 7835.0 1470.0,None,,180.0,0,2019-12-08,2019-12-08T01:34:46.984494+0000,[4674],Shen,2019B-0910,2021-05-30,decam,ct4m,ct,,object,SN-C1,stacked,wtmap,,2019-12-07,[None]
2020-11-18T23:20:16.426732+0000,3cc93187412c5f2769efeddcd3d48737,238190400,/data_local/images/DTS/2019B-0910/DECam_00895700.fits.fz,/net/archive/pipe/20190915/ct4m/2019B-0910/c4d_190916_071403_osw_i_v1.fits.fz,1.06,"{'gte': 54.27224999999999, 'lte': 54.27224999999999}","{'gte': -27.112111111111112, 'lte': -27.112111111111112}",54.27224999999999,-27.112111111111112,i DECam SDSS c0003 7835.0 1470.0,None,,180.0,0,2019-09-16,2019-09-16T07:14:03.730959+0000,[4674],Shen,2019B-0910,2021-03-08,decam,ct4m,ct,,object,SN-C1,stacked,wtmap,,2019-09-15,[None]
2020-11-19T11:30:11.783756+0000,31c63aadd97ef0d3beb2c89a64f2e9a0,242409600,/data_local/images/DTS/2019B-0910/DECam_00900800.fits.fz,/net/archive/pipe/20191004/ct4m/2019B-0910/c4d_191005_055718_osw_g_v1.fits.fz,1.06,"{'gte': 54.274375, 'lte': 54.274375}","{'gte': -27.111555555555558, 'lte': -27.111555555555558}",54.274375,-27.111555555555558,g DECam SDSS c0001 4720.0 1520.0,None,,320.0,0,2019-10-05,2019-10-05T05:57:18.073380+0000,[4674],Shen,2019B-0910,2021-03-27,decam,ct4m,ct,,object,SN-C1,stacked,wtmap,,2019-10-04,[None]
2020-11-19T07:40:31.671935+0000,2ff4cc686a51a451ddf0f4c4cf3b3dce,4881600,/data_local/images/DTS/2019B-0910/DECam_00889316.fits.fz,/net/archive/pipe/20190821/ct4m/2019B-0910/c4d_190822_081855_ose_i_v1.fits.fz,1.12,"{'gte': 54.27279166666666, 'lte': 54.27279166666666}","{'gte': -27.11252777777778, 'lte': -27.11252777777778}",54.27279166666666,-27.11252777777778,i DECam SDSS c0003 7835.0 1470.0,None,,180.0,0,2019-08-22,2019-08-22T08:18:55.158052+0000,[4674],Shen,2019B-0910,2021-02-11,decam,ct4m,ct,,object,SN-C1,stacked,expmap,,2019-08-21,[None]
2020-11-19T11:28:41.619373+0000,32796bd1939eeb12cae7e34a8c0ca44c,1192320,/data_local/images/DTS/2019B-0910/DECam_00925477.fits.fz,/net/archive/pipe/20200120/ct4m/2019B-0910/c4d_200121_032312_osd_i_v1.fits.fz,1.32,"{'gte': 52.649125, 'lte': 52.649125}","{'gte': -28.099777777777778, 'lte': -28.099777777777778}",52.649125,-28.099777777777778,i DECam SDSS c0003 7835.0 1470.0,None,,180.0,0,2020-01-21,2020-01-21T03:23:12.608622+0000,[4674],Shen,2019B-0910,2021-07-13,decam,ct4m,ct,,object,SN-C3,stacked,dqmask,,2020-01-20,[None]
2020-11-19T11:19:02.705710+0000,2fd67b7f35ef8ed5e4fba4d04cb311c2,333550080,/data_local/images/DTS/2019B-0910/DECam_00921246.fits.fz,/net/archive/pipe/20191220/ct4m/2019B-0910/c4d_191221_042717_osj_i_v1.fits.fz,1.12,"{'gte': 54.273708333333325, 'lte': 54.273708333333325}","{'gte': -29.087805555555555, 'lte': -29.087805555555555}",54.273708333333325,-29.087805555555555,i DECam SDSS c0003 7835.0 1470.0,None,,180.0,0,2019-12-21,2019-12-21T04:27:17.894475+0000,[4674],Shen,2019B-0910,2021-06-12,decam,ct4m,ct,,object,SN-C2,stacked,image1,,2019-12-20,[None]
2020-11-19T11:06:48.082729+0000,2e7b4ca28ba2c9a65401427123965951,238570560,/data_local/images/DTS/2019B-0910/DECam_00912533.fits.fz,/net/archive/pipe/20191130/ct4m/2019B-0910/c4d_191201_013815_osw_g_v1.fits.fz,1.12,"{'gte': 54.27475, 'lte': 54.27475}","{'gte': -29.088083333333334, 'lte': -29.088083333333334}",54.27475,-29.088083333333334,g DECam SDSS c0001 4720.0 1520.0,None,,160.0,0,2019-12-01,2019-12-01T01:38:15.840480+0000,[4674],Shen,2019B-0910,2021-05-23,decam,ct4m,ct,,object,SN-C2,stacked,wtmap,,2019-11-30,[None]
2020-11-19T11:00:39.978019+0000,2dbcb6542815c0ea0521638874fffee6,338581440,/data_local/images/DTS/2019B-0910/DECam_00895684.fits.fz,/net/archive/pipe/20190915/ct4m/2019B-0910/c4d_190916_064322_osj_g_v1.fits.fz,1.1,"{'gte': 52.64812499999999, 'lte': 52.64812499999999}","{'gte': -28.101111111111113, 'lte': -28.101111111111113}",52.64812499999999,-28.101111111111113,g DECam SDSS c0001 4720.0 1520.0,None,,160.0,0,2019-09-16,2019-09-16T06:43:22.565834+0000,[4674],Shen,2019B-0910,2021-03-08,decam,ct4m,ct,,object,SN-C3,stacked,image1,,2019-09-15,[None]
2020-11-19T11:04:22.186527+0000,2deef1e825ce7a8c3e46d9f47f04f7c6,333970560,/data_local/images/DTS/2019B-0910/DECam_00915315.fits.fz,/net/archive/pipe/20191207/ct4m/2019B-0910/c4d_191208_013446_osj_i_v1.fits.fz,1.08,"{'gte': 54.26979166666666, 'lte': 54.26979166666666}","{'gte': -27.115333333333336, 'lte': -27.115333333333336}",54.26979166666666,-27.115333333333336,i DECam SDSS c0003 7835.0 1470.0,None,,180.0,0,2019-12-08,2019-12-08T01:34:46.984494+0000,[4674],Shen,2019B-0910,2021-05-30,decam,ct4m,ct,,object,SN-C1,stacked,image1,,2019-12-07,[None]
2020-11-19T07:25:25.222852+0000,38a284093f3f646badbd264516f0825a,336502080,/data_local/images/DTS/2019B-0910/DECam_00915324.fits.fz,/net/archive/pipe/20191207/ct4m/2019B-0910/c4d_191208_015109_osj_g_v1.fits.fz,1.05,"{'gte': 52.64929166666666, 'lte': 52.64929166666666}","{'gte': -28.103083333333334, 'lte': -28.103083333333334}",52.64929166666666,-28.103083333333334,g DECam SDSS c0001 4720.0 1520.0,None,,20.0,0,2019-12-08,2019-12-08T01:51:09.205910+0000,[4674],Shen,2019B-0910,2021-05-30,decam,ct4m,ct,,object,SN-C3,stacked,image1,,2019-12-07,[None]
2020-11-19T10:48:02.523085+0000,28c20ca74d31c93e009947ca34ce149d,1480320,/data_local/images/DTS/2019B-0910/DECam_00906057.fits.fz,/net/archive/pipe/20191104/ct4m/2019B-0910/c4d_191105_025453_osd_i_v1.fits.fz,1.19,"{'gte': 54.273291666666665, 'lte': 54.273291666666665}","{'gte': -29.08936111111111, 'lte': -29.08936111111111}",54.273291666666665,-29.08936111111111,i DECam SDSS c0003 7835.0 1470.0,None,,180.0,0,2019-11-05,2019-11-05T02:54:53.098434+0000,[4674],Shen,2019B-0910,2021-04-27,decam,ct4m,ct,,object,SN-C2,stacked,dqmask,,2019-11-04,[None]
2020-11-18T18:33:12.118737+0000,3969e8d6390e9ad67d4aac6b980f2090,938880,/data_local/images/DTS/2019B-0910/DECam_00902573.fits.fz,/net/archive/pipe/20191021/ct4m/2019B-0910/c4d_191022_075427_osd_g_v1.fits.fz,1.07,"{'gte': 54.277125, 'lte': 54.277125}","{'gte': -27.114138888888892, 'lte': -27.114138888888892}",54.277125,-27.114138888888892,g DECam SDSS c0001 4720.0 1520.0,None,,160.0,0,2019-10-22,2019-10-22T07:54:27.963872+0000,[4674],Shen,2019B-0910,2021-04-13,decam,ct4m,ct,,object,SN-C1,stacked,dqmask,,2019-10-21,[None]
2020-11-19T06:09:16.998890+0000,71c034e0ecf7ee4f7e123093f950b8a3,1229760,/data_local/images/DTS/2019B-0910/DECam_00921234.fits.fz,/net/archive/pipe/20191220/ct4m/2019B-0910/c4d_191221_040255_osd_i_v1.fits.fz,1.08,"{'gte': 54.27470833333333, 'lte': 54.27470833333333}","{'gte': -27.111583333333336, 'lte': -27.111583333333336}",54.27470833333333,-27.111583333333336,i DECam SDSS c0003 7835.0 1470.0,None,,180.0,0,2019-12-21,2019-12-21T04:02:55.563912+0000,[4674],Shen,2019B-0910,2021-06-12,decam,ct4m,ct,,object,SN-C1,stacked,dqmask,,2019-12-20,[None]
2020-11-18T23:35:10.582248+0000,3899a6904bee736dec68794dd6d4260c,987840,/data_local/images/DTS/2019B-0910/DECam_00898481.fits.fz,/net/archive/pipe/20190926/ct4m/2019B-0910/c4d_190927_065011_osd_i_v1.fits.fz,1.03,"{'gte': 54.27375, 'lte': 54.27375}","{'gte': -29.0875, 'lte': -29.0875}",54.27375,-29.0875,i DECam SDSS c0003 7835.0 1470.0,None,,180.0,0,2019-09-27,2019-09-27T06:50:11.321703+0000,[4674],Shen,2019B-0910,2021-03-19,decam,ct4m,ct,,object,SN-C2,stacked,dqmask,,2019-09-26,[None]
2020-11-19T00:23:37.033331+0000,37c0194f5e3d807f12a7344f6ee82b9c,1471680,/data_local/images/DTS/2019B-0910/DECam_00940740.fits.fz,/net/archive/pipe/20200303/ct4m/2019B-0910/c4d_200304_003943_osd_i_v1.fits.fz,1.32,"{'gte': 54.27479166666666, 'lte': 54.27479166666666}","{'gte': -27.111888888888892, 'lte': -27.111888888888892}",54.27479166666666,-27.111888888888892,i DECam SDSS c0003 7835.0 1470.0,None,,180.0,0,2020-03-04,2020-03-04T00:39:43.224176+0000,[4674],Shen,2019B-0910,2021-08-25,decam,ct4m,ct,,object,SN-C1,stacked,dqmask,,2020-03-03,[None]
2020-11-19T03:19:44.642219+0000,3dad31e66e07a64ea0379bb90db2c037,237818880,/data_local/images/DTS/2019B-0910/DECam_00908583.fits.fz,/net/archive/pipe/20191116/ct4m/2019B-0910/c4d_191117_030447_osw_g_v1.fits.fz,1.06,"{'gte': 52.65016666666666, 'lte': 52.65016666666666}","{'gte': -28.09975, 'lte': -28.09975}",52.65016666666666,-28.09975,g DECam SDSS c0001 4720.0 1520.0,None,,160.0,0,2019-11-17,2019-11-17T03:04:47.096313+0000,[4674],Shen,2019B-0910,2021-05-09,decam,ct4m,ct,,object,SN-C3,stacked,wtmap,,2019-11-16,[None]
2020-11-19T03:32:51.680441+0000,3ed5370b1d0100dbff30ca8d44a73fed,338955840,/data_local/images/DTS/2019B-0910/DECam_00892229.fits.fz,/net/archive/pipe/20190830/ct4m/2019B-0910/c4d_190831_081225_osj_g_v1.fits.fz,1.06,"{'gte': 54.27483333333333, 'lte': 54.27483333333333}","{'gte': -29.089527777777775, 'lte': -29.089527777777775}",54.27483333333333,-29.089527777777775,g DECam SDSS c0001 4720.0 1520.0,None,,160.0,0,2019-08-31,2019-08-31T08:12:25.597354+0000,[4674],Shen,2019B-0910,2021-02-20,decam,ct4m,ct,,object,SN-C2,stacked,image1,,2019-08-30,[None]
2020-11-19T07:25:21.673659+0000,374053a7fb05bcfbc7a62fed65e744ed,1065600,/data_local/images/DTS/2019B-0910/DECam_00915325.fits.fz,/net/archive/pipe/20191207/ct4m/2019B-0910/c4d_191208_015247_osd_g_v1.fits.fz,1.04,"{'gte': 52.64962499999999, 'lte': 52.64962499999999}","{'gte': -28.100305555555558, 'lte': -28.100305555555558}",52.64962499999999,-28.100305555555558,g DECam SDSS c0001 4720.0 1520.0,None,,160.0,0,2019-12-08,2019-12-08T01:52:47.221162+0000,[4674],Shen,2019B-0910,2021-05-30,decam,ct4m,ct,,object,SN-C3,stacked,dqmask,,2019-12-07,[None]
2020-11-19T06:11:52.950156+0000,36f85917dfe564b8a75b77226944a4f4,333495360,/data_local/images/DTS/2019B-0910/DECam_00923748.fits.fz,/net/archive/pipe/20191230/ct4m/2019B-0910/c4d_191231_033213_osj_g_v1.fits.fz,1.09,"{'gte': 54.27299999999999, 'lte': 54.27299999999999}","{'gte': -29.0875, 'lte': -29.0875}",54.27299999999999,-29.0875,g DECam SDSS c0001 4720.0 1520.0,None,,160.0,0,2019-12-31,2019-12-31T03:32:13.662520+0000,[4674],Shen,2019B-0910,2021-06-22,decam,ct4m,ct,,object,SN-C2,stacked,image1,,2019-12-30,[None]
2020-11-19T06:07:23.423056+0000,3cff6d6fb7cbd1031edecd0ca609bbe9,1304640,/data_local/images/DTS/2019B-0910/DECam_00921246.fits.fz,/net/archive/pipe/20191220/ct4m/2019B-0910/c4d_191221_042717_osd_i_v1.fits.fz,1.12,"{'gte': 54.273708333333325, 'lte': 54.273708333333325}","{'gte': -29.087805555555555, 'lte': -29.087805555555555}",54.273708333333325,-29.087805555555555,i DECam SDSS c0003 7835.0 1470.0,None,,180.0,0,2019-12-21,2019-12-21T04:27:17.894475+0000,[4674],Shen,2019B-0910,2021-06-12,decam,ct4m,ct,,object,SN-C2,stacked,dqmask,,2019-12-20,[None]
2020-11-19T06:11:47.765370+0000,758fe910771db37c950b84394f943180,4694400,/data_local/images/DTS/2019B-0910/DECam_00923738.fits.fz,/net/archive/pipe/20191230/ct4m/2019B-0910/c4d_191231_031422_ose_i_v1.fits.fz,1.07,"{'gte': 52.64999999999999, 'lte': 52.64999999999999}","{'gte': -28.09936111111111, 'lte': -28.09936111111111}",52.64999999999999,-28.09936111111111,i DECam SDSS c0003 7835.0 1470.0,None,,180.0,0,2019-12-31,2019-12-31T03:14:22.277256+0000,[4674],Shen,2019B-0910,2021-06-22,decam,ct4m,ct,,object,SN-C3,stacked,expmap,,2019-12-30,[None]
2020-11-19T00:37:49.372494+0000,38f55450e96ebd8af20833adcf55a2ed,333840960,/data_local/images/DTS/2019B-0910/DECam_00906045.fits.fz,/net/archive/pipe/20191104/ct4m/2019B-0910/c4d_191105_023040_osj_i_v1.fits.fz,1.27,"{'gte': 54.27475, 'lte': 54.27475}","{'gte': -27.110000000000003, 'lte': -27.110000000000003}",54.27475,-27.110000000000003,i DECam SDSS c0003 7835.0 1470.0,None,,180.0,0,2019-11-05,2019-11-05T02:30:40.432773+0000,[4674],Shen,2019B-0910,2021-04-27,decam,ct4m,ct,,object,SN-C1,stacked,image1,,2019-11-04,[None]
2020-11-19T06:11:21.703336+0000,3f7cd8f4d2515a64c21390e35724e078,4648320,/data_local/images/DTS/2019B-0910/DECam_00925475.fits.fz,/net/archive/pipe/20200120/ct4m/2019B-0910/c4d_200121_031954_ose_r_v1.fits.fz,1.31,"{'gte': 52.64954166666666, 'lte': 52.64954166666666}","{'gte': -28.099777777777778, 'lte': -28.099777777777778}",52.64954166666666,-28.099777777777778,r DECam SDSS c0002 6415.0 1480.0,None,,140.0,0,2020-01-21,2020-01-21T03:19:54.981776+0000,[4674],Shen,2019B-0910,2021-07-13,decam,ct4m,ct,,object,SN-C3,stacked,expmap,,2020-01-20,[None]
2020-11-19T02:48:15.447164+0000,3a1dfec06d59bf834e5b6005f608bd56,1154880,/data_local/images/DTS/2019B-0910/DECam_00912549.fits.fz,/net/archive/pipe/20191130/ct4m/2019B-0910/c4d_191201_020851_osd_i_v1.fits.fz,1.06,"{'gte': 52.65041666666666, 'lte': 52.65041666666666}","{'gte': -28.100444444444445, 'lte': -28.100444444444445}",52.65041666666666,-28.100444444444445,i DECam SDSS c0003 7835.0 1470.0,None,,180.0,0,2019-12-01,2019-12-01T02:08:51.183406+0000,[4674],Shen,2019B-0910,2021-05-23,decam,ct4m,ct,,object,SN-C3,stacked,dqmask,,2019-11-30,[None]
2020-11-19T11:13:28.307055+0000,3b255c1fd8405c269d397252c0e435c9,337717440,/data_local/images/DTS/2019B-0910/DECam_00895700.fits.fz,/net/archive/pipe/20190915/ct4m/2019B-0910/c4d_190916_071403_osj_i_v1.fits.fz,1.06,"{'gte': 54.27224999999999, 'lte': 54.27224999999999}","{'gte': -27.112111111111112, 'lte': -27.112111111111112}",54.27224999999999,-27.112111111111112,i DECam SDSS c0003 7835.0 1470.0,None,,180.0,0,2019-09-16,2019-09-16T07:14:03.730959+0000,[4674],Shen,2019B-0910,2021-03-08,decam,ct4m,ct,,object,SN-C1,stacked,image1,,2019-09-15,[None]
2020-11-19T05:55:11.524112+0000,00b4f44d39bae35df91e4507c28ef506,333552960,/data_local/images/DTS/2019B-0910/DECam_00892224.fits.fz,/net/archive/pipe/20190830/ct4m/2019B-0910/c4d_190831_080338_osj_r_v1.fits.fz,1.08,"{'gte': 54.281749999999995, 'lte': 54.281749999999995}","{'gte': -27.116305555555556, 'lte': -27.116305555555556}",54.281749999999995,-27.116305555555556,r DECam SDSS c0002 6415.0 1480.0,None,,140.0,0,2019-08-31,2019-08-31T08:03:38.356329+0000,[4674],Shen,2019B-0910,2021-02-20,decam,ct4m,ct,,object,SN-C1,stacked,image1,,2019-08-30,[None]
2020-11-19T03:19:47.531350+0000,3e82f8512bf734010ecfabc7b8932cc8,337138560,/data_local/images/DTS/2019B-0910/DECam_00908582.fits.fz,/net/archive/pipe/20191116/ct4m/2019B-0910/c4d_191117_030315_osj_g_v1.fits.fz,1.06,"{'gte': 52.649583333333325, 'lte': 52.649583333333325}","{'gte': -28.100194444444448, 'lte': -28.100194444444448}",52.649583333333325,-28.100194444444448,g DECam SDSS c0001 4720.0 1520.0,None,,20.0,0,2019-11-17,2019-11-17T03:03:15.818403+0000,[4674],Shen,2019B-0910,2021-05-09,decam,ct4m,ct,,object,SN-C3,stacked,image1,,2019-11-16,[None]
2020-11-18T23:26:13.573255+0000,3efb103e2375762ce6da2515ee737e57,332919360,/data_local/images/DTS/2019B-0910/DECam_00895696.fits.fz,/net/archive/pipe/20190915/ct4m/2019B-0910/c4d_190916_070708_osj_g_v1.fits.fz,1.07,"{'gte': 54.273333333333326, 'lte': 54.273333333333326}","{'gte': -27.111861111111114, 'lte': -27.111861111111114}",54.273333333333326,-27.111861111111114,g DECam SDSS c0001 4720.0 1520.0,None,,160.0,0,2019-09-16,2019-09-16T07:07:08.217203+0000,[4674],Shen,2019B-0910,2021-03-08,decam,ct4m,ct,,object,SN-C1,stacked,image1,,2019-09-15,[None]
2020-11-19T10:12:43.453795+0000,1d107be9bc0b9ab4e9015ccb196b33cc,1123200,/data_local/images/DTS/2019B-0910/DECam_00923733.fits.fz,/net/archive/pipe/20191230/ct4m/2019B-0910/c4d_191231_030553_osd_g_v1.fits.fz,1.06,"{'gte': 52.651708333333325, 'lte': 52.651708333333325}","{'gte': -28.102055555555555, 'lte': -28.102055555555555}",52.651708333333325,-28.102055555555555,g DECam SDSS c0001 4720.0 1520.0,None,,20.0,0,2019-12-31,2019-12-31T03:05:53.733381+0000,[4674],Shen,2019B-0910,2021-06-22,decam,ct4m,ct,,object,SN-C3,stacked,dqmask,,2019-12-30,[None]
2020-11-19T03:01:12.873467+0000,3e29264b46fecc13ac2d5ede771061da,242467200,/data_local/images/DTS/2019B-0910/DECam_00927197.fits.fz,/net/archive/pipe/20200127/ct4m/2019B-0910/c4d_200128_012421_osw_r_v1.fits.fz,1.07,"{'gte': 52.65154166666666, 'lte': 52.65154166666666}","{'gte': -28.10002777777778, 'lte': -28.10002777777778}",52.65154166666666,-28.10002777777778,r DECam SDSS c0002 6415.0 1480.0,None,,280.0,0,2020-01-28,2020-01-28T01:24:21.304367+0000,[4674],Shen,2019B-0910,2021-07-20,decam,ct4m,ct,,object,SN-C3,stacked,wtmap,,2020-01-27,[None]
2020-11-19T10:12:15.522471+0000,1ba75b9b12d1b365d0671d6479990a38,1212480,/data_local/images/DTS/2019B-0910/DECam_00912535.fits.fz,/net/archive/pipe/20191130/ct4m/2019B-0910/c4d_191201_014153_osd_r_v1.fits.fz,1.12,"{'gte': 54.27375, 'lte': 54.27375}","{'gte': -29.08797222222222, 'lte': -29.08797222222222}",54.27375,-29.08797222222222,r DECam SDSS c0002 6415.0 1480.0,None,,140.0,0,2019-12-01,2019-12-01T01:41:53.061388+0000,[4674],Shen,2019B-0910,2021-05-23,decam,ct4m,ct,,object,SN-C2,stacked,dqmask,,2019-11-30,[None]
2020-11-19T08:06:58.832013+0000,1e387d0e933456c99e524285f7140916,238754880,/data_local/images/DTS/2019B-0910/DECam_00925093.fits.fz,/net/archive/pipe/20200105/ct4m/2019B-0910/c4d_200106_031036_osw_g_v1.fits.fz,1.11,"{'gte': 52.65070833333333, 'lte': 52.65070833333333}","{'gte': -28.100083333333334, 'lte': -28.100083333333334}",52.65070833333333,-28.100083333333334,g DECam SDSS c0001 4720.0 1520.0,None,,160.0,0,2020-01-06,2020-01-06T03:10:36.018290+0000,[4674],Shen,2019B-0910,2021-06-28,decam,ct4m,ct,,object,SN-C3,stacked,wtmap,,2020-01-05,[None]
2020-11-19T07:41:02.808771+0000,34641145b2fe23b37938ae74fe870b3e,982080,/data_local/images/DTS/2019B-0910/DECam_00915324.fits.fz,/net/archive/pipe/20191207/ct4m/2019B-0910/c4d_191208_015109_osd_g_v1.fits.fz,1.05,"{'gte': 52.64929166666666, 'lte': 52.64929166666666}","{'gte': -28.103083333333334, 'lte': -28.103083333333334}",52.64929166666666,-28.103083333333334,g DECam SDSS c0001 4720.0 1520.0,None,,20.0,0,2019-12-08,2019-12-08T01:51:09.205910+0000,[4674],Shen,2019B-0910,2021-05-30,decam,ct4m,ct,,object,SN-C3,stacked,dqmask,,2019-12-07,[None]
2020-11-18T22:15:48.489171+0000,1ac6a109cd13eb0d58f66a3971129e6a,1434240,/data_local/images/DTS/2019B-0910/DECam_00906067.fits.fz,/net/archive/pipe/20191104/ct4m/2019B-0910/c4d_191105_031550_osd_r_v1.fits.fz,1.12,"{'gte': 52.65008333333333, 'lte': 52.65008333333333}","{'gte': -28.100444444444445, 'lte': -28.100444444444445}",52.65008333333333,-28.100444444444445,r DECam SDSS c0002 6415.0 1480.0,None,,140.0,0,2019-11-05,2019-11-05T03:15:50.930577+0000,[4674],Shen,2019B-0910,2021-04-27,decam,ct4m,ct,,object,SN-C3,stacked,dqmask,,2019-11-04,[None]
2020-11-19T08:34:41.535174+0000,15d6620fe260263682c0a259406e65bb,338114880,/data_local/images/DTS/2019B-0910/DECam_00912533.fits.fz,/net/archive/pipe/20191130/ct4m/2019B-0910/c4d_191201_013815_osj_g_v1.fits.fz,1.12,"{'gte': 54.27475, 'lte': 54.27475}","{'gte': -29.088083333333334, 'lte': -29.088083333333334}",54.27475,-29.088083333333334,g DECam SDSS c0001 4720.0 1520.0,None,,160.0,0,2019-12-01,2019-12-01T01:38:15.840480+0000,[4674],Shen,2019B-0910,2021-05-23,decam,ct4m,ct,,object,SN-C2,stacked,image1,,2019-11-30,[None]
2020-11-18T22:06:46.605381+0000,33e5121b0a149abefbac44293ffb89f4,1241280,/data_local/images/DTS/2019B-0910/DECam_00912525.fits.fz,/net/archive/pipe/20191130/ct4m/2019B-0910/c4d_191201_012104_osd_i_v1.fits.fz,1.17,"{'gte': 54.26920833333333, 'lte': 54.26920833333333}","{'gte': -27.115972222222222, 'lte': -27.115972222222222}",54.26920833333333,-27.115972222222222,i DECam SDSS c0003 7835.0 1470.0,None,,180.0,0,2019-12-01,2019-12-01T01:21:04.468430+0000,[4674],Shen,2019B-0910,2021-05-23,decam,ct4m,ct,,object,SN-C1,stacked,dqmask,,2019-11-30,[None]
2020-11-19T09:26:31.251422+0000,01fb5e79808ef10059bb013f5c198d28,239008320,/data_local/images/DTS/2019B-0910/DECam_00892211.fits.fz,/net/archive/pipe/20190830/ct4m/2019B-0910/c4d_190831_072837_osw_i_v1.fits.fz,1.14,"{'gte': 52.650749999999995, 'lte': 52.650749999999995}","{'gte': -28.09922222222222, 'lte': -28.09922222222222}",52.650749999999995,-28.09922222222222,i DECam SDSS c0003 7835.0 1470.0,None,,180.0,0,2019-08-31,2019-08-31T07:28:37.883508+0000,[4674],Shen,2019B-0910,2021-02-20,decam,ct4m,ct,,object,SN-C3,stacked,wtmap,,2019-08-30,[None]
2020-11-18T23:48:21.959154+0000,147024435b7a33d15470e489155c80e7,334080000,/data_local/images/DTS/2019B-0910/DECam_00927202.fits.fz,/net/archive/pipe/20200127/ct4m/2019B-0910/c4d_200128_013309_osj_g_v1.fits.fz,1.08,"{'gte': 54.27408333333332, 'lte': 54.27408333333332}","{'gte': -27.111777777777778, 'lte': -27.111777777777778}",54.27408333333332,-27.111777777777778,g DECam SDSS c0001 4720.0 1520.0,None,,160.0,0,2020-01-28,2020-01-28T01:33:09.679793+0000,[4674],Shen,2019B-0910,2021-07-20,decam,ct4m,ct,,object,SN-C1,stacked,image1,,2020-01-27,[None]
2020-11-18T23:35:01.043753+0000,6551e05f1700d880995125d7d67ce5ac,333184320,/data_local/images/DTS/2019B-0910/DECam_00898474.fits.fz,/net/archive/pipe/20190926/ct4m/2019B-0910/c4d_190927_063747_osj_i_v1.fits.fz,1.05,"{'gte': 54.27279166666666, 'lte': 54.27279166666666}","{'gte': -27.111972222222224, 'lte': -27.111972222222224}",54.27279166666666,-27.111972222222224,i DECam SDSS c0003 7835.0 1470.0,None,,180.0,0,2019-09-27,2019-09-27T06:37:47.426748+0000,[4674],Shen,2019B-0910,2021-03-19,decam,ct4m,ct,,object,SN-C1,stacked,image1,,2019-09-26,[None]
2020-11-19T03:27:43.677127+0000,60340dd2241c86a112aa92c74a996101,238720320,/data_local/images/DTS/2019B-0910/DECam_00908563.fits.fz,/net/archive/pipe/20191116/ct4m/2019B-0910/c4d_191117_022327_osw_i_v1.fits.fz,1.15,"{'gte': 54.274125, 'lte': 54.274125}","{'gte': -27.111888888888892, 'lte': -27.111888888888892}",54.274125,-27.111888888888892,i DECam SDSS c0003 7835.0 1470.0,None,,180.0,0,2019-11-17,2019-11-17T02:23:27.832023+0000,[4674],Shen,2019B-0910,2021-05-09,decam,ct4m,ct,,object,SN-C1,stacked,wtmap,,2019-11-16,[None]
2020-11-19T00:03:23.168726+0000,1ab8988429975c772056e33443db8066,244874880,/data_local/images/DTS/2019B-0910/DECam_00900804.fits.fz,/net/archive/pipe/20191004/ct4m/2019B-0910/c4d_191005_060415_osw_i_v1.fits.fz,1.05,"{'gte': 54.274125, 'lte': 54.274125}","{'gte': -27.11127777777778, 'lte': -27.11127777777778}",54.274125,-27.11127777777778,i DECam SDSS c0003 7835.0 1470.0,None,,360.0,0,2019-10-05,2019-10-05T06:04:15.001600+0000,[4674],Shen,2019B-0910,2021-03-27,decam,ct4m,ct,,object,SN-C1,stacked,wtmap,,2019-10-04,[None]
2020-11-19T10:10:35.717897+0000,1a6386475e96b00ca9d4cc29d0f5c34c,335445120,/data_local/images/DTS/2019B-0910/DECam_00898458.fits.fz,/net/archive/pipe/20190926/ct4m/2019B-0910/c4d_190927_060707_osj_g_v1.fits.fz,1.09,"{'gte': 52.64812499999999, 'lte': 52.64812499999999}","{'gte': -28.10161111111111, 'lte': -28.10161111111111}",52.64812499999999,-28.10161111111111,g DECam SDSS c0001 4720.0 1520.0,None,,320.0,0,2019-09-27,2019-09-27T06:07:07.325607+0000,[4674],Shen,2019B-0910,2021-03-19,decam,ct4m,ct,,object,SN-C3,stacked,image1,,2019-09-26,[None]
2020-11-19T03:31:09.613880+0000,20bce27485329358703c9aff9af98c99,6912000,/data_local/images/DTS/2019B-0910/DECam_00898458.fits.fz,/net/archive/pipe/20190926/ct4m/2019B-0910/c4d_190927_060707_ose_g_v1.fits.fz,1.09,"{'gte': 52.64812499999999, 'lte': 52.64812499999999}","{'gte': -28.10161111111111, 'lte': -28.10161111111111}",52.64812499999999,-28.10161111111111,g DECam SDSS c0001 4720.0 1520.0,None,,320.0,0,2019-09-27,2019-09-27T06:07:07.325607+0000,[4674],Shen,2019B-0910,2021-03-19,decam,ct4m,ct,,object,SN-C3,stacked,expmap,,2019-09-26,[None]
2020-11-18T23:05:35.411625+0000,1f9d7cb8b56631ff33529c74435c24b2,239103360,/data_local/images/DTS/2019B-0910/DECam_00912521.fits.fz,/net/archive/pipe/20191130/ct4m/2019B-0910/c4d_191201_011404_osw_g_v1.fits.fz,1.19,"{'gte': 54.272666666666666, 'lte': 54.272666666666666}","{'gte': -27.112972222222222, 'lte': -27.112972222222222}",54.272666666666666,-27.112972222222222,g DECam SDSS c0001 4720.0 1520.0,None,,160.0,0,2019-12-01,2019-12-01T01:14:04.699331+0000,[4674],Shen,2019B-0910,2021-05-23,decam,ct4m,ct,,object,SN-C1,stacked,wtmap,,2019-11-30,[None]
2020-11-18T23:33:56.033782+0000,132e40b754f503ad826b81918c3c667b,4135680,/data_local/images/DTS/2019B-0910/DECam_00912544.fits.fz,/net/archive/pipe/20191130/ct4m/2019B-0910/c4d_191201_020017_ose_g_v1.fits.fz,1.07,"{'gte': 52.649499999999996, 'lte': 52.649499999999996}","{'gte': -28.103083333333334, 'lte': -28.103083333333334}",52.649499999999996,-28.103083333333334,g DECam SDSS c0001 4720.0 1520.0,None,,20.0,0,2019-12-01,2019-12-01T02:00:17.452526+0000,[4674],Shen,2019B-0910,2021-05-23,decam,ct4m,ct,,object,SN-C3,stacked,expmap,,2019-11-30,[None]
2020-11-19T00:08:20.307459+0000,1e61a25b43f3e5def21e7967f8b67f6c,339192000,/data_local/images/DTS/2019B-0910/DECam_00912544.fits.fz,/net/archive/pipe/20191130/ct4m/2019B-0910/c4d_191201_020017_osj_g_v1.fits.fz,1.07,"{'gte': 52.649499999999996, 'lte': 52.649499999999996}","{'gte': -28.103083333333334, 'lte': -28.103083333333334}",52.649499999999996,-28.103083333333334,g DECam SDSS c0001 4720.0 1520.0,None,,20.0,0,2019-12-01,2019-12-01T02:00:17.452526+0000,[4674],Shen,2019B-0910,2021-05-23,decam,ct4m,ct,,object,SN-C3,stacked,image1,,2019-11-30,[None]
2020-11-18T23:25:00.648187+0000,634abd3336287704c86fb2bbf90725c8,1442880,/data_local/images/DTS/2019B-0910/DECam_00895707.fits.fz,/net/archive/pipe/20190915/ct4m/2019B-0910/c4d_190916_072629_osd_i_v1.fits.fz,1.04,"{'gte': 54.27383333333333, 'lte': 54.27383333333333}","{'gte': -29.087416666666666, 'lte': -29.087416666666666}",54.27383333333333,-29.087416666666666,i DECam SDSS c0003 7835.0 1470.0,None,,180.0,0,2019-09-16,2019-09-16T07:26:29.914260+0000,[4674],Shen,2019B-0910,2021-03-08,decam,ct4m,ct,,object,SN-C2,stacked,dqmask,,2019-09-15,[None]
2020-11-18T23:40:54.434732+0000,13d5e065d23b184e0efb8f90c3d760ae,1008000,/data_local/images/DTS/2019B-0910/DECam_00925093.fits.fz,/net/archive/pipe/20200105/ct4m/2019B-0910/c4d_200106_031036_osd_g_v1.fits.fz,1.11,"{'gte': 52.65070833333333, 'lte': 52.65070833333333}","{'gte': -28.100083333333334, 'lte': -28.100083333333334}",52.65070833333333,-28.100083333333334,g DECam SDSS c0001 4720.0 1520.0,None,,160.0,0,2020-01-06,2020-01-06T03:10:36.018290+0000,[4674],Shen,2019B-0910,2021-06-28,decam,ct4m,ct,,object,SN-C3,stacked,dqmask,,2020-01-05,[None]
2020-11-19T08:32:27.378332+0000,12354ba647ce58f7b501c89590a9be6e,987840,/data_local/images/DTS/2019B-0910/DECam_00900807.fits.fz,/net/archive/pipe/20191004/ct4m/2019B-0910/c4d_191005_060942_osd_g_v1.fits.fz,1.04,"{'gte': 54.27354166666666, 'lte': 54.27354166666666}","{'gte': -29.08833333333333, 'lte': -29.08833333333333}",54.27354166666666,-29.08833333333333,g DECam SDSS c0001 4720.0 1520.0,None,,320.0,0,2019-10-05,2019-10-05T06:09:42.142209+0000,[4674],Shen,2019B-0910,2021-03-27,decam,ct4m,ct,,object,SN-C2,stacked,dqmask,,2019-10-04,[None]
2020-11-19T03:04:28.427035+0000,360ca6abba112afde0d082ecfb37072f,4271040,/data_local/images/DTS/2019B-0910/DECam_00927204.fits.fz,/net/archive/pipe/20200127/ct4m/2019B-0910/c4d_200128_013648_ose_r_v1.fits.fz,1.08,"{'gte': 54.27270833333333, 'lte': 54.27270833333333}","{'gte': -27.11163888888889, 'lte': -27.11163888888889}",54.27270833333333,-27.11163888888889,r DECam SDSS c0002 6415.0 1480.0,None,,140.0,0,2020-01-28,2020-01-28T01:36:48.751527+0000,[4674],Shen,2019B-0910,2021-07-20,decam,ct4m,ct,,object,SN-C1,stacked,expmap,,2020-01-27,[None]
2020-11-18T18:29:45.016427+0000,566360eb5a2a4b1af21ed434fb26a883,976320,/data_local/images/DTS/2019B-0910/DECam_00900811.fits.fz,/net/archive/pipe/20191004/ct4m/2019B-0910/c4d_191005_061636_osd_i_v1.fits.fz,1.04,"{'gte': 54.27354166666666, 'lte': 54.27354166666666}","{'gte': -29.088555555555555, 'lte': -29.088555555555555}",54.27354166666666,-29.088555555555555,i DECam SDSS c0003 7835.0 1470.0,None,,360.0,0,2019-10-05,2019-10-05T06:16:36.345872+0000,[4674],Shen,2019B-0910,2021-03-27,decam,ct4m,ct,,object,SN-C2,stacked,dqmask,,2019-10-04,[None]
2020-11-18T23:07:38.857465+0000,1115087673609e54a9671321e0d32290,4602240,/data_local/images/DTS/2019B-0910/DECam_00925109.fits.fz,/net/archive/pipe/20200105/ct4m/2019B-0910/c4d_200106_033929_ose_r_v1.fits.fz,1.15,"{'gte': 54.274125, 'lte': 54.274125}","{'gte': -29.09022222222222, 'lte': -29.09022222222222}",54.274125,-29.09022222222222,r DECam SDSS c0002 6415.0 1480.0,None,,140.0,0,2020-01-06,2020-01-06T03:39:29.468603+0000,[4674],Shen,2019B-0910,2021-06-28,decam,ct4m,ct,,object,SN-C2,stacked,expmap,,2020-01-05,[None]
2020-11-19T00:37:49.000515+0000,6583177f23a85d075cead2b94454e733,332951040,/data_local/images/DTS/2019B-0910/DECam_00906041.fits.fz,/net/archive/pipe/20191104/ct4m/2019B-0910/c4d_191105_022344_osj_g_v1.fits.fz,1.3,"{'gte': 54.273624999999996, 'lte': 54.273624999999996}","{'gte': -27.111555555555558, 'lte': -27.111555555555558}",54.273624999999996,-27.111555555555558,g DECam SDSS c0001 4720.0 1520.0,None,,160.0,0,2019-11-05,2019-11-05T02:23:44.839894+0000,[4674],Shen,2019B-0910,2021-04-27,decam,ct4m,ct,,object,SN-C1,stacked,image1,,2019-11-04,[None]
2020-11-18T23:43:16.850027+0000,13d424c65657bed6be9d90e7db05986f,240943680,/data_local/images/DTS/2019B-0910/DECam_00900811.fits.fz,/net/archive/pipe/20191004/ct4m/2019B-0910/c4d_191005_061636_osw_i_v1.fits.fz,1.04,"{'gte': 54.27354166666666, 'lte': 54.27354166666666}","{'gte': -29.088555555555555, 'lte': -29.088555555555555}",54.27354166666666,-29.088555555555555,i DECam SDSS c0003 7835.0 1470.0,None,,360.0,0,2019-10-05,2019-10-05T06:16:36.345872+0000,[4674],Shen,2019B-0910,2021-03-27,decam,ct4m,ct,,object,SN-C2,stacked,wtmap,,2019-10-04,[None]
2020-11-18T23:20:28.093761+0000,11bbd0fa1dcdadcde5940ccfcc46a9fe,238878720,/data_local/images/DTS/2019B-0910/DECam_00925491.fits.fz,/net/archive/pipe/20200120/ct4m/2019B-0910/c4d_200121_034815_osw_i_v1.fits.fz,1.4,"{'gte': 54.27416666666666, 'lte': 54.27416666666666}","{'gte': -29.088583333333332, 'lte': -29.088583333333332}",54.27416666666666,-29.088583333333332,i DECam SDSS c0003 7835.0 1470.0,None,,180.0,0,2020-01-21,2020-01-21T03:48:15.546112+0000,[4674],Shen,2019B-0910,2021-07-13,decam,ct4m,ct,,object,SN-C2,stacked,wtmap,,2020-01-20,[None]
2020-11-19T06:11:59.704742+0000,59215fcb4732c7d142614494b1a5a7d6,335756160,/data_local/images/DTS/2019B-0910/DECam_00923741.fits.fz,/net/archive/pipe/20191230/ct4m/2019B-0910/c4d_191231_031952_osj_g_v1.fits.fz,1.07,"{'gte': 54.27470833333333, 'lte': 54.27470833333333}","{'gte': -27.112305555555558, 'lte': -27.112305555555558}",54.27470833333333,-27.112305555555558,g DECam SDSS c0001 4720.0 1520.0,None,,160.0,0,2019-12-31,2019-12-31T03:19:52.334856+0000,[4674],Shen,2019B-0910,2021-06-22,decam,ct4m,ct,,object,SN-C1,stacked,image1,,2019-12-30,[None]
2020-11-19T00:04:33.418247+0000,197d6b59a821a9a6ca3f901c4808b6d5,237913920,/data_local/images/DTS/2019B-0910/DECam_00915325.fits.fz,/net/archive/pipe/20191207/ct4m/2019B-0910/c4d_191208_015247_osw_g_v1.fits.fz,1.04,"{'gte': 52.64962499999999, 'lte': 52.64962499999999}","{'gte': -28.100305555555558, 'lte': -28.100305555555558}",52.64962499999999,-28.100305555555558,g DECam SDSS c0001 4720.0 1520.0,None,,160.0,0,2019-12-08,2019-12-08T01:52:47.221162+0000,[4674],Shen,2019B-0910,2021-05-30,decam,ct4m,ct,,object,SN-C3,stacked,wtmap,,2019-12-07,[None]
2020-11-18T22:38:44.190088+0000,1c70294e02a13304b7f6bcb731a370ed,330975360,/data_local/images/DTS/2019B-0910/DECam_00917129.fits.fz,/net/archive/pipe/20191213/ct4m/2019B-0910/c4d_191214_012553_osw_g_v1.fits.fz,1.05,"{'gte': 52.88704166666666, 'lte': 52.88704166666666}","{'gte': -27.93386111111111, 'lte': -27.93386111111111}",52.88704166666666,-27.93386111111111,g DECam SDSS c0001 4720.0 1520.0,None,,30.0,0,2019-12-14,2019-12-14T01:25:53.713230+0000,[4674],Shen,2019B-0910,2021-06-05,decam,ct4m,ct,,object,SN-C3,stacked,wtmap,,2019-12-13,[None]
2020-11-19T02:04:28.958800+0000,3aed621b6f279fdfc88205d1079d770f,240177600,/data_local/images/DTS/2019B-0910/DECam_00898460.fits.fz,/net/archive/pipe/20190926/ct4m/2019B-0910/c4d_190927_061045_osw_r_v1.fits.fz,1.08,"{'gte': 52.64645833333332, 'lte': 52.64645833333332}","{'gte': -28.102777777777778, 'lte': -28.102777777777778}",52.64645833333332,-28.102777777777778,r DECam SDSS c0002 6415.0 1480.0,None,,280.0,0,2019-09-27,2019-09-27T06:10:45.503730+0000,[4674],Shen,2019B-0910,2021-03-19,decam,ct4m,ct,,object,SN-C3,stacked,wtmap,,2019-09-26,[None]
2020-11-18T23:41:49.114274+0000,13983a6a03e5213de9664ba6e940732f,4861440,/data_local/images/DTS/2019B-0910/DECam_00912549.fits.fz,/net/archive/pipe/20191130/ct4m/2019B-0910/c4d_191201_020851_ose_i_v1.fits.fz,1.06,"{'gte': 52.65041666666666, 'lte': 52.65041666666666}","{'gte': -28.100444444444445, 'lte': -28.100444444444445}",52.65041666666666,-28.100444444444445,i DECam SDSS c0003 7835.0 1470.0,None,,180.0,0,2019-12-01,2019-12-01T02:08:51.183406+0000,[4674],Shen,2019B-0910,2021-05-23,decam,ct4m,ct,,object,SN-C3,stacked,expmap,,2019-11-30,[None]
2020-11-19T06:11:55.705478+0000,401482f758e942cc7da751418c6ba05a,1448640,/data_local/images/DTS/2019B-0910/DECam_00923736.fits.fz,/net/archive/pipe/20191230/ct4m/2019B-0910/c4d_191231_031104_osd_r_v1.fits.fz,1.07,"{'gte': 52.650124999999996, 'lte': 52.650124999999996}","{'gte': -28.099444444444444, 'lte': -28.099444444444444}",52.650124999999996,-28.099444444444444,r DECam SDSS c0002 6415.0 1480.0,None,,140.0,0,2019-12-31,2019-12-31T03:11:04.114507+0000,[4674],Shen,2019B-0910,2021-06-22,decam,ct4m,ct,,object,SN-C3,stacked,dqmask,,2019-12-30,[None]
2020-11-18T23:30:14.452305+0000,1254481fed3b1e5221f202a8d11157ac,1085760,/data_local/images/DTS/2019B-0910/DECam_00925097.fits.fz,/net/archive/pipe/20200105/ct4m/2019B-0910/c4d_200106_031734_osd_i_v1.fits.fz,1.12,"{'gte': 52.65154166666666, 'lte': 52.65154166666666}","{'gte': -28.100305555555558, 'lte': -28.100305555555558}",52.65154166666666,-28.100305555555558,i DECam SDSS c0003 7835.0 1470.0,None,,180.0,0,2020-01-06,2020-01-06T03:17:34.361646+0000,[4674],Shen,2019B-0910,2021-06-28,decam,ct4m,ct,,object,SN-C3,stacked,dqmask,,2020-01-05,[None]
2020-11-19T06:39:45.374808+0000,5c8b2c78c6b1f8aab9a196ddaf0c7b30,1664640,/data_local/images/DTS/2019B-0910/DECam_00925482.fits.fz,/net/archive/pipe/20200120/ct4m/2019B-0910/c4d_200121_033230_osd_r_v1.fits.fz,1.34,"{'gte': 54.274874999999994, 'lte': 54.274874999999994}","{'gte': -27.110944444444446, 'lte': -27.110944444444446}",54.274874999999994,-27.110944444444446,r DECam SDSS c0002 6415.0 1480.0,None,,140.0,0,2020-01-21,2020-01-21T03:32:30.819568+0000,[4674],Shen,2019B-0910,2021-07-13,decam,ct4m,ct,,object,SN-C1,stacked,dqmask,,2020-01-20,[None]
2020-11-19T03:19:44.540150+0000,410b86c0a256d27dfcf6e240f012c65b,5264640,/data_local/images/DTS/2019B-0910/DECam_00908559.fits.fz,/net/archive/pipe/20191116/ct4m/2019B-0910/c4d_191117_021631_ose_g_v1.fits.fz,1.17,"{'gte': 54.27375, 'lte': 54.27375}","{'gte': -27.11175, 'lte': -27.11175}",54.27375,-27.11175,g DECam SDSS c0001 4720.0 1520.0,None,,160.0,0,2019-11-17,2019-11-17T02:16:31.588656+0000,[4674],Shen,2019B-0910,2021-05-09,decam,ct4m,ct,,object,SN-C1,stacked,expmap,,2019-11-16,[None]
2020-11-19T00:06:11.435108+0000,1d2c6ff28b1658bf6023e3f75bc7b6d7,4792320,/data_local/images/DTS/2019B-0910/DECam_00925093.fits.fz,/net/archive/pipe/20200105/ct4m/2019B-0910/c4d_200106_031036_ose_g_v1.fits.fz,1.11,"{'gte': 52.65070833333333, 'lte': 52.65070833333333}","{'gte': -28.100083333333334, 'lte': -28.100083333333334}",52.65070833333333,-28.100083333333334,g DECam SDSS c0001 4720.0 1520.0,None,,160.0,0,2020-01-06,2020-01-06T03:10:36.018290+0000,[4674],Shen,2019B-0910,2021-06-28,decam,ct4m,ct,,object,SN-C3,stacked,expmap,,2020-01-05,[None]
2020-11-18T23:16:06.977282+0000,20caee232b061cb78a3a874af3f4590b,254496960,/data_local/images/DTS/2019B-0910/DECam_00900787.fits.fz,/net/archive/pipe/20191004/ct4m/2019B-0910/c4d_191005_053200_osw_g_v1.fits.fz,1.09,"{'gte': 52.653, 'lte': 52.653}","{'gte': -28.101944444444445, 'lte': -28.101944444444445}",52.653,-28.101944444444445,g DECam SDSS c0001 4720.0 1520.0,None,,40.0,0,2019-10-05,2019-10-05T05:32:00.690685+0000,[4674],Shen,2019B-0910,2021-03-27,decam,ct4m,ct,,object,SN-C3,stacked,wtmap,,2019-10-04,[None]
2020-11-19T03:30:42.372601+0000,3d3348de0350236adecb599aaefa076d,334071360,/data_local/images/DTS/2019B-0910/DECam_00892211.fits.fz,/net/archive/pipe/20190830/ct4m/2019B-0910/c4d_190831_072837_osj_i_v1.fits.fz,1.14,"{'gte': 52.650749999999995, 'lte': 52.650749999999995}","{'gte': -28.09922222222222, 'lte': -28.09922222222222}",52.650749999999995,-28.09922222222222,i DECam SDSS c0003 7835.0 1470.0,None,,180.0,0,2019-08-31,2019-08-31T07:28:37.883508+0000,[4674],Shen,2019B-0910,2021-02-20,decam,ct4m,ct,,object,SN-C3,stacked,image1,,2019-08-30,[None]
2020-11-18T23:15:29.782776+0000,208071a637388b6dc0da08224151a705,333866880,/data_local/images/DTS/2019B-0910/DECam_00912525.fits.fz,/net/archive/pipe/20191130/ct4m/2019B-0910/c4d_191201_012104_osj_i_v1.fits.fz,1.17,"{'gte': 54.26920833333333, 'lte': 54.26920833333333}","{'gte': -27.115972222222222, 'lte': -27.115972222222222}",54.26920833333333,-27.115972222222222,i DECam SDSS c0003 7835.0 1470.0,None,,180.0,0,2019-12-01,2019-12-01T01:21:04.468430+0000,[4674],Shen,2019B-0910,2021-05-23,decam,ct4m,ct,,object,SN-C1,stacked,image1,,2019-11-30,[None]
2020-11-18T23:59:18.110492+0000,6015bafcb8da5cf4fe49b07524069000,332928000,/data_local/images/DTS/2019B-0910/DECam_00889321.fits.fz,/net/archive/pipe/20190821/ct4m/2019B-0910/c4d_190822_082802_osj_r_v1.fits.fz,1.1,"{'gte': 54.272458333333326, 'lte': 54.272458333333326}","{'gte': -29.088583333333332, 'lte': -29.088583333333332}",54.272458333333326,-29.088583333333332,r DECam SDSS c0002 6415.0 1480.0,None,,140.0,0,2019-08-22,2019-08-22T08:28:02.812759+0000,[4674],Shen,2019B-0910,2021-02-11,decam,ct4m,ct,,object,SN-C2,stacked,image1,,2019-08-21,[None]
2020-11-18T22:57:57.859308+0000,1e6dbeb51ed5758cb3be2358c7203666,238988160,/data_local/images/DTS/2019B-0910/DECam_00895705.fits.fz,/net/archive/pipe/20190915/ct4m/2019B-0910/c4d_190916_072313_osw_r_v1.fits.fz,1.05,"{'gte': 54.273333333333326, 'lte': 54.273333333333326}","{'gte': -29.087277777777775, 'lte': -29.087277777777775}",54.273333333333326,-29.087277777777775,r DECam SDSS c0002 6415.0 1480.0,None,,140.0,0,2019-09-16,2019-09-16T07:23:13.765342+0000,[4674],Shen,2019B-0910,2021-03-08,decam,ct4m,ct,,object,SN-C2,stacked,wtmap,,2019-09-15,[None]
2020-11-19T06:39:45.148271+0000,44b2412fa30044b191d8713e2d3e871f,1189440,/data_local/images/DTS/2019B-0910/DECam_00925491.fits.fz,/net/archive/pipe/20200120/ct4m/2019B-0910/c4d_200121_034815_osd_i_v1.fits.fz,1.4,"{'gte': 54.27416666666666, 'lte': 54.27416666666666}","{'gte': -29.088583333333332, 'lte': -29.088583333333332}",54.27416666666666,-29.088583333333332,i DECam SDSS c0003 7835.0 1470.0,None,,180.0,0,2020-01-21,2020-01-21T03:48:15.546112+0000,[4674],Shen,2019B-0910,2021-07-13,decam,ct4m,ct,,object,SN-C2,stacked,dqmask,,2020-01-20,[None]
2020-11-19T03:19:44.545697+0000,444388823c39197cd57e5973855a3be3,333406080,/data_local/images/DTS/2019B-0910/DECam_00908559.fits.fz,/net/archive/pipe/20191116/ct4m/2019B-0910/c4d_191117_021631_osj_g_v1.fits.fz,1.17,"{'gte': 54.27375, 'lte': 54.27375}","{'gte': -27.11175, 'lte': -27.11175}",54.27375,-27.11175,g DECam SDSS c0001 4720.0 1520.0,None,,160.0,0,2019-11-17,2019-11-17T02:16:31.588656+0000,[4674],Shen,2019B-0910,2021-05-09,decam,ct4m,ct,,object,SN-C1,stacked,image1,,2019-11-16,[None]
2020-11-19T12:02:54.799110+0000,5e32a69bffd640b878b0937f03783ba1,1468800,/data_local/images/DTS/2019B-0910/DECam_00940738.fits.fz,/net/archive/pipe/20200303/ct4m/2019B-0910/c4d_200304_003621_osd_r_v1.fits.fz,1.31,"{'gte': 54.27483333333333, 'lte': 54.27483333333333}","{'gte': -27.111805555555556, 'lte': -27.111805555555556}",54.27483333333333,-27.111805555555556,r DECam SDSS c0002 6415.0 1480.0,None,,140.0,0,2020-03-04,2020-03-04T00:36:21.855344+0000,[4674],Shen,2019B-0910,2021-08-25,decam,ct4m,ct,,object,SN-C1,stacked,dqmask,,2020-03-03,[None]
2020-11-19T00:06:54.502097+0000,1f962e47ddf5063238d38b4ed50e9d98,1152000,/data_local/images/DTS/2019B-0910/DECam_00917132.fits.fz,/net/archive/pipe/20191213/ct4m/2019B-0910/c4d_191214_013108_osd_r_v1.fits.fz,1.04,"{'gte': 52.646375, 'lte': 52.646375}","{'gte': -28.10152777777778, 'lte': -28.10152777777778}",52.646375,-28.10152777777778,r DECam SDSS c0002 6415.0 1480.0,None,,140.0,0,2019-12-14,2019-12-14T01:31:08.134018+0000,[4674],Shen,2019B-0910,2021-06-05,decam,ct4m,ct,,object,SN-C3,stacked,dqmask,,2019-12-13,[None]
2020-11-19T10:18:17.888099+0000,21f50ab214d27dfb0517756f5d877486,4815360,/data_local/images/DTS/2019B-0910/DECam_00921217.fits.fz,/net/archive/pipe/20191220/ct4m/2019B-0910/c4d_191221_033056_ose_g_v1.fits.fz,1.04,"{'gte': 52.65145833333333, 'lte': 52.65145833333333}","{'gte': -28.102444444444444, 'lte': -28.102444444444444}",52.65145833333333,-28.102444444444444,g DECam SDSS c0001 4720.0 1520.0,None,,20.0,0,2019-12-21,2019-12-21T03:30:56.267555+0000,[4674],Shen,2019B-0910,2021-06-12,decam,ct4m,ct,,object,SN-C3,stacked,expmap,,2019-12-20,[None]
2020-11-18T23:13:51.938753+0000,2136f4e642486b372e248020b358ea21,333299520,/data_local/images/DTS/2019B-0910/DECam_00923734.fits.fz,/net/archive/pipe/20191230/ct4m/2019B-0910/c4d_191231_030727_osj_g_v1.fits.fz,1.06,"{'gte': 52.65029166666666, 'lte': 52.65029166666666}","{'gte': -28.09911111111111, 'lte': -28.09911111111111}",52.65029166666666,-28.09911111111111,g DECam SDSS c0001 4720.0 1520.0,None,,160.0,0,2019-12-31,2019-12-31T03:07:27.824291+0000,[4674],Shen,2019B-0910,2021-06-22,decam,ct4m,ct,,object,SN-C3,stacked,image1,,2019-12-30,[None]
2020-11-18T23:26:13.018455+0000,4592b438937baf25f7099bba39fc82c1,247023360,/data_local/images/DTS/2019B-0910/DECam_00895683.fits.fz,/net/archive/pipe/20190915/ct4m/2019B-0910/c4d_190916_064148_osw_g_v1.fits.fz,1.1,"{'gte': 52.65266666666666, 'lte': 52.65266666666666}","{'gte': -28.100527777777778, 'lte': -28.100527777777778}",52.65266666666666,-28.100527777777778,g DECam SDSS c0001 4720.0 1520.0,None,,20.0,0,2019-09-16,2019-09-16T06:41:48.200196+0000,[4674],Shen,2019B-0910,2021-03-08,decam,ct4m,ct,,object,SN-C3,stacked,wtmap,,2019-09-15,[None]
2020-11-18T22:56:30.445609+0000,1fecc73c91fe0edb93e26f2d6d3a9d02,338492160,/data_local/images/DTS/2019B-0910/DECam_00898481.fits.fz,/net/archive/pipe/20190926/ct4m/2019B-0910/c4d_190927_065011_osj_i_v1.fits.fz,1.03,"{'gte': 54.27375, 'lte': 54.27375}","{'gte': -29.0875, 'lte': -29.0875}",54.27375,-29.0875,i DECam SDSS c0003 7835.0 1470.0,None,,180.0,0,2019-09-27,2019-09-27T06:50:11.321703+0000,[4674],Shen,2019B-0910,2021-03-19,decam,ct4m,ct,,object,SN-C2,stacked,image1,,2019-09-26,[None]
2020-11-19T10:26:58.213120+0000,2440db78896196191ac7572bc2f6e845,4852800,/data_local/images/DTS/2019B-0910/DECam_00923745.fits.fz,/net/archive/pipe/20191230/ct4m/2019B-0910/c4d_191231_032648_ose_i_v1.fits.fz,1.08,"{'gte': 54.27316666666666, 'lte': 54.27316666666666}","{'gte': -27.11213888888889, 'lte': -27.11213888888889}",54.27316666666666,-27.11213888888889,i DECam SDSS c0003 7835.0 1470.0,None,,180.0,0,2019-12-31,2019-12-31T03:26:48.366559+0000,[4674],Shen,2019B-0910,2021-06-22,decam,ct4m,ct,,object,SN-C1,stacked,expmap,,2019-12-30,[None]
2020-11-19T06:39:45.475470+0000,45fe30e12e5379392fb483ce25c0e17f,338074560,/data_local/images/DTS/2019B-0910/DECam_00925484.fits.fz,/net/archive/pipe/20200120/ct4m/2019B-0910/c4d_200121_033547_osj_i_v1.fits.fz,1.35,"{'gte': 54.27470833333333, 'lte': 54.27470833333333}","{'gte': -27.110972222222223, 'lte': -27.110972222222223}",54.27470833333333,-27.110972222222223,i DECam SDSS c0003 7835.0 1470.0,None,,180.0,0,2020-01-21,2020-01-21T03:35:47.674765+0000,[4674],Shen,2019B-0910,2021-07-13,decam,ct4m,ct,,object,SN-C1,stacked,image1,,2020-01-20,[None]
2020-11-19T10:20:39.897211+0000,23735ff9409a78278432e169dc447749,333221760,/data_local/images/DTS/2019B-0910/DECam_00925477.fits.fz,/net/archive/pipe/20200120/ct4m/2019B-0910/c4d_200121_032312_osj_i_v1.fits.fz,1.32,"{'gte': 52.649125, 'lte': 52.649125}","{'gte': -28.099777777777778, 'lte': -28.099777777777778}",52.649125,-28.099777777777778,i DECam SDSS c0003 7835.0 1470.0,None,,180.0,0,2020-01-21,2020-01-21T03:23:12.608622+0000,[4674],Shen,2019B-0910,2021-07-13,decam,ct4m,ct,,object,SN-C3,stacked,image1,,2020-01-20,[None]
2020-11-19T10:20:53.305925+0000,237fdb852e6eafc5c1893983434fb88f,1221120,/data_local/images/DTS/2019B-0910/DECam_00902580.fits.fz,/net/archive/pipe/20191021/ct4m/2019B-0910/c4d_191022_080656_osd_g_v1.fits.fz,1.09,"{'gte': 54.273041666666664, 'lte': 54.273041666666664}","{'gte': -29.08911111111111, 'lte': -29.08911111111111}",54.273041666666664,-29.08911111111111,g DECam SDSS c0001 4720.0 1520.0,None,,160.0,0,2019-10-22,2019-10-22T08:06:56.083261+0000,[4674],Shen,2019B-0910,2021-04-13,decam,ct4m,ct,,object,SN-C2,stacked,dqmask,,2019-10-21,[None]
2020-11-19T10:23:10.525209+0000,22d634697a1b85768a66db8e1c6817c1,1428480,/data_local/images/DTS/2019B-0910/DECam_00889314.fits.fz,/net/archive/pipe/20190821/ct4m/2019B-0910/c4d_190822_081536_osd_r_v1.fits.fz,1.13,"{'gte': 54.27262499999999, 'lte': 54.27262499999999}","{'gte': -27.1125, 'lte': -27.1125}",54.27262499999999,-27.1125,r DECam SDSS c0002 6415.0 1480.0,None,,140.0,0,2019-08-22,2019-08-22T08:15:36.995012+0000,[4674],Shen,2019B-0910,2021-02-11,decam,ct4m,ct,,object,SN-C1,stacked,dqmask,,2019-08-21,[None]
2020-11-18T23:28:00.816446+0000,2211fb9c7591885f28794904577730d9,1491840,/data_local/images/DTS/2019B-0910/DECam_00923738.fits.fz,/net/archive/pipe/20191230/ct4m/2019B-0910/c4d_191231_031422_osd_i_v1.fits.fz,1.07,"{'gte': 52.64999999999999, 'lte': 52.64999999999999}","{'gte': -28.09936111111111, 'lte': -28.09936111111111}",52.64999999999999,-28.09936111111111,i DECam SDSS c0003 7835.0 1470.0,None,,180.0,0,2019-12-31,2019-12-31T03:14:22.277256+0000,[4674],Shen,2019B-0910,2021-06-22,decam,ct4m,ct,,object,SN-C3,stacked,dqmask,,2019-12-30,[None]
2020-11-19T02:53:30.437174+0000,46c2173880c35c63e4de6aa944296230,4576320,/data_local/images/DTS/2019B-0910/DECam_00925095.fits.fz,/net/archive/pipe/20200105/ct4m/2019B-0910/c4d_200106_031415_ose_r_v1.fits.fz,1.11,"{'gte': 52.651291666666665, 'lte': 52.651291666666665}","{'gte': -28.099888888888888, 'lte': -28.099888888888888}",52.651291666666665,-28.099888888888888,r DECam SDSS c0002 6415.0 1480.0,None,,140.0,0,2020-01-06,2020-01-06T03:14:15.764427+0000,[4674],Shen,2019B-0910,2021-06-28,decam,ct4m,ct,,object,SN-C3,stacked,expmap,,2020-01-05,[None]
2020-11-19T05:55:28.818916+0000,68115f01bec71afdca8041d4cffda366,334791360,/data_local/images/DTS/2019B-0910/DECam_00917141.fits.fz,/net/archive/pipe/20191213/ct4m/2019B-0910/c4d_191214_014657_osj_i_v1.fits.fz,1.03,"{'gte': 54.27445833333332, 'lte': 54.27445833333332}","{'gte': -27.111555555555558, 'lte': -27.111555555555558}",54.27445833333332,-27.111555555555558,i DECam SDSS c0003 7835.0 1470.0,None,,180.0,0,2019-12-14,2019-12-14T01:46:57.541901+0000,[4674],Shen,2019B-0910,2021-06-05,decam,ct4m,ct,,object,SN-C1,stacked,image1,,2019-12-13,[None]
2020-11-18T19:37:49.818507+0000,52f08f253535ac50981b2fa01d9858eb,240085440,/data_local/images/DTS/2019B-0910/DECam_00898458.fits.fz,/net/archive/pipe/20190926/ct4m/2019B-0910/c4d_190927_060707_osw_g_v1.fits.fz,1.09,"{'gte': 52.64812499999999, 'lte': 52.64812499999999}","{'gte': -28.10161111111111, 'lte': -28.10161111111111}",52.64812499999999,-28.10161111111111,g DECam SDSS c0001 4720.0 1520.0,None,,320.0,0,2019-09-27,2019-09-27T06:07:07.325607+0000,[4674],Shen,2019B-0910,2021-03-19,decam,ct4m,ct,,object,SN-C3,stacked,wtmap,,2019-09-26,[None]
2020-11-18T21:08:34.046992+0000,6782ef2529795b9a65c4ab3ffdc69311,334736640,/data_local/images/DTS/2019B-0910/DECam_00912523.fits.fz,/net/archive/pipe/20191130/ct4m/2019B-0910/c4d_191201_011743_osj_r_v1.fits.fz,1.18,"{'gte': 54.27083333333333, 'lte': 54.27083333333333}","{'gte': -27.114472222222222, 'lte': -27.114472222222222}",54.27083333333333,-27.114472222222222,r DECam SDSS c0002 6415.0 1480.0,None,,140.0,0,2019-12-01,2019-12-01T01:17:43.511557+0000,[4674],Shen,2019B-0910,2021-05-23,decam,ct4m,ct,,object,SN-C1,stacked,image1,,2019-11-30,[None]
2020-11-19T06:09:17.240095+0000,59722dd584f079ea00b31384bec654d9,343837440,/data_local/images/DTS/2019B-0910/DECam_00921234.fits.fz,/net/archive/pipe/20191220/ct4m/2019B-0910/c4d_191221_040255_osj_i_v1.fits.fz,1.08,"{'gte': 54.27470833333333, 'lte': 54.27470833333333}","{'gte': -27.111583333333336, 'lte': -27.111583333333336}",54.27470833333333,-27.111583333333336,i DECam SDSS c0003 7835.0 1470.0,None,,180.0,0,2019-12-21,2019-12-21T04:02:55.563912+0000,[4674],Shen,2019B-0910,2021-06-12,decam,ct4m,ct,,object,SN-C1,stacked,image1,,2019-12-20,[None]
2020-11-19T10:27:34.979332+0000,2466a1c293df7e67ee0f6e3d00f7228b,237490560,/data_local/images/DTS/2019B-0910/DECam_00927209.fits.fz,/net/archive/pipe/20200127/ct4m/2019B-0910/c4d_200128_014529_osw_g_v1.fits.fz,1.1,"{'gte': 54.27462499999999, 'lte': 54.27462499999999}","{'gte': -29.08908333333333, 'lte': -29.08908333333333}",54.27462499999999,-29.08908333333333,g DECam SDSS c0001 4720.0 1520.0,None,,160.0,0,2020-01-28,2020-01-28T01:45:29.454433+0000,[4674],Shen,2019B-0910,2021-07-20,decam,ct4m,ct,,object,SN-C2,stacked,wtmap,,2020-01-27,[None]
2020-11-18T23:25:35.197051+0000,25d5528034975ff07431689cee65211a,335067840,/data_local/images/DTS/2019B-0910/DECam_00921242.fits.fz,/net/archive/pipe/20191220/ct4m/2019B-0910/c4d_191221_042022_osj_g_v1.fits.fz,1.11,"{'gte': 54.273999999999994, 'lte': 54.273999999999994}","{'gte': -29.08825, 'lte': -29.08825}",54.273999999999994,-29.08825,g DECam SDSS c0001 4720.0 1520.0,None,,160.0,0,2019-12-21,2019-12-21T04:20:22.998580+0000,[4674],Shen,2019B-0910,2021-06-12,decam,ct4m,ct,,object,SN-C2,stacked,image1,,2019-12-20,[None]
2020-11-19T02:53:30.229746+0000,3612bc94abadd872e5173f574990a3f2,895680,/data_local/images/DTS/2019B-0910/DECam_00925092.fits.fz,/net/archive/pipe/20200105/ct4m/2019B-0910/c4d_200106_030858_osd_g_v1.fits.fz,1.1,"{'gte': 52.647499999999994, 'lte': 52.647499999999994}","{'gte': -28.09872222222222, 'lte': -28.09872222222222}",52.647499999999994,-28.09872222222222,g DECam SDSS c0001 4720.0 1520.0,None,,20.0,0,2020-01-06,2020-01-06T03:08:58.818990+0000,[4674],Shen,2019B-0910,2021-06-28,decam,ct4m,ct,,object,SN-C3,stacked,dqmask,,2020-01-05,[None]
2020-11-19T06:39:38.824024+0000,57520f593e5fd9fbba928d876911c343,238452480,/data_local/images/DTS/2019B-0910/DECam_00921220.fits.fz,/net/archive/pipe/20191220/ct4m/2019B-0910/c4d_191221_033609_osw_r_v1.fits.fz,1.05,"{'gte': 52.64954166666666, 'lte': 52.64954166666666}","{'gte': -28.098583333333334, 'lte': -28.098583333333334}",52.64954166666666,-28.098583333333334,r DECam SDSS c0002 6415.0 1480.0,None,,140.0,0,2019-12-21,2019-12-21T03:36:09.494556+0000,[4674],Shen,2019B-0910,2021-06-12,decam,ct4m,ct,,object,SN-C3,stacked,wtmap,,2019-12-20,[None]
2020-11-19T10:27:20.395269+0000,24562f971b4d149b2abae9828569ad31,238219200,/data_local/images/DTS/2019B-0910/DECam_00921232.fits.fz,/net/archive/pipe/20191220/ct4m/2019B-0910/c4d_191221_035936_osw_r_v1.fits.fz,1.07,"{'gte': 54.27429166666666, 'lte': 54.27429166666666}","{'gte': -27.11202777777778, 'lte': -27.11202777777778}",54.27429166666666,-27.11202777777778,r DECam SDSS c0002 6415.0 1480.0,None,,140.0,0,2019-12-21,2019-12-21T03:59:36.489757+0000,[4674],Shen,2019B-0910,2021-06-12,decam,ct4m,ct,,object,SN-C1,stacked,wtmap,,2019-12-20,[None]
2020-11-19T05:55:27.468581+0000,8db38f3cce07bf3bea98204e003aa8c6,238017600,/data_local/images/DTS/2019B-0910/DECam_00917139.fits.fz,/net/archive/pipe/20191213/ct4m/2019B-0910/c4d_191214_014340_osw_r_v1.fits.fz,1.04,"{'gte': 54.27404166666666, 'lte': 54.27404166666666}","{'gte': -27.112305555555558, 'lte': -27.112305555555558}",54.27404166666666,-27.112305555555558,r DECam SDSS c0002 6415.0 1480.0,None,,140.0,0,2019-12-14,2019-12-14T01:43:40.302067+0000,[4674],Shen,2019B-0910,2021-06-05,decam,ct4m,ct,,object,SN-C1,stacked,wtmap,,2019-12-13,[None]
2020-11-18T22:38:25.957938+0000,483df480203ef180f4ce314b94365aed,237939840,/data_local/images/DTS/2019B-0910/DECam_00892231.fits.fz,/net/archive/pipe/20190830/ct4m/2019B-0910/c4d_190831_081603_osw_r_v1.fits.fz,1.06,"{'gte': 54.27445833333332, 'lte': 54.27445833333332}","{'gte': -29.08897222222222, 'lte': -29.08897222222222}",54.27445833333332,-29.08897222222222,r DECam SDSS c0002 6415.0 1480.0,None,,140.0,0,2019-08-31,2019-08-31T08:16:03.479548+0000,[4674],Shen,2019B-0910,2021-02-20,decam,ct4m,ct,,object,SN-C2,stacked,wtmap,,2019-08-30,[None]
2020-11-19T07:42:49.857274+0000,50700786ff76cd9fb410835fd182e349,1347840,/data_local/images/DTS/2019B-0910/DECam_00902584.fits.fz,/net/archive/pipe/20191021/ct4m/2019B-0910/c4d_191022_081349_osd_i_v1.fits.fz,1.1,"{'gte': 54.27287499999999, 'lte': 54.27287499999999}","{'gte': -29.088666666666665, 'lte': -29.088666666666665}",54.27287499999999,-29.088666666666665,i DECam SDSS c0003 7835.0 1470.0,None,,180.0,0,2019-10-22,2019-10-22T08:13:49.595391+0000,[4674],Shen,2019B-0910,2021-04-13,decam,ct4m,ct,,object,SN-C2,stacked,dqmask,,2019-10-21,[None]
2020-11-19T03:04:34.335038+0000,4a731ae33e4a045f19e0727b5a9eb190,4749120,/data_local/images/DTS/2019B-0910/DECam_00927209.fits.fz,/net/archive/pipe/20200127/ct4m/2019B-0910/c4d_200128_014529_ose_g_v1.fits.fz,1.1,"{'gte': 54.27462499999999, 'lte': 54.27462499999999}","{'gte': -29.08908333333333, 'lte': -29.08908333333333}",54.27462499999999,-29.08908333333333,g DECam SDSS c0001 4720.0 1520.0,None,,160.0,0,2020-01-28,2020-01-28T01:45:29.454433+0000,[4674],Shen,2019B-0910,2021-07-20,decam,ct4m,ct,,object,SN-C2,stacked,expmap,,2020-01-27,[None]
2020-11-18T18:33:01.150691+0000,4b27b5b8200fec7b1d67fb49c56b0a0a,996480,/data_local/images/DTS/2019B-0910/DECam_00902560.fits.fz,/net/archive/pipe/20191021/ct4m/2019B-0910/c4d_191022_072805_osd_g_v1.fits.fz,1.04,"{'gte': 52.651916666666665, 'lte': 52.651916666666665}","{'gte': -28.102972222222224, 'lte': -28.102972222222224}",52.651916666666665,-28.102972222222224,g DECam SDSS c0001 4720.0 1520.0,None,,20.0,0,2019-10-22,2019-10-22T07:28:05.714096+0000,[4674],Shen,2019B-0910,2021-04-13,decam,ct4m,ct,,object,SN-C3,stacked,dqmask,,2019-10-21,[None]
2020-11-19T03:19:45.926242+0000,4b5ea334979e3a16410a6f95c53030ba,1612800,/data_local/images/DTS/2019B-0910/DECam_00908561.fits.fz,/net/archive/pipe/20191116/ct4m/2019B-0910/c4d_191117_022009_osd_r_v1.fits.fz,1.16,"{'gte': 54.273999999999994, 'lte': 54.273999999999994}","{'gte': -27.111805555555556, 'lte': -27.111805555555556}",54.273999999999994,-27.111805555555556,r DECam SDSS c0002 6415.0 1480.0,None,,140.0,0,2019-11-17,2019-11-17T02:20:09.121999+0000,[4674],Shen,2019B-0910,2021-05-09,decam,ct4m,ct,,object,SN-C1,stacked,dqmask,,2019-11-16,[None]
2020-11-19T07:30:07.736846+0000,002b1739a3ce17ed99f6c420303a8c26,4731840,/data_local/images/DTS/2019B-0910/DECam_00921246.fits.fz,/net/archive/pipe/20191220/ct4m/2019B-0910/c4d_191221_042717_ose_i_v1.fits.fz,1.12,"{'gte': 54.273708333333325, 'lte': 54.273708333333325}","{'gte': -29.087805555555555, 'lte': -29.087805555555555}",54.273708333333325,-29.087805555555555,i DECam SDSS c0003 7835.0 1470.0,None,,180.0,0,2019-12-21,2019-12-21T04:27:17.894475+0000,[4674],Shen,2019B-0910,2021-06-12,decam,ct4m,ct,,object,SN-C2,stacked,expmap,,2019-12-20,[None]
2020-11-18T19:38:05.075810+0000,4e765ef0568636a28dacde5e65139970,334788480,/data_local/images/DTS/2019B-0910/DECam_00906069.fits.fz,/net/archive/pipe/20191104/ct4m/2019B-0910/c4d_191105_031908_osj_i_v1.fits.fz,1.11,"{'gte': 52.64945833333333, 'lte': 52.64945833333333}","{'gte': -28.10086111111111, 'lte': -28.10086111111111}",52.64945833333333,-28.10086111111111,i DECam SDSS c0003 7835.0 1470.0,None,,180.0,0,2019-11-05,2019-11-05T03:19:08.637072+0000,[4674],Shen,2019B-0910,2021-04-27,decam,ct4m,ct,,object,SN-C3,stacked,image1,,2019-11-04,[None]
2020-11-18T22:47:25.222705+0000,015e555ab541ecabef36870a9d85d005,238524480,/data_local/images/DTS/2019B-0910/DECam_00925107.fits.fz,/net/archive/pipe/20200105/ct4m/2019B-0910/c4d_200106_033552_osw_g_v1.fits.fz,1.15,"{'gte': 54.27466666666666, 'lte': 54.27466666666666}","{'gte': -29.089694444444444, 'lte': -29.089694444444444}",54.27466666666666,-29.089694444444444,g DECam SDSS c0001 4720.0 1520.0,None,,160.0,0,2020-01-06,2020-01-06T03:35:52.555164+0000,[4674],Shen,2019B-0910,2021-06-28,decam,ct4m,ct,,object,SN-C2,stacked,wtmap,,2020-01-05,[None]
2020-11-19T05:49:05.035169+0000,50daa19a6870eab9bc6d1b73046eff50,334316160,/data_local/images/DTS/2019B-0910/DECam_00915311.fits.fz,/net/archive/pipe/20191207/ct4m/2019B-0910/c4d_191208_012752_osj_g_v1.fits.fz,1.09,"{'gte': 54.27237499999999, 'lte': 54.27237499999999}","{'gte': -27.113194444444446, 'lte': -27.113194444444446}",54.27237499999999,-27.113194444444446,g DECam SDSS c0001 4720.0 1520.0,None,,160.0,0,2019-12-08,2019-12-08T01:27:52.164712+0000,[4674],Shen,2019B-0910,2021-05-30,decam,ct4m,ct,,object,SN-C1,stacked,image1,,2019-12-07,[None]
2020-11-19T07:54:10.428211+0000,02315f1b9f0ba8ec61fd3258efd29deb,239140800,/data_local/images/DTS/2019B-0910/DECam_00902582.fits.fz,/net/archive/pipe/20191021/ct4m/2019B-0910/c4d_191022_081032_osw_r_v1.fits.fz,1.09,"{'gte': 54.27358333333333, 'lte': 54.27358333333333}","{'gte': -29.088777777777775, 'lte': -29.088777777777775}",54.27358333333333,-29.088777777777775,r DECam SDSS c0002 6415.0 1480.0,None,,140.0,0,2019-10-22,2019-10-22T08:10:32.860639+0000,[4674],Shen,2019B-0910,2021-04-13,decam,ct4m,ct,,object,SN-C2,stacked,wtmap,,2019-10-21,[None]
2020-11-18T23:25:00.673645+0000,50afb5782656c8f3b4fd95e32d3aa34d,4121280,/data_local/images/DTS/2019B-0910/DECam_00895707.fits.fz,/net/archive/pipe/20190915/ct4m/2019B-0910/c4d_190916_072629_ose_i_v1.fits.fz,1.04,"{'gte': 54.27383333333333, 'lte': 54.27383333333333}","{'gte': -29.087416666666666, 'lte': -29.087416666666666}",54.27383333333333,-29.087416666666666,i DECam SDSS c0003 7835.0 1470.0,None,,180.0,0,2019-09-16,2019-09-16T07:26:29.914260+0000,[4674],Shen,2019B-0910,2021-03-08,decam,ct4m,ct,,object,SN-C2,stacked,expmap,,2019-09-15,[None]
2020-11-18T18:52:42.379664+0000,5b1cdc9fb7dfb98829fe00d2e84dd920,333241920,/data_local/images/DTS/2019B-0910/DECam_00906053.fits.fz,/net/archive/pipe/20191104/ct4m/2019B-0910/c4d_191105_024758_osj_g_v1.fits.fz,1.21,"{'gte': 54.27462499999999, 'lte': 54.27462499999999}","{'gte': -29.088444444444445, 'lte': -29.088444444444445}",54.27462499999999,-29.088444444444445,g DECam SDSS c0001 4720.0 1520.0,None,,160.0,0,2019-11-05,2019-11-05T02:47:58.783902+0000,[4674],Shen,2019B-0910,2021-04-27,decam,ct4m,ct,,object,SN-C2,stacked,image1,,2019-11-04,[None]
2020-11-18T23:09:51.894184+0000,4d79a13745dbb96e995a2dc0f0b95fb0,4841280,/data_local/images/DTS/2019B-0910/DECam_00892222.fits.fz,/net/archive/pipe/20190830/ct4m/2019B-0910/c4d_190831_080000_ose_g_v1.fits.fz,1.09,"{'gte': 54.27779166666666, 'lte': 54.27779166666666}","{'gte': -27.114250000000002, 'lte': -27.114250000000002}",54.27779166666666,-27.114250000000002,g DECam SDSS c0001 4720.0 1520.0,None,,160.0,0,2019-08-31,2019-08-31T08:00:00.616424+0000,[4674],Shen,2019B-0910,2021-02-20,decam,ct4m,ct,,object,SN-C1,stacked,expmap,,2019-08-30,[None]
2020-11-19T11:05:26.612013+0000,5b098b8b30c3bf03f95b5bba9f151b58,337515840,/data_local/images/DTS/2019B-0910/DECam_00940740.fits.fz,/net/archive/pipe/20200303/ct4m/2019B-0910/c4d_200304_003943_osj_i_v1.fits.fz,1.32,"{'gte': 54.27479166666666, 'lte': 54.27479166666666}","{'gte': -27.111888888888892, 'lte': -27.111888888888892}",54.27479166666666,-27.111888888888892,i DECam SDSS c0003 7835.0 1470.0,None,,180.0,0,2020-03-04,2020-03-04T00:39:43.224176+0000,[4674],Shen,2019B-0910,2021-08-25,decam,ct4m,ct,,object,SN-C1,stacked,image1,,2020-03-03,[None]
2020-11-18T18:33:14.827791+0000,4dd96a4a8f90054fc1d28cfc53725350,43724160,/data_local/images/DTS/2019B-0910/DECam_00902565.fits.fz,/net/archive/pipe/20191021/ct4m/2019B-0910/c4d_191022_073706_ose_i_v1.fits.fz,1.05,"{'gte': 52.65174999999999, 'lte': 52.65174999999999}","{'gte': -28.102055555555555, 'lte': -28.102055555555555}",52.65174999999999,-28.102055555555555,i DECam SDSS c0003 7835.0 1470.0,None,,180.0,0,2019-10-22,2019-10-22T07:37:06.815070+0000,[4674],Shen,2019B-0910,2021-04-13,decam,ct4m,ct,,object,SN-C3,stacked,expmap,,2019-10-21,[None]
2020-11-19T08:32:27.604786+0000,5ab4a307728d49f93277282117017545,3744000,/data_local/images/DTS/2019B-0910/DECam_00898481.fits.fz,/net/archive/pipe/20190926/ct4m/2019B-0910/c4d_190927_065011_ose_i_v1.fits.fz,1.03,"{'gte': 54.27375, 'lte': 54.27375}","{'gte': -29.0875, 'lte': -29.0875}",54.27375,-29.0875,i DECam SDSS c0003 7835.0 1470.0,None,,180.0,0,2019-09-27,2019-09-27T06:50:11.321703+0000,[4674],Shen,2019B-0910,2021-03-19,decam,ct4m,ct,,object,SN-C2,stacked,expmap,,2019-09-26,[None]
2020-11-18T22:38:15.415654+0000,1c6ba375eae7ef14050d5ef37a5e1869,239256000,/data_local/images/DTS/2019B-0910/DECam_00917146.fits.fz,/net/archive/pipe/20191213/ct4m/2019B-0910/c4d_191214_015600_osw_r_v1.fits.fz,1.02,"{'gte': 54.275375, 'lte': 54.275375}","{'gte': -29.088277777777776, 'lte': -29.088277777777776}",54.275375,-29.088277777777776,r DECam SDSS c0002 6415.0 1480.0,None,,140.0,0,2019-12-14,2019-12-14T01:56:00.940679+0000,[4674],Shen,2019B-0910,2021-06-05,decam,ct4m,ct,,object,SN-C2,stacked,wtmap,,2019-12-13,[None]
2020-11-19T10:11:59.519765+0000,1b433bb64313f8f6a66f418e3bcb0521,4524480,/data_local/images/DTS/2019B-0910/DECam_00917139.fits.fz,/net/archive/pipe/20191213/ct4m/2019B-0910/c4d_191214_014340_ose_r_v1.fits.fz,1.04,"{'gte': 54.27404166666666, 'lte': 54.27404166666666}","{'gte': -27.112305555555558, 'lte': -27.112305555555558}",54.27404166666666,-27.112305555555558,r DECam SDSS c0002 6415.0 1480.0,None,,140.0,0,2019-12-14,2019-12-14T01:43:40.302067+0000,[4674],Shen,2019B-0910,2021-06-05,decam,ct4m,ct,,object,SN-C1,stacked,expmap,,2019-12-13,[None]
2020-11-19T02:48:16.697131+0000,5297bb6a04a982f70f28b0c5a3f4a68d,239160960,/data_local/images/DTS/2019B-0910/DECam_00912547.fits.fz,/net/archive/pipe/20191130/ct4m/2019B-0910/c4d_191201_020532_osw_r_v1.fits.fz,1.06,"{'gte': 52.651083333333325, 'lte': 52.651083333333325}","{'gte': -28.100611111111114, 'lte': -28.100611111111114}",52.651083333333325,-28.100611111111114,r DECam SDSS c0002 6415.0 1480.0,None,,140.0,0,2019-12-01,2019-12-01T02:05:32.557646+0000,[4674],Shen,2019B-0910,2021-05-23,decam,ct4m,ct,,object,SN-C3,stacked,wtmap,,2019-11-30,[None]
2020-11-19T06:09:51.099573+0000,54d162a534789bd00b1e06a6275290d1,4921920,/data_local/images/DTS/2019B-0910/DECam_00925491.fits.fz,/net/archive/pipe/20200120/ct4m/2019B-0910/c4d_200121_034815_ose_i_v1.fits.fz,1.4,"{'gte': 54.27416666666666, 'lte': 54.27416666666666}","{'gte': -29.088583333333332, 'lte': -29.088583333333332}",54.27416666666666,-29.088583333333332,i DECam SDSS c0003 7835.0 1470.0,None,,180.0,0,2020-01-21,2020-01-21T03:48:15.546112+0000,[4674],Shen,2019B-0910,2021-07-13,decam,ct4m,ct,,object,SN-C2,stacked,expmap,,2020-01-20,[None]
2020-11-18T18:33:02.948843+0000,54bf080528f2b9a739781c51b3e099ef,337121280,/data_local/images/DTS/2019B-0910/DECam_00902560.fits.fz,/net/archive/pipe/20191021/ct4m/2019B-0910/c4d_191022_072805_osj_g_v1.fits.fz,1.04,"{'gte': 52.651916666666665, 'lte': 52.651916666666665}","{'gte': -28.102972222222224, 'lte': -28.102972222222224}",52.651916666666665,-28.102972222222224,g DECam SDSS c0001 4720.0 1520.0,None,,20.0,0,2019-10-22,2019-10-22T07:28:05.714096+0000,[4674],Shen,2019B-0910,2021-04-13,decam,ct4m,ct,,object,SN-C3,stacked,image1,,2019-10-21,[None]
2020-11-19T06:09:47.988188+0000,53816712d61837c452a724b0c8cacef7,238311360,/data_local/images/DTS/2019B-0910/DECam_00925097.fits.fz,/net/archive/pipe/20200105/ct4m/2019B-0910/c4d_200106_031734_osw_i_v1.fits.fz,1.12,"{'gte': 52.65154166666666, 'lte': 52.65154166666666}","{'gte': -28.100305555555558, 'lte': -28.100305555555558}",52.65154166666666,-28.100305555555558,i DECam SDSS c0003 7835.0 1470.0,None,,180.0,0,2020-01-06,2020-01-06T03:17:34.361646+0000,[4674],Shen,2019B-0910,2021-06-28,decam,ct4m,ct,,object,SN-C3,stacked,wtmap,,2020-01-05,[None]
2020-11-19T02:48:16.218915+0000,56682ef75481f7d7be4144f0b3c34548,334661760,/data_local/images/DTS/2019B-0910/DECam_00912537.fits.fz,/net/archive/pipe/20191130/ct4m/2019B-0910/c4d_191201_014510_osj_i_v1.fits.fz,1.11,"{'gte': 54.27358333333333, 'lte': 54.27358333333333}","{'gte': -29.088583333333332, 'lte': -29.088583333333332}",54.27358333333333,-29.088583333333332,i DECam SDSS c0003 7835.0 1470.0,None,,180.0,0,2019-12-01,2019-12-01T01:45:10.622797+0000,[4674],Shen,2019B-0910,2021-05-23,decam,ct4m,ct,,object,SN-C2,stacked,image1,,2019-11-30,[None]
2020-11-19T05:55:26.721788+0000,6bbd026187656d3179bcc689ab3d59b0,4504320,/data_local/images/DTS/2019B-0910/DECam_00917132.fits.fz,/net/archive/pipe/20191213/ct4m/2019B-0910/c4d_191214_013108_ose_r_v1.fits.fz,1.04,"{'gte': 52.646375, 'lte': 52.646375}","{'gte': -28.10152777777778, 'lte': -28.10152777777778}",52.646375,-28.10152777777778,r DECam SDSS c0002 6415.0 1480.0,None,,140.0,0,2019-12-14,2019-12-14T01:31:08.134018+0000,[4674],Shen,2019B-0910,2021-06-05,decam,ct4m,ct,,object,SN-C3,stacked,expmap,,2019-12-13,[None]
2020-11-18T21:05:22.556409+0000,17961eaaff9095d17ea9a0ab026f4a26,239169600,/data_local/images/DTS/2019B-0910/DECam_00908582.fits.fz,/net/archive/pipe/20191116/ct4m/2019B-0910/c4d_191117_030315_osw_g_v1.fits.fz,1.06,"{'gte': 52.649583333333325, 'lte': 52.649583333333325}","{'gte': -28.100194444444448, 'lte': -28.100194444444448}",52.649583333333325,-28.100194444444448,g DECam SDSS c0001 4720.0 1520.0,None,,20.0,0,2019-11-17,2019-11-17T03:03:15.818403+0000,[4674],Shen,2019B-0910,2021-05-09,decam,ct4m,ct,,object,SN-C3,stacked,wtmap,,2019-11-16,[None]
2020-11-18T18:52:43.228587+0000,55e2a7c91584403fbe28efcb39bcd119,1483200,/data_local/images/DTS/2019B-0910/DECam_00906045.fits.fz,/net/archive/pipe/20191104/ct4m/2019B-0910/c4d_191105_023040_osd_i_v1.fits.fz,1.27,"{'gte': 54.27475, 'lte': 54.27475}","{'gte': -27.110000000000003, 'lte': -27.110000000000003}",54.27475,-27.110000000000003,i DECam SDSS c0003 7835.0 1470.0,None,,180.0,0,2019-11-05,2019-11-05T02:30:40.432773+0000,[4674],Shen,2019B-0910,2021-04-27,decam,ct4m,ct,,object,SN-C1,stacked,dqmask,,2019-11-04,[None]
2020-11-19T02:53:30.226711+0000,9d8ebe51eea2ed1aee935e38925f86fa,3870720,/data_local/images/DTS/2019B-0910/DECam_00925092.fits.fz,/net/archive/pipe/20200105/ct4m/2019B-0910/c4d_200106_030858_ose_g_v1.fits.fz,1.1,"{'gte': 52.647499999999994, 'lte': 52.647499999999994}","{'gte': -28.09872222222222, 'lte': -28.09872222222222}",52.647499999999994,-28.09872222222222,g DECam SDSS c0001 4720.0 1520.0,None,,20.0,0,2020-01-06,2020-01-06T03:08:58.818990+0000,[4674],Shen,2019B-0910,2021-06-28,decam,ct4m,ct,,object,SN-C3,stacked,expmap,,2020-01-05,[None]
2020-11-18T18:29:57.908609+0000,5570ba21358fb12443d5bcfa42a24907,1028160,/data_local/images/DTS/2019B-0910/DECam_00900790.fits.fz,/net/archive/pipe/20191004/ct4m/2019B-0910/c4d_191005_053715_osd_r_v1.fits.fz,1.08,"{'gte': 52.64691666666666, 'lte': 52.64691666666666}","{'gte': -28.102111111111114, 'lte': -28.102111111111114}",52.64691666666666,-28.102111111111114,r DECam SDSS c0002 6415.0 1480.0,None,,280.0,0,2019-10-05,2019-10-05T05:37:15.477196+0000,[4674],Shen,2019B-0910,2021-03-27,decam,ct4m,ct,,object,SN-C3,stacked,dqmask,,2019-10-04,[None]
2020-11-18T18:33:16.215901+0000,6cd5790b1013b41bbc4db914bac28914,238512960,/data_local/images/DTS/2019B-0910/DECam_00902575.fits.fz,/net/archive/pipe/20191021/ct4m/2019B-0910/c4d_191022_075805_osw_r_v1.fits.fz,1.08,"{'gte': 54.276041666666664, 'lte': 54.276041666666664}","{'gte': -27.113500000000002, 'lte': -27.113500000000002}",54.276041666666664,-27.113500000000002,r DECam SDSS c0002 6415.0 1480.0,None,,140.0,0,2019-10-22,2019-10-22T07:58:05.709488+0000,[4674],Shen,2019B-0910,2021-04-13,decam,ct4m,ct,,object,SN-C1,stacked,wtmap,,2019-10-21,[None]
2020-11-19T02:48:16.221961+0000,6730ba35d2fab0c9beef551b538b92c6,239258880,/data_local/images/DTS/2019B-0910/DECam_00912537.fits.fz,/net/archive/pipe/20191130/ct4m/2019B-0910/c4d_191201_014510_osw_i_v1.fits.fz,1.11,"{'gte': 54.27358333333333, 'lte': 54.27358333333333}","{'gte': -29.088583333333332, 'lte': -29.088583333333332}",54.27358333333333,-29.088583333333332,i DECam SDSS c0003 7835.0 1470.0,None,,180.0,0,2019-12-01,2019-12-01T01:45:10.622797+0000,[4674],Shen,2019B-0910,2021-05-23,decam,ct4m,ct,,object,SN-C2,stacked,wtmap,,2019-11-30,[None]
2020-11-18T23:35:01.047425+0000,64cbbedaffff76d04ad13d316bc0efb2,237893760,/data_local/images/DTS/2019B-0910/DECam_00898474.fits.fz,/net/archive/pipe/20190926/ct4m/2019B-0910/c4d_190927_063747_osw_i_v1.fits.fz,1.05,"{'gte': 54.27279166666666, 'lte': 54.27279166666666}","{'gte': -27.111972222222224, 'lte': -27.111972222222224}",54.27279166666666,-27.111972222222224,i DECam SDSS c0003 7835.0 1470.0,None,,180.0,0,2019-09-27,2019-09-27T06:37:47.426748+0000,[4674],Shen,2019B-0910,2021-03-19,decam,ct4m,ct,,object,SN-C1,stacked,wtmap,,2019-09-26,[None]
2020-11-19T05:49:04.678727+0000,708dd85c87d3782ff5713d72937268f2,238723200,/data_local/images/DTS/2019B-0910/DECam_00915327.fits.fz,/net/archive/pipe/20191207/ct4m/2019B-0910/c4d_191208_015625_osw_r_v1.fits.fz,1.04,"{'gte': 52.65020833333333, 'lte': 52.65020833333333}","{'gte': -28.100527777777778, 'lte': -28.100527777777778}",52.65020833333333,-28.100527777777778,r DECam SDSS c0002 6415.0 1480.0,None,,140.0,0,2019-12-08,2019-12-08T01:56:25.857476+0000,[4674],Shen,2019B-0910,2021-05-30,decam,ct4m,ct,,object,SN-C3,stacked,wtmap,,2019-12-07,[None]
2020-11-18T20:55:21.198954+0000,705ad837174b1bbbf0ed0864a0dc67ea,1575360,/data_local/images/DTS/2019B-0910/DECam_00892229.fits.fz,/net/archive/pipe/20190830/ct4m/2019B-0910/c4d_190831_081225_osd_g_v1.fits.fz,1.06,"{'gte': 54.27483333333333, 'lte': 54.27483333333333}","{'gte': -29.089527777777775, 'lte': -29.089527777777775}",54.27483333333333,-29.089527777777775,g DECam SDSS c0001 4720.0 1520.0,None,,160.0,0,2019-08-31,2019-08-31T08:12:25.597354+0000,[4674],Shen,2019B-0910,2021-02-20,decam,ct4m,ct,,object,SN-C2,stacked,dqmask,,2019-08-30,[None]
2020-11-19T06:39:44.951051+0000,7f96eda94457fa13b5b05be29561b6c9,4872960,/data_local/images/DTS/2019B-0910/DECam_00925487.fits.fz,/net/archive/pipe/20200120/ct4m/2019B-0910/c4d_200121_034120_ose_g_v1.fits.fz,1.37,"{'gte': 54.274333333333324, 'lte': 54.274333333333324}","{'gte': -29.088833333333334, 'lte': -29.088833333333334}",54.274333333333324,-29.088833333333334,g DECam SDSS c0001 4720.0 1520.0,None,,160.0,0,2020-01-21,2020-01-21T03:41:20.355467+0000,[4674],Shen,2019B-0910,2021-07-13,decam,ct4m,ct,,object,SN-C2,stacked,expmap,,2020-01-20,[None]
2020-11-19T05:55:28.810334+0000,6f20bda9dbb8ae930cb4ca21f1d73f88,1218240,/data_local/images/DTS/2019B-0910/DECam_00917134.fits.fz,/net/archive/pipe/20191213/ct4m/2019B-0910/c4d_191214_013426_osd_i_v1.fits.fz,1.04,"{'gte': 52.64520833333333, 'lte': 52.64520833333333}","{'gte': -28.102611111111113, 'lte': -28.102611111111113}",52.64520833333333,-28.102611111111113,i DECam SDSS c0003 7835.0 1470.0,None,,180.0,0,2019-12-14,2019-12-14T01:34:26.532731+0000,[4674],Shen,2019B-0910,2021-06-05,decam,ct4m,ct,,object,SN-C3,stacked,dqmask,,2019-12-13,[None]
2020-11-18T22:14:40.875555+0000,623f4ee08127e71df24dbf4a3b336d50,1146240,/data_local/images/DTS/2019B-0910/DECam_00889319.fits.fz,/net/archive/pipe/20190821/ct4m/2019B-0910/c4d_190822_082424_osd_g_v1.fits.fz,1.1,"{'gte': 54.27320833333333, 'lte': 54.27320833333333}","{'gte': -29.08813888888889, 'lte': -29.08813888888889}",54.27320833333333,-29.08813888888889,g DECam SDSS c0001 4720.0 1520.0,None,,160.0,0,2019-08-22,2019-08-22T08:24:24.793553+0000,[4674],Shen,2019B-0910,2021-02-11,decam,ct4m,ct,,object,SN-C2,stacked,dqmask,,2019-08-21,[None]
2020-11-19T06:11:53.763884+0000,7e2721068655e1b4cbc06009f152558f,1316160,/data_local/images/DTS/2019B-0910/DECam_00923743.fits.fz,/net/archive/pipe/20191230/ct4m/2019B-0910/c4d_191231_032330_osd_r_v1.fits.fz,1.08,"{'gte': 54.27358333333333, 'lte': 54.27358333333333}","{'gte': -27.112083333333334, 'lte': -27.112083333333334}",54.27358333333333,-27.112083333333334,r DECam SDSS c0002 6415.0 1480.0,None,,140.0,0,2019-12-31,2019-12-31T03:23:30.749873+0000,[4674],Shen,2019B-0910,2021-06-22,decam,ct4m,ct,,object,SN-C1,stacked,dqmask,,2019-12-30,[None]
2020-11-19T03:04:34.340903+0000,6045dfa7b013048526c60a9742e3e430,333100800,/data_local/images/DTS/2019B-0910/DECam_00927209.fits.fz,/net/archive/pipe/20200127/ct4m/2019B-0910/c4d_200128_014529_osj_g_v1.fits.fz,1.1,"{'gte': 54.27462499999999, 'lte': 54.27462499999999}","{'gte': -29.08908333333333, 'lte': -29.08908333333333}",54.27462499999999,-29.08908333333333,g DECam SDSS c0001 4720.0 1520.0,None,,160.0,0,2020-01-28,2020-01-28T01:45:29.454433+0000,[4674],Shen,2019B-0910,2021-07-20,decam,ct4m,ct,,object,SN-C2,stacked,image1,,2020-01-27,[None]
2020-11-18T18:29:59.664900+0000,36cc340934fcca8df92357548a7e75e7,12021120,/data_local/images/DTS/2019B-0910/DECam_00900792.fits.fz,/net/archive/pipe/20191004/ct4m/2019B-0910/c4d_191005_054032_ose_i_v1.fits.fz,1.08,"{'gte': 52.64608333333332, 'lte': 52.64608333333332}","{'gte': -28.102694444444445, 'lte': -28.102694444444445}",52.64608333333332,-28.102694444444445,i DECam SDSS c0003 7835.0 1470.0,None,,360.0,0,2019-10-05,2019-10-05T05:40:32.440171+0000,[4674],Shen,2019B-0910,2021-03-27,decam,ct4m,ct,,object,SN-C3,stacked,expmap,,2019-10-04,[None]
2020-11-19T06:11:48.875830+0000,a3074f8f03a3f1ebf57dae255ccabda3,1258560,/data_local/images/DTS/2019B-0910/DECam_00923745.fits.fz,/net/archive/pipe/20191230/ct4m/2019B-0910/c4d_191231_032648_osd_i_v1.fits.fz,1.08,"{'gte': 54.27316666666666, 'lte': 54.27316666666666}","{'gte': -27.11213888888889, 'lte': -27.11213888888889}",54.27316666666666,-27.11213888888889,i DECam SDSS c0003 7835.0 1470.0,None,,180.0,0,2019-12-31,2019-12-31T03:26:48.366559+0000,[4674],Shen,2019B-0910,2021-06-22,decam,ct4m,ct,,object,SN-C1,stacked,dqmask,,2019-12-30,[None]
2020-11-19T10:17:10.113168+0000,209e57471146f51ae8680267863b10cb,238006080,/data_local/images/DTS/2019B-0910/DECam_00923736.fits.fz,/net/archive/pipe/20191230/ct4m/2019B-0910/c4d_191231_031104_osw_r_v1.fits.fz,1.07,"{'gte': 52.650124999999996, 'lte': 52.650124999999996}","{'gte': -28.099444444444444, 'lte': -28.099444444444444}",52.650124999999996,-28.099444444444444,r DECam SDSS c0002 6415.0 1480.0,None,,140.0,0,2019-12-31,2019-12-31T03:11:04.114507+0000,[4674],Shen,2019B-0910,2021-06-22,decam,ct4m,ct,,object,SN-C3,stacked,wtmap,,2019-12-30,[None]
2020-11-19T02:53:27.649526+0000,a22da8de0217c1b9668b68ced31c0994,334405440,/data_local/images/DTS/2019B-0910/DECam_00925109.fits.fz,/net/archive/pipe/20200105/ct4m/2019B-0910/c4d_200106_033929_osj_r_v1.fits.fz,1.15,"{'gte': 54.274125, 'lte': 54.274125}","{'gte': -29.09022222222222, 'lte': -29.09022222222222}",54.274125,-29.09022222222222,r DECam SDSS c0002 6415.0 1480.0,None,,140.0,0,2020-01-06,2020-01-06T03:39:29.468603+0000,[4674],Shen,2019B-0910,2021-06-28,decam,ct4m,ct,,object,SN-C2,stacked,image1,,2020-01-05,[None]
2020-11-19T00:10:01.429805+0000,20e2a7b7a142e96678c4c36db96c3f49,4824000,/data_local/images/DTS/2019B-0910/DECam_00892229.fits.fz,/net/archive/pipe/20190830/ct4m/2019B-0910/c4d_190831_081225_ose_g_v1.fits.fz,1.06,"{'gte': 54.27483333333333, 'lte': 54.27483333333333}","{'gte': -29.089527777777775, 'lte': -29.089527777777775}",54.27483333333333,-29.089527777777775,g DECam SDSS c0001 4720.0 1520.0,None,,160.0,0,2019-08-31,2019-08-31T08:12:25.597354+0000,[4674],Shen,2019B-0910,2021-02-20,decam,ct4m,ct,,object,SN-C2,stacked,expmap,,2019-08-30,[None]
2020-11-19T00:37:06.315158+0000,3a8695f1267c87b78387309cbd8f2b7e,238723200,/data_local/images/DTS/2019B-0910/DECam_00902560.fits.fz,/net/archive/pipe/20191021/ct4m/2019B-0910/c4d_191022_072805_osw_g_v1.fits.fz,1.04,"{'gte': 52.651916666666665, 'lte': 52.651916666666665}","{'gte': -28.102972222222224, 'lte': -28.102972222222224}",52.651916666666665,-28.102972222222224,g DECam SDSS c0001 4720.0 1520.0,None,,20.0,0,2019-10-22,2019-10-22T07:28:05.714096+0000,[4674],Shen,2019B-0910,2021-04-13,decam,ct4m,ct,,object,SN-C3,stacked,wtmap,,2019-10-21,[None]
2020-11-19T03:10:29.442101+0000,7c8c1af2c1925bcd5654e5d14fa72839,4800960,/data_local/images/DTS/2019B-0910/DECam_00895705.fits.fz,/net/archive/pipe/20190915/ct4m/2019B-0910/c4d_190916_072313_ose_r_v1.fits.fz,1.05,"{'gte': 54.273333333333326, 'lte': 54.273333333333326}","{'gte': -29.087277777777775, 'lte': -29.087277777777775}",54.273333333333326,-29.087277777777775,r DECam SDSS c0002 6415.0 1480.0,None,,140.0,0,2019-09-16,2019-09-16T07:23:13.765342+0000,[4674],Shen,2019B-0910,2021-03-08,decam,ct4m,ct,,object,SN-C2,stacked,expmap,,2019-09-15,[None]
2020-11-19T00:37:06.751274+0000,5e9da107885b9d729640bfb85db72d00,332890560,/data_local/images/DTS/2019B-0910/DECam_00902575.fits.fz,/net/archive/pipe/20191021/ct4m/2019B-0910/c4d_191022_075805_osj_r_v1.fits.fz,1.08,"{'gte': 54.276041666666664, 'lte': 54.276041666666664}","{'gte': -27.113500000000002, 'lte': -27.113500000000002}",54.276041666666664,-27.113500000000002,r DECam SDSS c0002 6415.0 1480.0,None,,140.0,0,2019-10-22,2019-10-22T07:58:05.709488+0000,[4674],Shen,2019B-0910,2021-04-13,decam,ct4m,ct,,object,SN-C1,stacked,image1,,2019-10-21,[None]
2020-11-18T23:35:05.424381+0000,81855717ea450cb0e0a8355efbe0517b,838080,/data_local/images/DTS/2019B-0910/DECam_00898470.fits.fz,/net/archive/pipe/20190926/ct4m/2019B-0910/c4d_190927_063050_osd_g_v1.fits.fz,1.06,"{'gte': 54.273291666666665, 'lte': 54.273291666666665}","{'gte': -27.111361111111112, 'lte': -27.111361111111112}",54.273291666666665,-27.111361111111112,g DECam SDSS c0001 4720.0 1520.0,None,,320.0,0,2019-09-27,2019-09-27T06:30:50.962732+0000,[4674],Shen,2019B-0910,2021-03-19,decam,ct4m,ct,,object,SN-C1,stacked,dqmask,,2019-09-26,[None]
2020-11-18T18:33:15.986982+0000,7e80bfe83ad2fbbf8c9ea061e8ce46d7,334615680,/data_local/images/DTS/2019B-0910/DECam_00902565.fits.fz,/net/archive/pipe/20191021/ct4m/2019B-0910/c4d_191022_073706_osj_i_v1.fits.fz,1.05,"{'gte': 52.65174999999999, 'lte': 52.65174999999999}","{'gte': -28.102055555555555, 'lte': -28.102055555555555}",52.65174999999999,-28.102055555555555,i DECam SDSS c0003 7835.0 1470.0,None,,180.0,0,2019-10-22,2019-10-22T07:37:06.815070+0000,[4674],Shen,2019B-0910,2021-04-13,decam,ct4m,ct,,object,SN-C3,stacked,image1,,2019-10-21,[None]
2020-11-18T21:08:36.048685+0000,6a6fa6f82f71d3f7bb225f5dfa2922f7,4815360,/data_local/images/DTS/2019B-0910/DECam_00912525.fits.fz,/net/archive/pipe/20191130/ct4m/2019B-0910/c4d_191201_012104_ose_i_v1.fits.fz,1.17,"{'gte': 54.26920833333333, 'lte': 54.26920833333333}","{'gte': -27.115972222222222, 'lte': -27.115972222222222}",54.26920833333333,-27.115972222222222,i DECam SDSS c0003 7835.0 1470.0,None,,180.0,0,2019-12-01,2019-12-01T01:21:04.468430+0000,[4674],Shen,2019B-0910,2021-05-23,decam,ct4m,ct,,object,SN-C1,stacked,expmap,,2019-11-30,[None]
2020-11-18T23:21:46.272965+0000,7dfd19e9cae45b31cfee0e69a371258b,1146240,/data_local/images/DTS/2019B-0910/DECam_00895705.fits.fz,/net/archive/pipe/20190915/ct4m/2019B-0910/c4d_190916_072313_osd_r_v1.fits.fz,1.05,"{'gte': 54.273333333333326, 'lte': 54.273333333333326}","{'gte': -29.087277777777775, 'lte': -29.087277777777775}",54.273333333333326,-29.087277777777775,r DECam SDSS c0002 6415.0 1480.0,None,,140.0,0,2019-09-16,2019-09-16T07:23:13.765342+0000,[4674],Shen,2019B-0910,2021-03-08,decam,ct4m,ct,,object,SN-C2,stacked,dqmask,,2019-09-15,[None]
2020-11-19T03:19:46.104743+0000,a7892b71ad67683a82cb8793abbfad4f,237386880,/data_local/images/DTS/2019B-0910/DECam_00908561.fits.fz,/net/archive/pipe/20191116/ct4m/2019B-0910/c4d_191117_022009_osw_r_v1.fits.fz,1.16,"{'gte': 54.273999999999994, 'lte': 54.273999999999994}","{'gte': -27.111805555555556, 'lte': -27.111805555555556}",54.273999999999994,-27.111805555555556,r DECam SDSS c0002 6415.0 1480.0,None,,140.0,0,2019-11-17,2019-11-17T02:20:09.121999+0000,[4674],Shen,2019B-0910,2021-05-09,decam,ct4m,ct,,object,SN-C1,stacked,wtmap,,2019-11-16,[None]
2020-11-19T11:59:00.784911+0000,63cb151514d474b6fc0896d865156b29,334448640,/data_local/images/DTS/2019B-0910/DECam_00940736.fits.fz,/net/archive/pipe/20200303/ct4m/2019B-0910/c4d_200304_003235_osi_g_v1.fits.fz,1.29,"{'gte': 54.274916666666655, 'lte': 54.274916666666655}","{'gte': -27.112250000000003, 'lte': -27.112250000000003}",54.274916666666655,-27.112250000000003,g DECam SDSS c0001 4720.0 1520.0,None,,160.0,0,2020-03-04,2020-03-04T00:32:35.131887+0000,[4674],Shen,2019B-0910,2021-08-25,decam,ct4m,ct,,object,SN-C1,stacked,image,,2020-03-03,[None]
2020-11-19T02:53:29.607576+0000,758acd7a79e704ed1269cdb5e292337f,333999360,/data_local/images/DTS/2019B-0910/DECam_00925095.fits.fz,/net/archive/pipe/20200105/ct4m/2019B-0910/c4d_200106_031415_osj_r_v1.fits.fz,1.11,"{'gte': 52.651291666666665, 'lte': 52.651291666666665}","{'gte': -28.099888888888888, 'lte': -28.099888888888888}",52.651291666666665,-28.099888888888888,r DECam SDSS c0002 6415.0 1480.0,None,,140.0,0,2020-01-06,2020-01-06T03:14:15.764427+0000,[4674],Shen,2019B-0910,2021-06-28,decam,ct4m,ct,,object,SN-C3,stacked,image1,,2020-01-05,[None]
2020-11-19T03:04:22.007774+0000,6d732375dc262319f47fb88c4478f64f,341294400,/data_local/images/DTS/2019B-0910/DECam_00927199.fits.fz,/net/archive/pipe/20200127/ct4m/2019B-0910/c4d_200128_012737_osj_i_v1.fits.fz,1.08,"{'gte': 52.65158333333333, 'lte': 52.65158333333333}","{'gte': -28.09958333333333, 'lte': -28.09958333333333}",52.65158333333333,-28.09958333333333,i DECam SDSS c0003 7835.0 1470.0,None,,360.0,0,2020-01-28,2020-01-28T01:27:37.332195+0000,[4674],Shen,2019B-0910,2021-07-20,decam,ct4m,ct,,object,SN-C3,stacked,image1,,2020-01-27,[None]
2020-11-19T06:11:53.424194+0000,a673eac3bc4678ef8d5ef0bb40904efc,3960000,/data_local/images/DTS/2019B-0910/DECam_00923733.fits.fz,/net/archive/pipe/20191230/ct4m/2019B-0910/c4d_191231_030553_ose_g_v1.fits.fz,1.06,"{'gte': 52.651708333333325, 'lte': 52.651708333333325}","{'gte': -28.102055555555555, 'lte': -28.102055555555555}",52.651708333333325,-28.102055555555555,g DECam SDSS c0001 4720.0 1520.0,None,,20.0,0,2019-12-31,2019-12-31T03:05:53.733381+0000,[4674],Shen,2019B-0910,2021-06-22,decam,ct4m,ct,,object,SN-C3,stacked,expmap,,2019-12-30,[None]
2020-11-18T23:35:01.323831+0000,7c9a42403a12fc2b661c63343169f356,6413760,/data_local/images/DTS/2019B-0910/DECam_00898462.fits.fz,/net/archive/pipe/20190926/ct4m/2019B-0910/c4d_190927_061402_ose_i_v1.fits.fz,1.07,"{'gte': 52.64524999999999, 'lte': 52.64524999999999}","{'gte': -28.10366666666667, 'lte': -28.10366666666667}",52.64524999999999,-28.10366666666667,i DECam SDSS c0003 7835.0 1470.0,None,,360.0,0,2019-09-27,2019-09-27T06:14:02.917925+0000,[4674],Shen,2019B-0910,2021-03-19,decam,ct4m,ct,,object,SN-C3,stacked,expmap,,2019-09-26,[None]
2020-11-19T03:27:41.001706+0000,77c0fabf10cbf965349547635b1a0112,4173120,/data_local/images/DTS/2019B-0910/DECam_00908587.fits.fz,/net/archive/pipe/20191116/ct4m/2019B-0910/c4d_191117_031141_ose_i_v1.fits.fz,1.05,"{'gte': 52.649583333333325, 'lte': 52.649583333333325}","{'gte': -28.099916666666665, 'lte': -28.099916666666665}",52.649583333333325,-28.099916666666665,i DECam SDSS c0003 7835.0 1470.0,None,,180.0,0,2019-11-17,2019-11-17T03:11:41.463385+0000,[4674],Shen,2019B-0910,2021-05-09,decam,ct4m,ct,,object,SN-C3,stacked,expmap,,2019-11-16,[None]
2020-11-18T21:08:34.041493+0000,6f05c01a6543c336cea07e32082c9bbf,4573440,/data_local/images/DTS/2019B-0910/DECam_00912523.fits.fz,/net/archive/pipe/20191130/ct4m/2019B-0910/c4d_191201_011743_ose_r_v1.fits.fz,1.18,"{'gte': 54.27083333333333, 'lte': 54.27083333333333}","{'gte': -27.114472222222222, 'lte': -27.114472222222222}",54.27083333333333,-27.114472222222222,r DECam SDSS c0002 6415.0 1480.0,None,,140.0,0,2019-12-01,2019-12-01T01:17:43.511557+0000,[4674],Shen,2019B-0910,2021-05-23,decam,ct4m,ct,,object,SN-C1,stacked,expmap,,2019-11-30,[None]
2020-11-19T09:01:48.804806+0000,6caed5548fcef9a7c93b49dd2dc3c4d3,4849920,/data_local/images/DTS/2019B-0910/DECam_00915320.fits.fz,/net/archive/pipe/20191207/ct4m/2019B-0910/c4d_191208_014353_ose_r_v1.fits.fz,1.06,"{'gte': 54.27349999999999, 'lte': 54.27349999999999}","{'gte': -29.089222222222222, 'lte': -29.089222222222222}",54.27349999999999,-29.089222222222222,r DECam SDSS c0002 6415.0 1480.0,None,,140.0,0,2019-12-08,2019-12-08T01:43:53.734350+0000,[4674],Shen,2019B-0910,2021-05-30,decam,ct4m,ct,,object,SN-C2,stacked,expmap,,2019-12-07,[None]
2020-11-19T03:01:12.141195+0000,8411f83759360f3ba0664d0e6970e6ea,1033920,/data_local/images/DTS/2019B-0910/DECam_00927197.fits.fz,/net/archive/pipe/20200127/ct4m/2019B-0910/c4d_200128_012421_osd_r_v1.fits.fz,1.07,"{'gte': 52.65154166666666, 'lte': 52.65154166666666}","{'gte': -28.10002777777778, 'lte': -28.10002777777778}",52.65154166666666,-28.10002777777778,r DECam SDSS c0002 6415.0 1480.0,None,,280.0,0,2020-01-28,2020-01-28T01:24:21.304367+0000,[4674],Shen,2019B-0910,2021-07-20,decam,ct4m,ct,,object,SN-C3,stacked,dqmask,,2020-01-27,[None]
2020-11-19T06:09:49.441672+0000,878fb75b156235fb561169cf7dd6818b,1376640,/data_local/images/DTS/2019B-0910/DECam_00925473.fits.fz,/net/archive/pipe/20200120/ct4m/2019B-0910/c4d_200121_031616_osd_g_v1.fits.fz,1.29,"{'gte': 52.65041666666666, 'lte': 52.65041666666666}","{'gte': -28.10002777777778, 'lte': -28.10002777777778}",52.65041666666666,-28.10002777777778,g DECam SDSS c0001 4720.0 1520.0,None,,160.0,0,2020-01-21,2020-01-21T03:16:16.259809+0000,[4674],Shen,2019B-0910,2021-07-13,decam,ct4m,ct,,object,SN-C3,stacked,dqmask,,2020-01-20,[None]
2020-11-19T06:11:53.536395+0000,6bcf46de2130d4c3c4f3693cbbafd582,1393920,/data_local/images/DTS/2019B-0910/DECam_00923750.fits.fz,/net/archive/pipe/20191230/ct4m/2019B-0910/c4d_191231_033551_osd_r_v1.fits.fz,1.1,"{'gte': 54.273624999999996, 'lte': 54.273624999999996}","{'gte': -29.08825, 'lte': -29.08825}",54.273624999999996,-29.08825,r DECam SDSS c0002 6415.0 1480.0,None,,140.0,0,2019-12-31,2019-12-31T03:35:51.643236+0000,[4674],Shen,2019B-0910,2021-06-22,decam,ct4m,ct,,object,SN-C2,stacked,dqmask,,2019-12-30,[None]
2020-11-18T18:52:41.332325+0000,ae8e0433e1ba6ea2a054f52072254663,239538240,/data_local/images/DTS/2019B-0910/DECam_00906043.fits.fz,/net/archive/pipe/20191104/ct4m/2019B-0910/c4d_191105_022722_osw_r_v1.fits.fz,1.29,"{'gte': 54.273708333333325, 'lte': 54.273708333333325}","{'gte': -27.11052777777778, 'lte': -27.11052777777778}",54.273708333333325,-27.11052777777778,r DECam SDSS c0002 6415.0 1480.0,None,,140.0,0,2019-11-05,2019-11-05T02:27:22.674127+0000,[4674],Shen,2019B-0910,2021-04-27,decam,ct4m,ct,,object,SN-C1,stacked,wtmap,,2019-11-04,[None]
2020-11-18T18:29:57.717365+0000,6c23dc66d9d4106dd432a7d50a7d42d7,342887040,/data_local/images/DTS/2019B-0910/DECam_00900806.fits.fz,/net/archive/pipe/20191004/ct4m/2019B-0910/c4d_191005_060811_osj_g_v1.fits.fz,1.05,"{'gte': 54.27283333333333, 'lte': 54.27283333333333}","{'gte': -29.09111111111111, 'lte': -29.09111111111111}",54.27283333333333,-29.09111111111111,g DECam SDSS c0001 4720.0 1520.0,None,,20.0,0,2019-10-05,2019-10-05T06:08:11.712103+0000,[4674],Shen,2019B-0910,2021-03-27,decam,ct4m,ct,,object,SN-C2,stacked,image1,,2019-10-04,[None]
2020-11-19T06:39:38.912756+0000,7d1cf70a28da2d7fd904c8db39b329e5,239241600,/data_local/images/DTS/2019B-0910/DECam_00921222.fits.fz,/net/archive/pipe/20191220/ct4m/2019B-0910/c4d_191221_033928_osw_i_v1.fits.fz,1.05,"{'gte': 52.650541666666655, 'lte': 52.650541666666655}","{'gte': -28.098694444444444, 'lte': -28.098694444444444}",52.650541666666655,-28.098694444444444,i DECam SDSS c0003 7835.0 1470.0,None,,180.0,0,2019-12-21,2019-12-21T03:39:28.689666+0000,[4674],Shen,2019B-0910,2021-06-12,decam,ct4m,ct,,object,SN-C3,stacked,wtmap,,2019-12-20,[None]
2020-11-19T06:39:26.023696+0000,7f3a28319a2088c867527e409f196326,332614080,/data_local/images/DTS/2019B-0910/DECam_00915320.fits.fz,/net/archive/pipe/20191207/ct4m/2019B-0910/c4d_191208_014353_osj_r_v1.fits.fz,1.06,"{'gte': 54.27349999999999, 'lte': 54.27349999999999}","{'gte': -29.089222222222222, 'lte': -29.089222222222222}",54.27349999999999,-29.089222222222222,r DECam SDSS c0002 6415.0 1480.0,None,,140.0,0,2019-12-08,2019-12-08T01:43:53.734350+0000,[4674],Shen,2019B-0910,2021-05-30,decam,ct4m,ct,,object,SN-C2,stacked,image1,,2019-12-07,[None]
2020-11-19T06:09:18.416885+0000,6aeb90b0ee4e09203594d124c8830cb6,1272960,/data_local/images/DTS/2019B-0910/DECam_00921244.fits.fz,/net/archive/pipe/20191220/ct4m/2019B-0910/c4d_191221_042400_osd_r_v1.fits.fz,1.11,"{'gte': 54.274375, 'lte': 54.274375}","{'gte': -29.088027777777775, 'lte': -29.088027777777775}",54.274375,-29.088027777777775,r DECam SDSS c0002 6415.0 1480.0,None,,140.0,0,2019-12-21,2019-12-21T04:24:00.064935+0000,[4674],Shen,2019B-0910,2021-06-12,decam,ct4m,ct,,object,SN-C2,stacked,dqmask,,2019-12-20,[None]
2020-11-19T06:39:26.210463+0000,8a6c99d66772ff142dd557de7b1bcc6d,239316480,/data_local/images/DTS/2019B-0910/DECam_00915322.fits.fz,/net/archive/pipe/20191207/ct4m/2019B-0910/c4d_191208_014712_osw_i_v1.fits.fz,1.06,"{'gte': 54.273624999999996, 'lte': 54.273624999999996}","{'gte': -29.089027777777776, 'lte': -29.089027777777776}",54.273624999999996,-29.089027777777776,i DECam SDSS c0003 7835.0 1470.0,None,,180.0,0,2019-12-08,2019-12-08T01:47:12.029580+0000,[4674],Shen,2019B-0910,2021-05-30,decam,ct4m,ct,,object,SN-C2,stacked,wtmap,,2019-12-07,[None]
2020-11-18T18:33:02.882089+0000,7ddc58eb0d00e112cf86819232fba8e7,332216640,/data_local/images/DTS/2019B-0910/DECam_00902573.fits.fz,/net/archive/pipe/20191021/ct4m/2019B-0910/c4d_191022_075427_osj_g_v1.fits.fz,1.07,"{'gte': 54.277125, 'lte': 54.277125}","{'gte': -27.114138888888892, 'lte': -27.114138888888892}",54.277125,-27.114138888888892,g DECam SDSS c0001 4720.0 1520.0,None,,160.0,0,2019-10-22,2019-10-22T07:54:27.963872+0000,[4674],Shen,2019B-0910,2021-04-13,decam,ct4m,ct,,object,SN-C1,stacked,image1,,2019-10-21,[None]
2020-11-19T02:48:37.277491+0000,7ed2c86996bdb1c7a073697605bde966,4910400,/data_local/images/DTS/2019B-0910/DECam_00915315.fits.fz,/net/archive/pipe/20191207/ct4m/2019B-0910/c4d_191208_013446_ose_i_v1.fits.fz,1.08,"{'gte': 54.26979166666666, 'lte': 54.26979166666666}","{'gte': -27.115333333333336, 'lte': -27.115333333333336}",54.26979166666666,-27.115333333333336,i DECam SDSS c0003 7835.0 1470.0,None,,180.0,0,2019-12-08,2019-12-08T01:34:46.984494+0000,[4674],Shen,2019B-0910,2021-05-30,decam,ct4m,ct,,object,SN-C1,stacked,expmap,,2019-12-07,[None]
2020-11-18T23:35:01.525145+0000,8bf671ccf7b4df5c267cf045498a80af,789120,/data_local/images/DTS/2019B-0910/DECam_00898457.fits.fz,/net/archive/pipe/20190926/ct4m/2019B-0910/c4d_190927_060530_osd_g_v1.fits.fz,1.09,"{'gte': 52.651291666666665, 'lte': 52.651291666666665}","{'gte': -28.100944444444448, 'lte': -28.100944444444448}",52.651291666666665,-28.100944444444448,g DECam SDSS c0001 4720.0 1520.0,None,,40.0,0,2019-09-27,2019-09-27T06:05:30.917435+0000,[4674],Shen,2019B-0910,2021-03-19,decam,ct4m,ct,,object,SN-C3,stacked,dqmask,,2019-09-26,[None]
2020-11-19T07:35:23.566774+0000,8d4c98fa62c0faf88283d5fbd70d7dcd,4599360,/data_local/images/DTS/2019B-0910/DECam_00892211.fits.fz,/net/archive/pipe/20190830/ct4m/2019B-0910/c4d_190831_072837_ose_i_v1.fits.fz,1.14,"{'gte': 52.650749999999995, 'lte': 52.650749999999995}","{'gte': -28.09922222222222, 'lte': -28.09922222222222}",52.650749999999995,-28.09922222222222,i DECam SDSS c0003 7835.0 1470.0,None,,180.0,0,2019-08-31,2019-08-31T07:28:37.883508+0000,[4674],Shen,2019B-0910,2021-02-20,decam,ct4m,ct,,object,SN-C3,stacked,expmap,,2019-08-30,[None]
2020-11-19T02:48:15.874104+0000,809fe9bf2ba8ce42645580a8ba21912b,1382400,/data_local/images/DTS/2019B-0910/DECam_00912533.fits.fz,/net/archive/pipe/20191130/ct4m/2019B-0910/c4d_191201_013815_osd_g_v1.fits.fz,1.12,"{'gte': 54.27475, 'lte': 54.27475}","{'gte': -29.088083333333334, 'lte': -29.088083333333334}",54.27475,-29.088083333333334,g DECam SDSS c0001 4720.0 1520.0,None,,160.0,0,2019-12-01,2019-12-01T01:38:15.840480+0000,[4674],Shen,2019B-0910,2021-05-23,decam,ct4m,ct,,object,SN-C2,stacked,dqmask,,2019-11-30,[None]
2020-11-19T06:09:45.163014+0000,84fea35b533c0e7850afb4a345ce975a,334016640,/data_local/images/DTS/2019B-0910/DECam_00925111.fits.fz,/net/archive/pipe/20200105/ct4m/2019B-0910/c4d_200106_034246_osj_i_v1.fits.fz,1.16,"{'gte': 54.274375, 'lte': 54.274375}","{'gte': -29.089416666666665, 'lte': -29.089416666666665}",54.274375,-29.089416666666665,i DECam SDSS c0003 7835.0 1470.0,None,,180.0,0,2020-01-06,2020-01-06T03:42:46.298255+0000,[4674],Shen,2019B-0910,2021-06-28,decam,ct4m,ct,,object,SN-C2,stacked,image1,,2020-01-05,[None]
2020-11-19T06:39:26.326330+0000,66f8361f6bda5bb65aa9c96340df953b,4737600,/data_local/images/DTS/2019B-0910/DECam_00915311.fits.fz,/net/archive/pipe/20191207/ct4m/2019B-0910/c4d_191208_012752_ose_g_v1.fits.fz,1.09,"{'gte': 54.27237499999999, 'lte': 54.27237499999999}","{'gte': -27.113194444444446, 'lte': -27.113194444444446}",54.27237499999999,-27.113194444444446,g DECam SDSS c0001 4720.0 1520.0,None,,160.0,0,2019-12-08,2019-12-08T01:27:52.164712+0000,[4674],Shen,2019B-0910,2021-05-30,decam,ct4m,ct,,object,SN-C1,stacked,expmap,,2019-12-07,[None]
2020-11-18T18:33:14.117173+0000,8828c51ee3aeda7bef396e94777a08c4,10679040,/data_local/images/DTS/2019B-0910/DECam_00902573.fits.fz,/net/archive/pipe/20191021/ct4m/2019B-0910/c4d_191022_075427_ose_g_v1.fits.fz,1.07,"{'gte': 54.277125, 'lte': 54.277125}","{'gte': -27.114138888888892, 'lte': -27.114138888888892}",54.277125,-27.114138888888892,g DECam SDSS c0001 4720.0 1520.0,None,,160.0,0,2019-10-22,2019-10-22T07:54:27.963872+0000,[4674],Shen,2019B-0910,2021-04-13,decam,ct4m,ct,,object,SN-C1,stacked,expmap,,2019-10-21,[None]
2020-11-18T23:19:42.886813+0000,76f7a4cf73701a8c32a46f640bf71a86,5808960,/data_local/images/DTS/2019B-0910/DECam_00895703.fits.fz,/net/archive/pipe/20190915/ct4m/2019B-0910/c4d_190916_071937_ose_g_v1.fits.fz,1.05,"{'gte': 54.273999999999994, 'lte': 54.273999999999994}","{'gte': -29.087805555555555, 'lte': -29.087805555555555}",54.273999999999994,-29.087805555555555,g DECam SDSS c0001 4720.0 1520.0,None,,160.0,0,2019-09-16,2019-09-16T07:19:37.060052+0000,[4674],Shen,2019B-0910,2021-03-08,decam,ct4m,ct,,object,SN-C2,stacked,expmap,,2019-09-15,[None]
2020-11-19T03:19:45.860609+0000,86d8e12977ec0b904e8f7a62f698f1ed,4916160,/data_local/images/DTS/2019B-0910/DECam_00908563.fits.fz,/net/archive/pipe/20191116/ct4m/2019B-0910/c4d_191117_022327_ose_i_v1.fits.fz,1.15,"{'gte': 54.274125, 'lte': 54.274125}","{'gte': -27.111888888888892, 'lte': -27.111888888888892}",54.274125,-27.111888888888892,i DECam SDSS c0003 7835.0 1470.0,None,,180.0,0,2019-11-17,2019-11-17T02:23:27.832023+0000,[4674],Shen,2019B-0910,2021-05-09,decam,ct4m,ct,,object,SN-C1,stacked,expmap,,2019-11-16,[None]
2020-11-19T02:48:15.450126+0000,7b71cd1c89571f9569b5ce2c775fda41,334005120,/data_local/images/DTS/2019B-0910/DECam_00912549.fits.fz,/net/archive/pipe/20191130/ct4m/2019B-0910/c4d_191201_020851_osj_i_v1.fits.fz,1.06,"{'gte': 52.65041666666666, 'lte': 52.65041666666666}","{'gte': -28.100444444444445, 'lte': -28.100444444444445}",52.65041666666666,-28.100444444444445,i DECam SDSS c0003 7835.0 1470.0,None,,180.0,0,2019-12-01,2019-12-01T02:08:51.183406+0000,[4674],Shen,2019B-0910,2021-05-23,decam,ct4m,ct,,object,SN-C3,stacked,image1,,2019-11-30,[None]
2020-11-19T00:37:05.645057+0000,6b305e9fcb5cbfa4231a5b657b93dd64,240177600,/data_local/images/DTS/2019B-0910/DECam_00902565.fits.fz,/net/archive/pipe/20191021/ct4m/2019B-0910/c4d_191022_073706_osw_i_v1.fits.fz,1.05,"{'gte': 52.65174999999999, 'lte': 52.65174999999999}","{'gte': -28.102055555555555, 'lte': -28.102055555555555}",52.65174999999999,-28.102055555555555,i DECam SDSS c0003 7835.0 1470.0,None,,180.0,0,2019-10-22,2019-10-22T07:37:06.815070+0000,[4674],Shen,2019B-0910,2021-04-13,decam,ct4m,ct,,object,SN-C3,stacked,wtmap,,2019-10-21,[None]
2020-11-19T05:55:27.643288+0000,8a11a632ee38acf694888e8971076102,1198080,/data_local/images/DTS/2019B-0910/DECam_00917130.fits.fz,/net/archive/pipe/20191213/ct4m/2019B-0910/c4d_191214_012729_osd_g_v1.fits.fz,1.05,"{'gte': 52.648291666666665, 'lte': 52.648291666666665}","{'gte': -28.101194444444445, 'lte': -28.101194444444445}",52.648291666666665,-28.101194444444445,g DECam SDSS c0001 4720.0 1520.0,None,,160.0,0,2019-12-14,2019-12-14T01:27:29.527513+0000,[4674],Shen,2019B-0910,2021-06-05,decam,ct4m,ct,,object,SN-C3,stacked,dqmask,,2019-12-13,[None]
2020-11-19T03:00:23.295889+0000,893e488ae5459633e7346c9e78247cb6,1074240,/data_local/images/DTS/2019B-0910/DECam_00927199.fits.fz,/net/archive/pipe/20200127/ct4m/2019B-0910/c4d_200128_012737_osd_i_v1.fits.fz,1.08,"{'gte': 52.65158333333333, 'lte': 52.65158333333333}","{'gte': -28.09958333333333, 'lte': -28.09958333333333}",52.65158333333333,-28.09958333333333,i DECam SDSS c0003 7835.0 1470.0,None,,360.0,0,2020-01-28,2020-01-28T01:27:37.332195+0000,[4674],Shen,2019B-0910,2021-07-20,decam,ct4m,ct,,object,SN-C3,stacked,dqmask,,2020-01-27,[None]
2020-11-19T06:39:38.776699+0000,6ad225fd4d91577a8f03f5a8c89f8a7c,4556160,/data_local/images/DTS/2019B-0910/DECam_00921220.fits.fz,/net/archive/pipe/20191220/ct4m/2019B-0910/c4d_191221_033609_ose_r_v1.fits.fz,1.05,"{'gte': 52.64954166666666, 'lte': 52.64954166666666}","{'gte': -28.098583333333334, 'lte': -28.098583333333334}",52.64954166666666,-28.098583333333334,r DECam SDSS c0002 6415.0 1480.0,None,,140.0,0,2019-12-21,2019-12-21T03:36:09.494556+0000,[4674],Shen,2019B-0910,2021-06-12,decam,ct4m,ct,,object,SN-C3,stacked,expmap,,2019-12-20,[None]
2020-11-19T06:09:17.213317+0000,76228b12c0f6716f38e6881516be41de,4896000,/data_local/images/DTS/2019B-0910/DECam_00921234.fits.fz,/net/archive/pipe/20191220/ct4m/2019B-0910/c4d_191221_040255_ose_i_v1.fits.fz,1.08,"{'gte': 54.27470833333333, 'lte': 54.27470833333333}","{'gte': -27.111583333333336, 'lte': -27.111583333333336}",54.27470833333333,-27.111583333333336,i DECam SDSS c0003 7835.0 1470.0,None,,180.0,0,2019-12-21,2019-12-21T04:02:55.563912+0000,[4674],Shen,2019B-0910,2021-06-12,decam,ct4m,ct,,object,SN-C1,stacked,expmap,,2019-12-20,[None]
2020-11-18T18:29:52.903071+0000,6c7301dd2b4b8f6a969b6a43b75d3424,8723520,/data_local/images/DTS/2019B-0910/DECam_00900807.fits.fz,/net/archive/pipe/20191004/ct4m/2019B-0910/c4d_191005_060942_ose_g_v1.fits.fz,1.04,"{'gte': 54.27354166666666, 'lte': 54.27354166666666}","{'gte': -29.08833333333333, 'lte': -29.08833333333333}",54.27354166666666,-29.08833333333333,g DECam SDSS c0001 4720.0 1520.0,None,,320.0,0,2019-10-05,2019-10-05T06:09:42.142209+0000,[4674],Shen,2019B-0910,2021-03-27,decam,ct4m,ct,,object,SN-C2,stacked,expmap,,2019-10-04,[None]
2020-11-19T06:39:38.820296+0000,5d0a439619701a727b668078cfe3946c,337409280,/data_local/images/DTS/2019B-0910/DECam_00921220.fits.fz,/net/archive/pipe/20191220/ct4m/2019B-0910/c4d_191221_033609_osj_r_v1.fits.fz,1.05,"{'gte': 52.64954166666666, 'lte': 52.64954166666666}","{'gte': -28.098583333333334, 'lte': -28.098583333333334}",52.64954166666666,-28.098583333333334,r DECam SDSS c0002 6415.0 1480.0,None,,140.0,0,2019-12-21,2019-12-21T03:36:09.494556+0000,[4674],Shen,2019B-0910,2021-06-12,decam,ct4m,ct,,object,SN-C3,stacked,image1,,2019-12-20,[None]
2020-11-19T05:55:28.463715+0000,6e2bdd8e5bc8a67c3fd8691bc3fd1515,4769280,/data_local/images/DTS/2019B-0910/DECam_00917141.fits.fz,/net/archive/pipe/20191213/ct4m/2019B-0910/c4d_191214_014657_ose_i_v1.fits.fz,1.03,"{'gte': 54.27445833333332, 'lte': 54.27445833333332}","{'gte': -27.111555555555558, 'lte': -27.111555555555558}",54.27445833333332,-27.111555555555558,i DECam SDSS c0003 7835.0 1470.0,None,,180.0,0,2019-12-14,2019-12-14T01:46:57.541901+0000,[4674],Shen,2019B-0910,2021-06-05,decam,ct4m,ct,,object,SN-C1,stacked,expmap,,2019-12-13,[None]
2020-11-19T11:34:03.829292+0000,873a30f503946aee23767722c0ffd7a3,345159360,/data_local/images/DTS/2019B-0910/DECam_00900792.fits.fz,/net/archive/pipe/20191004/ct4m/2019B-0910/c4d_191005_054032_osj_i_v1.fits.fz,1.08,"{'gte': 52.64608333333332, 'lte': 52.64608333333332}","{'gte': -28.102694444444445, 'lte': -28.102694444444445}",52.64608333333332,-28.102694444444445,i DECam SDSS c0003 7835.0 1470.0,None,,360.0,0,2019-10-05,2019-10-05T05:40:32.440171+0000,[4674],Shen,2019B-0910,2021-03-27,decam,ct4m,ct,,object,SN-C3,stacked,image1,,2019-10-04,[None]
2020-11-19T02:53:28.783885+0000,7b920c675ab1b3a35fa1baba245265cb,4847040,/data_local/images/DTS/2019B-0910/DECam_00925104.fits.fz,/net/archive/pipe/20200105/ct4m/2019B-0910/c4d_200106_033017_ose_i_v1.fits.fz,1.14,"{'gte': 54.271874999999994, 'lte': 54.271874999999994}","{'gte': -27.11238888888889, 'lte': -27.11238888888889}",54.271874999999994,-27.11238888888889,i DECam SDSS c0003 7835.0 1470.0,None,,180.0,0,2020-01-06,2020-01-06T03:30:17.520953+0000,[4674],Shen,2019B-0910,2021-06-28,decam,ct4m,ct,,object,SN-C1,stacked,expmap,,2020-01-05,[None]
2020-11-18T18:29:45.447544+0000,7bdc2d10b0952c04221cc3dc78fb3315,336962880,/data_local/images/DTS/2019B-0910/DECam_00900807.fits.fz,/net/archive/pipe/20191004/ct4m/2019B-0910/c4d_191005_060942_osj_g_v1.fits.fz,1.04,"{'gte': 54.27354166666666, 'lte': 54.27354166666666}","{'gte': -29.08833333333333, 'lte': -29.08833333333333}",54.27354166666666,-29.08833333333333,g DECam SDSS c0001 4720.0 1520.0,None,,320.0,0,2019-10-05,2019-10-05T06:09:42.142209+0000,[4674],Shen,2019B-0910,2021-03-27,decam,ct4m,ct,,object,SN-C2,stacked,image1,,2019-10-04,[None]
2020-11-19T03:01:09.751607+0000,7b12889b6c65ac474dd919b55ef52866,9161280,/data_local/images/DTS/2019B-0910/DECam_00927195.fits.fz,/net/archive/pipe/20200127/ct4m/2019B-0910/c4d_200128_012044_ose_g_v1.fits.fz,1.07,"{'gte': 52.65116666666666, 'lte': 52.65116666666666}","{'gte': -28.09947222222222, 'lte': -28.09947222222222}",52.65116666666666,-28.09947222222222,g DECam SDSS c0001 4720.0 1520.0,None,,320.0,0,2020-01-28,2020-01-28T01:20:44.728126+0000,[4674],Shen,2019B-0910,2021-07-20,decam,ct4m,ct,,object,SN-C3,stacked,expmap,,2020-01-27,[None]
2020-11-18T18:52:46.089577+0000,81d0d028ae53c30203f4bf016cae478c,336893760,/data_local/images/DTS/2019B-0910/DECam_00906067.fits.fz,/net/archive/pipe/20191104/ct4m/2019B-0910/c4d_191105_031550_osj_r_v1.fits.fz,1.12,"{'gte': 52.65008333333333, 'lte': 52.65008333333333}","{'gte': -28.100444444444445, 'lte': -28.100444444444445}",52.65008333333333,-28.100444444444445,r DECam SDSS c0002 6415.0 1480.0,None,,140.0,0,2019-11-05,2019-11-05T03:15:50.930577+0000,[4674],Shen,2019B-0910,2021-04-27,decam,ct4m,ct,,object,SN-C3,stacked,image1,,2019-11-04,[None]
2020-11-18T18:33:09.313661+0000,819f4e629374e0d830dffc041fd36616,238694400,/data_local/images/DTS/2019B-0910/DECam_00902580.fits.fz,/net/archive/pipe/20191021/ct4m/2019B-0910/c4d_191022_080656_osw_g_v1.fits.fz,1.09,"{'gte': 54.273041666666664, 'lte': 54.273041666666664}","{'gte': -29.08911111111111, 'lte': -29.08911111111111}",54.273041666666664,-29.08911111111111,g DECam SDSS c0001 4720.0 1520.0,None,,160.0,0,2019-10-22,2019-10-22T08:06:56.083261+0000,[4674],Shen,2019B-0910,2021-04-13,decam,ct4m,ct,,object,SN-C2,stacked,wtmap,,2019-10-21,[None]
2020-11-18T18:52:45.603223+0000,8a82f8ce9ba85cd203e6c12c0b5dbc88,332533440,/data_local/images/DTS/2019B-0910/DECam_00906064.fits.fz,/net/archive/pipe/20191104/ct4m/2019B-0910/c4d_191105_031035_osj_g_v1.fits.fz,1.13,"{'gte': 52.650541666666655, 'lte': 52.650541666666655}","{'gte': -28.102777777777778, 'lte': -28.102777777777778}",52.650541666666655,-28.102777777777778,g DECam SDSS c0001 4720.0 1520.0,None,,20.0,0,2019-11-05,2019-11-05T03:10:35.940991+0000,[4674],Shen,2019B-0910,2021-04-27,decam,ct4m,ct,,object,SN-C3,stacked,image1,,2019-11-04,[None]
2020-11-18T23:26:20.538728+0000,731838c3bb5034e4bfa8847ff898dbb4,239192640,/data_local/images/DTS/2019B-0910/DECam_00895684.fits.fz,/net/archive/pipe/20190915/ct4m/2019B-0910/c4d_190916_064322_osw_g_v1.fits.fz,1.1,"{'gte': 52.64812499999999, 'lte': 52.64812499999999}","{'gte': -28.101111111111113, 'lte': -28.101111111111113}",52.64812499999999,-28.101111111111113,g DECam SDSS c0001 4720.0 1520.0,None,,160.0,0,2019-09-16,2019-09-16T06:43:22.565834+0000,[4674],Shen,2019B-0910,2021-03-08,decam,ct4m,ct,,object,SN-C3,stacked,wtmap,,2019-09-15,[None]
2020-11-18T23:35:01.039821+0000,605a071582709364965b67151425e9d7,3090240,/data_local/images/DTS/2019B-0910/DECam_00898474.fits.fz,/net/archive/pipe/20190926/ct4m/2019B-0910/c4d_190927_063747_ose_i_v1.fits.fz,1.05,"{'gte': 54.27279166666666, 'lte': 54.27279166666666}","{'gte': -27.111972222222224, 'lte': -27.111972222222224}",54.27279166666666,-27.111972222222224,i DECam SDSS c0003 7835.0 1470.0,None,,180.0,0,2019-09-27,2019-09-27T06:37:47.426748+0000,[4674],Shen,2019B-0910,2021-03-19,decam,ct4m,ct,,object,SN-C1,stacked,expmap,,2019-09-26,[None]
2020-11-19T02:48:38.749849+0000,7724717e26d50f460ba2083d7c506c31,4567680,/data_local/images/DTS/2019B-0910/DECam_00915327.fits.fz,/net/archive/pipe/20191207/ct4m/2019B-0910/c4d_191208_015625_ose_r_v1.fits.fz,1.04,"{'gte': 52.65020833333333, 'lte': 52.65020833333333}","{'gte': -28.100527777777778, 'lte': -28.100527777777778}",52.65020833333333,-28.100527777777778,r DECam SDSS c0002 6415.0 1480.0,None,,140.0,0,2019-12-08,2019-12-08T01:56:25.857476+0000,[4674],Shen,2019B-0910,2021-05-30,decam,ct4m,ct,,object,SN-C3,stacked,expmap,,2019-12-07,[None]
2020-11-19T03:04:28.421778+0000,3edc5a080c14d7285386e4ade4b8fbbe,1736640,/data_local/images/DTS/2019B-0910/DECam_00927204.fits.fz,/net/archive/pipe/20200127/ct4m/2019B-0910/c4d_200128_013648_osd_r_v1.fits.fz,1.08,"{'gte': 54.27270833333333, 'lte': 54.27270833333333}","{'gte': -27.11163888888889, 'lte': -27.11163888888889}",54.27270833333333,-27.11163888888889,r DECam SDSS c0002 6415.0 1480.0,None,,140.0,0,2020-01-28,2020-01-28T01:36:48.751527+0000,[4674],Shen,2019B-0910,2021-07-20,decam,ct4m,ct,,object,SN-C1,stacked,dqmask,,2020-01-27,[None]
2020-11-18T20:11:52.132586+0000,8001d9151dca4d7800f5a9f04e612a6a,334892160,/data_local/images/DTS/2019B-0910/DECam_00892233.fits.fz,/net/archive/pipe/20190830/ct4m/2019B-0910/c4d_190831_081922_osj_i_v1.fits.fz,1.05,"{'gte': 54.274583333333325, 'lte': 54.274583333333325}","{'gte': -29.089222222222222, 'lte': -29.089222222222222}",54.274583333333325,-29.089222222222222,i DECam SDSS c0003 7835.0 1470.0,None,,180.0,0,2019-08-31,2019-08-31T08:19:22.256263+0000,[4674],Shen,2019B-0910,2021-02-20,decam,ct4m,ct,,object,SN-C2,stacked,image1,,2019-08-30,[None]
2020-11-18T23:26:13.312004+0000,5f1226a2c5757ed03436be81ec35407e,1039680,/data_local/images/DTS/2019B-0910/DECam_00895686.fits.fz,/net/archive/pipe/20190915/ct4m/2019B-0910/c4d_190916_064701_osd_r_v1.fits.fz,1.09,"{'gte': 52.646375, 'lte': 52.646375}","{'gte': -28.102611111111113, 'lte': -28.102611111111113}",52.646375,-28.102611111111113,r DECam SDSS c0002 6415.0 1480.0,None,,140.0,0,2019-09-16,2019-09-16T06:47:01.961747+0000,[4674],Shen,2019B-0910,2021-03-08,decam,ct4m,ct,,object,SN-C3,stacked,dqmask,,2019-09-15,[None]
2020-11-19T02:53:30.442850+0000,960c68e4c9adf079bccfc5533c4af3ef,1059840,/data_local/images/DTS/2019B-0910/DECam_00925111.fits.fz,/net/archive/pipe/20200105/ct4m/2019B-0910/c4d_200106_034246_osd_i_v1.fits.fz,1.16,"{'gte': 54.274375, 'lte': 54.274375}","{'gte': -29.089416666666665, 'lte': -29.089416666666665}",54.274375,-29.089416666666665,i DECam SDSS c0003 7835.0 1470.0,None,,180.0,0,2020-01-06,2020-01-06T03:42:46.298255+0000,[4674],Shen,2019B-0910,2021-06-28,decam,ct4m,ct,,object,SN-C2,stacked,dqmask,,2020-01-05,[None]
2020-11-19T03:01:09.808632+0000,6132fddf96bac99b95ab337ec8da9ccd,243109440,/data_local/images/DTS/2019B-0910/DECam_00927195.fits.fz,/net/archive/pipe/20200127/ct4m/2019B-0910/c4d_200128_012044_osw_g_v1.fits.fz,1.07,"{'gte': 52.65116666666666, 'lte': 52.65116666666666}","{'gte': -28.09947222222222, 'lte': -28.09947222222222}",52.65116666666666,-28.09947222222222,g DECam SDSS c0001 4720.0 1520.0,None,,320.0,0,2020-01-28,2020-01-28T01:20:44.728126+0000,[4674],Shen,2019B-0910,2021-07-20,decam,ct4m,ct,,object,SN-C3,stacked,wtmap,,2020-01-27,[None]
2020-11-19T03:19:44.617515+0000,7972c7a9dcc9a45e478955a2a50ebba8,1946880,/data_local/images/DTS/2019B-0910/DECam_00908583.fits.fz,/net/archive/pipe/20191116/ct4m/2019B-0910/c4d_191117_030447_osd_g_v1.fits.fz,1.06,"{'gte': 52.65016666666666, 'lte': 52.65016666666666}","{'gte': -28.09975, 'lte': -28.09975}",52.65016666666666,-28.09975,g DECam SDSS c0001 4720.0 1520.0,None,,160.0,0,2019-11-17,2019-11-17T03:04:47.096313+0000,[4674],Shen,2019B-0910,2021-05-09,decam,ct4m,ct,,object,SN-C3,stacked,dqmask,,2019-11-16,[None]
2020-11-19T06:39:44.409158+0000,87bd0d56984d7c49cd46471dc8e4d96f,333840960,/data_local/images/DTS/2019B-0910/DECam_00925102.fits.fz,/net/archive/pipe/20200105/ct4m/2019B-0910/c4d_200106_032659_osj_r_v1.fits.fz,1.13,"{'gte': 54.27241666666666, 'lte': 54.27241666666666}","{'gte': -27.112416666666668, 'lte': -27.112416666666668}",54.27241666666666,-27.112416666666668,r DECam SDSS c0002 6415.0 1480.0,None,,140.0,0,2020-01-06,2020-01-06T03:26:59.556267+0000,[4674],Shen,2019B-0910,2021-06-28,decam,ct4m,ct,,object,SN-C1,stacked,image1,,2020-01-05,[None]
2020-11-18T23:56:57.976494+0000,90a3e7a67783e642875edfa55ad00ca9,334140480,/data_local/images/DTS/2019B-0910/DECam_00889323.fits.fz,/net/archive/pipe/20190821/ct4m/2019B-0910/c4d_190822_083120_osj_i_v1.fits.fz,1.09,"{'gte': 54.27254166666666, 'lte': 54.27254166666666}","{'gte': -29.08861111111111, 'lte': -29.08861111111111}",54.27254166666666,-29.08861111111111,i DECam SDSS c0003 7835.0 1470.0,None,,180.0,0,2019-08-22,2019-08-22T08:31:20.720592+0000,[4674],Shen,2019B-0910,2021-02-11,decam,ct4m,ct,,object,SN-C2,stacked,image1,,2019-08-21,[None]
2020-11-19T03:19:45.169512+0000,913c9ff9fe80059625412142228db473,238481280,/data_local/images/DTS/2019B-0910/DECam_00908587.fits.fz,/net/archive/pipe/20191116/ct4m/2019B-0910/c4d_191117_031141_osw_i_v1.fits.fz,1.05,"{'gte': 52.649583333333325, 'lte': 52.649583333333325}","{'gte': -28.099916666666665, 'lte': -28.099916666666665}",52.649583333333325,-28.099916666666665,i DECam SDSS c0003 7835.0 1470.0,None,,180.0,0,2019-11-17,2019-11-17T03:11:41.463385+0000,[4674],Shen,2019B-0910,2021-05-09,decam,ct4m,ct,,object,SN-C3,stacked,wtmap,,2019-11-16,[None]
2020-11-18T23:26:31.631652+0000,59465c57a0347e5b56620f98b5f75dcd,3974400,/data_local/images/DTS/2019B-0910/DECam_00895688.fits.fz,/net/archive/pipe/20190915/ct4m/2019B-0910/c4d_190916_065019_ose_i_v1.fits.fz,1.09,"{'gte': 52.64574999999999, 'lte': 52.64574999999999}","{'gte': -28.10377777777778, 'lte': -28.10377777777778}",52.64574999999999,-28.10377777777778,i DECam SDSS c0003 7835.0 1470.0,None,,180.0,0,2019-09-16,2019-09-16T06:50:19.787374+0000,[4674],Shen,2019B-0910,2021-03-08,decam,ct4m,ct,,object,SN-C3,stacked,expmap,,2019-09-15,[None]
2020-11-19T02:51:31.281882+0000,915d1b4d77d166c2048ac70982e8ba72,4858560,/data_local/images/DTS/2019B-0910/DECam_00921222.fits.fz,/net/archive/pipe/20191220/ct4m/2019B-0910/c4d_191221_033928_ose_i_v1.fits.fz,1.05,"{'gte': 52.650541666666655, 'lte': 52.650541666666655}","{'gte': -28.098694444444444, 'lte': -28.098694444444444}",52.650541666666655,-28.098694444444444,i DECam SDSS c0003 7835.0 1470.0,None,,180.0,0,2019-12-21,2019-12-21T03:39:28.689666+0000,[4674],Shen,2019B-0910,2021-06-12,decam,ct4m,ct,,object,SN-C3,stacked,expmap,,2019-12-20,[None]
2020-11-18T21:56:12.334050+0000,86e1c427f334820c3411014b3b236af0,345415680,/data_local/images/DTS/2019B-0910/DECam_00892206.fits.fz,/net/archive/pipe/20190830/ct4m/2019B-0910/c4d_190831_072012_osj_g_v1.fits.fz,1.16,"{'gte': 52.646583333333325, 'lte': 52.646583333333325}","{'gte': -28.10238888888889, 'lte': -28.10238888888889}",52.646583333333325,-28.10238888888889,g DECam SDSS c0001 4720.0 1520.0,None,,20.0,0,2019-08-31,2019-08-31T07:20:12.224231+0000,[4674],Shen,2019B-0910,2021-02-20,decam,ct4m,ct,,object,SN-C3,stacked,image1,,2019-08-30,[None]
2020-11-19T03:47:24.195321+0000,a954f29a8646dfbf46a0ba4607469eb9,239952960,/data_local/images/DTS/2019B-0910/DECam_00902573.fits.fz,/net/archive/pipe/20191021/ct4m/2019B-0910/c4d_191022_075427_osw_g_v1.fits.fz,1.07,"{'gte': 54.277125, 'lte': 54.277125}","{'gte': -27.114138888888892, 'lte': -27.114138888888892}",54.277125,-27.114138888888892,g DECam SDSS c0001 4720.0 1520.0,None,,160.0,0,2019-10-22,2019-10-22T07:54:27.963872+0000,[4674],Shen,2019B-0910,2021-04-13,decam,ct4m,ct,,object,SN-C1,stacked,wtmap,,2019-10-21,[None]
2020-11-19T00:35:11.316388+0000,957eaf89696460e4325ac60771bf921a,1065600,/data_local/images/DTS/2019B-0910/DECam_00900788.fits.fz,/net/archive/pipe/20191004/ct4m/2019B-0910/c4d_191005_053337_osd_g_v1.fits.fz,1.09,"{'gte': 52.648374999999994, 'lte': 52.648374999999994}","{'gte': -28.101583333333334, 'lte': -28.101583333333334}",52.648374999999994,-28.101583333333334,g DECam SDSS c0001 4720.0 1520.0,None,,320.0,0,2019-10-05,2019-10-05T05:33:37.550315+0000,[4674],Shen,2019B-0910,2021-03-27,decam,ct4m,ct,,object,SN-C3,stacked,dqmask,,2019-10-04,[None]
2020-11-19T02:48:16.215953+0000,92babe7ef685deee7c275da52499ddee,4386240,/data_local/images/DTS/2019B-0910/DECam_00912537.fits.fz,/net/archive/pipe/20191130/ct4m/2019B-0910/c4d_191201_014510_ose_i_v1.fits.fz,1.11,"{'gte': 54.27358333333333, 'lte': 54.27358333333333}","{'gte': -29.088583333333332, 'lte': -29.088583333333332}",54.27358333333333,-29.088583333333332,i DECam SDSS c0003 7835.0 1470.0,None,,180.0,0,2019-12-01,2019-12-01T01:45:10.622797+0000,[4674],Shen,2019B-0910,2021-05-23,decam,ct4m,ct,,object,SN-C2,stacked,expmap,,2019-11-30,[None]
2020-11-18T20:00:09.196396+0000,9578962f29842555d861ff4487f2d14f,4792320,/data_local/images/DTS/2019B-0910/DECam_00906043.fits.fz,/net/archive/pipe/20191104/ct4m/2019B-0910/c4d_191105_022722_ose_r_v1.fits.fz,1.29,"{'gte': 54.273708333333325, 'lte': 54.273708333333325}","{'gte': -27.11052777777778, 'lte': -27.11052777777778}",54.273708333333325,-27.11052777777778,r DECam SDSS c0002 6415.0 1480.0,None,,140.0,0,2019-11-05,2019-11-05T02:27:22.674127+0000,[4674],Shen,2019B-0910,2021-04-27,decam,ct4m,ct,,object,SN-C1,stacked,expmap,,2019-11-04,[None]
2020-11-18T23:29:02.761771+0000,99f92c5b0b884589d553f8859ebca1ac,238478400,/data_local/images/DTS/2019B-0910/DECam_00895688.fits.fz,/net/archive/pipe/20190915/ct4m/2019B-0910/c4d_190916_065019_osw_i_v1.fits.fz,1.09,"{'gte': 52.64574999999999, 'lte': 52.64574999999999}","{'gte': -28.10377777777778, 'lte': -28.10377777777778}",52.64574999999999,-28.10377777777778,i DECam SDSS c0003 7835.0 1470.0,None,,180.0,0,2019-09-16,2019-09-16T06:50:19.787374+0000,[4674],Shen,2019B-0910,2021-03-08,decam,ct4m,ct,,object,SN-C3,stacked,wtmap,,2019-09-15,[None]
2020-11-18T23:35:05.271108+0000,72838c6b3aa21f7aad5070674dfe2357,912960,/data_local/images/DTS/2019B-0910/DECam_00898462.fits.fz,/net/archive/pipe/20190926/ct4m/2019B-0910/c4d_190927_061402_osd_i_v1.fits.fz,1.07,"{'gte': 52.64524999999999, 'lte': 52.64524999999999}","{'gte': -28.10366666666667, 'lte': -28.10366666666667}",52.64524999999999,-28.10366666666667,i DECam SDSS c0003 7835.0 1470.0,None,,360.0,0,2019-09-27,2019-09-27T06:14:02.917925+0000,[4674],Shen,2019B-0910,2021-03-19,decam,ct4m,ct,,object,SN-C3,stacked,dqmask,,2019-09-26,[None]
2020-11-19T06:09:51.156913+0000,980ef785e0f2b5b5b5c77391765006dc,4832640,/data_local/images/DTS/2019B-0910/DECam_00925480.fits.fz,/net/archive/pipe/20200120/ct4m/2019B-0910/c4d_200121_032854_ose_g_v1.fits.fz,1.32,"{'gte': 54.274874999999994, 'lte': 54.274874999999994}","{'gte': -27.11127777777778, 'lte': -27.11127777777778}",54.274874999999994,-27.11127777777778,g DECam SDSS c0001 4720.0 1520.0,None,,160.0,0,2020-01-21,2020-01-21T03:28:54.261029+0000,[4674],Shen,2019B-0910,2021-07-13,decam,ct4m,ct,,object,SN-C1,stacked,expmap,,2020-01-20,[None]
2020-11-19T06:11:54.522223+0000,6b7a960036540403d02b3c5cf1f95130,4754880,/data_local/images/DTS/2019B-0910/DECam_00923736.fits.fz,/net/archive/pipe/20191230/ct4m/2019B-0910/c4d_191231_031104_ose_r_v1.fits.fz,1.07,"{'gte': 52.650124999999996, 'lte': 52.650124999999996}","{'gte': -28.099444444444444, 'lte': -28.099444444444444}",52.650124999999996,-28.099444444444444,r DECam SDSS c0002 6415.0 1480.0,None,,140.0,0,2019-12-31,2019-12-31T03:11:04.114507+0000,[4674],Shen,2019B-0910,2021-06-22,decam,ct4m,ct,,object,SN-C3,stacked,expmap,,2019-12-30,[None]
2020-11-19T03:04:28.610168+0000,af411f95ac7d22e0ca4867d8e505629f,238250880,/data_local/images/DTS/2019B-0910/DECam_00927204.fits.fz,/net/archive/pipe/20200127/ct4m/2019B-0910/c4d_200128_013648_osw_r_v1.fits.fz,1.08,"{'gte': 54.27270833333333, 'lte': 54.27270833333333}","{'gte': -27.11163888888889, 'lte': -27.11163888888889}",54.27270833333333,-27.11163888888889,r DECam SDSS c0002 6415.0 1480.0,None,,140.0,0,2020-01-28,2020-01-28T01:36:48.751527+0000,[4674],Shen,2019B-0910,2021-07-20,decam,ct4m,ct,,object,SN-C1,stacked,wtmap,,2020-01-27,[None]
2020-11-19T08:32:27.119364+0000,42971bd7f1f09244b6f8ff2fe69037e1,238864320,/data_local/images/DTS/2019B-0910/DECam_00898479.fits.fz,/net/archive/pipe/20190926/ct4m/2019B-0910/c4d_190927_064654_osw_r_v1.fits.fz,1.04,"{'gte': 54.27375, 'lte': 54.27375}","{'gte': -29.08747222222222, 'lte': -29.08747222222222}",54.27375,-29.08747222222222,r DECam SDSS c0002 6415.0 1480.0,None,,140.0,0,2019-09-27,2019-09-27T06:46:54.175792+0000,[4674],Shen,2019B-0910,2021-03-19,decam,ct4m,ct,,object,SN-C2,stacked,wtmap,,2019-09-26,[None]
2020-11-19T04:38:54.235888+0000,8b2e68b45ad6a4923b277ee83029cfa5,334287360,/data_local/images/DTS/2019B-0910/DECam_00912547.fits.fz,/net/archive/pipe/20191130/ct4m/2019B-0910/c4d_191201_020532_osj_r_v1.fits.fz,1.06,"{'gte': 52.651083333333325, 'lte': 52.651083333333325}","{'gte': -28.100611111111114, 'lte': -28.100611111111114}",52.651083333333325,-28.100611111111114,r DECam SDSS c0002 6415.0 1480.0,None,,140.0,0,2019-12-01,2019-12-01T02:05:32.557646+0000,[4674],Shen,2019B-0910,2021-05-23,decam,ct4m,ct,,object,SN-C3,stacked,image1,,2019-11-30,[None]
2020-11-18T18:29:54.386483+0000,8be23b99bb10ea3e6f2cc13e2244b81b,337628160,/data_local/images/DTS/2019B-0910/DECam_00900802.fits.fz,/net/archive/pipe/20191004/ct4m/2019B-0910/c4d_191005_060056_osj_r_v1.fits.fz,1.06,"{'gte': 54.27462499999999, 'lte': 54.27462499999999}","{'gte': -27.11116666666667, 'lte': -27.11116666666667}",54.27462499999999,-27.11116666666667,r DECam SDSS c0002 6415.0 1480.0,None,,280.0,0,2019-10-05,2019-10-05T06:00:56.479971+0000,[4674],Shen,2019B-0910,2021-03-27,decam,ct4m,ct,,object,SN-C1,stacked,image1,,2019-10-04,[None]
2020-11-19T06:11:14.381022+0000,ae43a4220b560e4e5a99ea78f0b8b10b,3919680,/data_local/images/DTS/2019B-0910/DECam_00925472.fits.fz,/net/archive/pipe/20200120/ct4m/2019B-0910/c4d_200121_031440_ose_g_v1.fits.fz,1.29,"{'gte': 52.65149999999999, 'lte': 52.65149999999999}","{'gte': -28.102111111111114, 'lte': -28.102111111111114}",52.65149999999999,-28.102111111111114,g DECam SDSS c0001 4720.0 1520.0,None,,20.0,0,2020-01-21,2020-01-21T03:14:40.903715+0000,[4674],Shen,2019B-0910,2021-07-13,decam,ct4m,ct,,object,SN-C3,stacked,expmap,,2020-01-20,[None]
2020-11-18T22:41:47.029214+0000,a6cf34ead0d7bb130e56da8d8db99c8c,4662720,/data_local/images/DTS/2019B-0910/DECam_00889312.fits.fz,/net/archive/pipe/20190821/ct4m/2019B-0910/c4d_190822_081159_ose_g_v1.fits.fz,1.13,"{'gte': 54.272749999999995, 'lte': 54.272749999999995}","{'gte': -27.112750000000002, 'lte': -27.112750000000002}",54.272749999999995,-27.112750000000002,g DECam SDSS c0001 4720.0 1520.0,None,,160.0,0,2019-08-22,2019-08-22T08:11:59.136221+0000,[4674],Shen,2019B-0910,2021-02-11,decam,ct4m,ct,,object,SN-C1,stacked,expmap,,2019-08-21,[None]
2020-11-18T23:08:19.552739+0000,7acf0b815767d458ef36a48381e7ebf1,332873280,/data_local/images/DTS/2019B-0910/DECam_00889319.fits.fz,/net/archive/pipe/20190821/ct4m/2019B-0910/c4d_190822_082424_osj_g_v1.fits.fz,1.1,"{'gte': 54.27320833333333, 'lte': 54.27320833333333}","{'gte': -29.08813888888889, 'lte': -29.08813888888889}",54.27320833333333,-29.08813888888889,g DECam SDSS c0001 4720.0 1520.0,None,,160.0,0,2019-08-22,2019-08-22T08:24:24.793553+0000,[4674],Shen,2019B-0910,2021-02-11,decam,ct4m,ct,,object,SN-C2,stacked,image1,,2019-08-21,[None]
2020-11-18T18:33:01.594337+0000,7afb4f0f2c0639a7b826d5bbd07ead8b,334719360,/data_local/images/DTS/2019B-0910/DECam_00902577.fits.fz,/net/archive/pipe/20191021/ct4m/2019B-0910/c4d_191022_080123_osj_i_v1.fits.fz,1.08,"{'gte': 54.275749999999995, 'lte': 54.275749999999995}","{'gte': -27.112833333333334, 'lte': -27.112833333333334}",54.275749999999995,-27.112833333333334,i DECam SDSS c0003 7835.0 1470.0,None,,180.0,0,2019-10-22,2019-10-22T08:01:23.545321+0000,[4674],Shen,2019B-0910,2021-04-13,decam,ct4m,ct,,object,SN-C1,stacked,image1,,2019-10-21,[None]
2020-11-18T18:30:00.241365+0000,a6e6bb331b751e5a333c094fbe5b5030,7876800,/data_local/images/DTS/2019B-0910/DECam_00900811.fits.fz,/net/archive/pipe/20191004/ct4m/2019B-0910/c4d_191005_061636_ose_i_v1.fits.fz,1.04,"{'gte': 54.27354166666666, 'lte': 54.27354166666666}","{'gte': -29.088555555555555, 'lte': -29.088555555555555}",54.27354166666666,-29.088555555555555,i DECam SDSS c0003 7835.0 1470.0,None,,360.0,0,2019-10-05,2019-10-05T06:16:36.345872+0000,[4674],Shen,2019B-0910,2021-03-27,decam,ct4m,ct,,object,SN-C2,stacked,expmap,,2019-10-04,[None]
2020-11-18T18:29:52.921487+0000,74fda1d9c7de332ac5a42d6871e79b7f,1088640,/data_local/images/DTS/2019B-0910/DECam_00900799.fits.fz,/net/archive/pipe/20191004/ct4m/2019B-0910/c4d_191005_055541_osd_g_v1.fits.fz,1.07,"{'gte': 54.27295833333333, 'lte': 54.27295833333333}","{'gte': -27.114250000000002, 'lte': -27.114250000000002}",54.27295833333333,-27.114250000000002,g DECam SDSS c0001 4720.0 1520.0,None,,20.0,0,2019-10-05,2019-10-05T05:55:41.999512+0000,[4674],Shen,2019B-0910,2021-03-27,decam,ct4m,ct,,object,SN-C1,stacked,dqmask,,2019-10-04,[None]
2020-11-18T18:33:06.552923+0000,ac22de3f05c963e7acc4b546abab2d78,1874880,/data_local/images/DTS/2019B-0910/DECam_00902563.fits.fz,/net/archive/pipe/20191021/ct4m/2019B-0910/c4d_191022_073349_osd_r_v1.fits.fz,1.05,"{'gte': 52.65183333333333, 'lte': 52.65183333333333}","{'gte': -28.103333333333335, 'lte': -28.103333333333335}",52.65183333333333,-28.103333333333335,r DECam SDSS c0002 6415.0 1480.0,None,,140.0,0,2019-10-22,2019-10-22T07:33:49.557797+0000,[4674],Shen,2019B-0910,2021-04-13,decam,ct4m,ct,,object,SN-C3,stacked,dqmask,,2019-10-21,[None]
2020-11-19T05:55:28.188573+0000,9af5b9b2e0fc6e2967828155367a1243,238648320,/data_local/images/DTS/2019B-0910/DECam_00917130.fits.fz,/net/archive/pipe/20191213/ct4m/2019B-0910/c4d_191214_012729_osw_g_v1.fits.fz,1.05,"{'gte': 52.648291666666665, 'lte': 52.648291666666665}","{'gte': -28.101194444444445, 'lte': -28.101194444444445}",52.648291666666665,-28.101194444444445,g DECam SDSS c0001 4720.0 1520.0,None,,160.0,0,2019-12-14,2019-12-14T01:27:29.527513+0000,[4674],Shen,2019B-0910,2021-06-05,decam,ct4m,ct,,object,SN-C3,stacked,wtmap,,2019-12-13,[None]
2020-11-19T05:49:05.146205+0000,4ef77df07d7475ad270368348e0da193,237222720,/data_local/images/DTS/2019B-0910/DECam_00915320.fits.fz,/net/archive/pipe/20191207/ct4m/2019B-0910/c4d_191208_014353_osw_r_v1.fits.fz,1.06,"{'gte': 54.27349999999999, 'lte': 54.27349999999999}","{'gte': -29.089222222222222, 'lte': -29.089222222222222}",54.27349999999999,-29.089222222222222,r DECam SDSS c0002 6415.0 1480.0,None,,140.0,0,2019-12-08,2019-12-08T01:43:53.734350+0000,[4674],Shen,2019B-0910,2021-05-30,decam,ct4m,ct,,object,SN-C2,stacked,wtmap,,2019-12-07,[None]
2020-11-19T06:11:54.602740+0000,b3260a2dedaaa9613a51244a5cc47bfd,4622400,/data_local/images/DTS/2019B-0910/DECam_00923743.fits.fz,/net/archive/pipe/20191230/ct4m/2019B-0910/c4d_191231_032330_ose_r_v1.fits.fz,1.08,"{'gte': 54.27358333333333, 'lte': 54.27358333333333}","{'gte': -27.112083333333334, 'lte': -27.112083333333334}",54.27358333333333,-27.112083333333334,r DECam SDSS c0002 6415.0 1480.0,None,,140.0,0,2019-12-31,2019-12-31T03:23:30.749873+0000,[4674],Shen,2019B-0910,2021-06-22,decam,ct4m,ct,,object,SN-C1,stacked,expmap,,2019-12-30,[None]
2020-11-19T06:09:48.801266+0000,4d5f7c9b812b4b4745e4f7a24128a071,4610880,/data_local/images/DTS/2019B-0910/DECam_00925489.fits.fz,/net/archive/pipe/20200120/ct4m/2019B-0910/c4d_200121_034458_ose_r_v1.fits.fz,1.38,"{'gte': 54.27445833333332, 'lte': 54.27445833333332}","{'gte': -29.088666666666665, 'lte': -29.088666666666665}",54.27445833333332,-29.088666666666665,r DECam SDSS c0002 6415.0 1480.0,None,,140.0,0,2020-01-21,2020-01-21T03:44:58.539314+0000,[4674],Shen,2019B-0910,2021-07-13,decam,ct4m,ct,,object,SN-C2,stacked,expmap,,2020-01-20,[None]
2020-11-19T11:34:04.395193+0000,8f3893c9ef3a6da0678777a583d05e93,243673920,/data_local/images/DTS/2019B-0910/DECam_00900802.fits.fz,/net/archive/pipe/20191004/ct4m/2019B-0910/c4d_191005_060056_osw_r_v1.fits.fz,1.06,"{'gte': 54.27462499999999, 'lte': 54.27462499999999}","{'gte': -27.11116666666667, 'lte': -27.11116666666667}",54.27462499999999,-27.11116666666667,r DECam SDSS c0002 6415.0 1480.0,None,,280.0,0,2019-10-05,2019-10-05T06:00:56.479971+0000,[4674],Shen,2019B-0910,2021-03-27,decam,ct4m,ct,,object,SN-C1,stacked,wtmap,,2019-10-04,[None]
2020-11-18T18:52:39.159271+0000,6327ef728227bcbcea3d4cd5d0f44eca,4317120,/data_local/images/DTS/2019B-0910/DECam_00906041.fits.fz,/net/archive/pipe/20191104/ct4m/2019B-0910/c4d_191105_022344_ose_g_v1.fits.fz,1.3,"{'gte': 54.273624999999996, 'lte': 54.273624999999996}","{'gte': -27.111555555555558, 'lte': -27.111555555555558}",54.273624999999996,-27.111555555555558,g DECam SDSS c0001 4720.0 1520.0,None,,160.0,0,2019-11-05,2019-11-05T02:23:44.839894+0000,[4674],Shen,2019B-0910,2021-04-27,decam,ct4m,ct,,object,SN-C1,stacked,expmap,,2019-11-04,[None]
2020-11-18T18:52:42.382806+0000,60a5421b5605b1af08f889d77e39b1f6,238550400,/data_local/images/DTS/2019B-0910/DECam_00906053.fits.fz,/net/archive/pipe/20191104/ct4m/2019B-0910/c4d_191105_024758_osw_g_v1.fits.fz,1.21,"{'gte': 54.27462499999999, 'lte': 54.27462499999999}","{'gte': -29.088444444444445, 'lte': -29.088444444444445}",54.27462499999999,-29.088444444444445,g DECam SDSS c0001 4720.0 1520.0,None,,160.0,0,2019-11-05,2019-11-05T02:47:58.783902+0000,[4674],Shen,2019B-0910,2021-04-27,decam,ct4m,ct,,object,SN-C2,stacked,wtmap,,2019-11-04,[None]
2020-11-19T03:00:20.544813+0000,b4909401090f7e830b1fb84e742f76b8,334082880,/data_local/images/DTS/2019B-0910/DECam_00927194.fits.fz,/net/archive/pipe/20200127/ct4m/2019B-0910/c4d_200128_011915_osj_g_v1.fits.fz,1.06,"{'gte': 52.651083333333325, 'lte': 52.651083333333325}","{'gte': -28.099138888888888, 'lte': -28.099138888888888}",52.651083333333325,-28.099138888888888,g DECam SDSS c0001 4720.0 1520.0,None,,30.0,0,2020-01-28,2020-01-28T01:19:15.796442+0000,[4674],Shen,2019B-0910,2021-07-20,decam,ct4m,ct,,object,SN-C3,stacked,image1,,2020-01-27,[None]
2020-11-19T11:28:14.075427+0000,a1a4848e1599a84034ce8d93ea160cd8,332881920,/data_local/images/DTS/2019B-0910/DECam_00940738.fits.fz,/net/archive/pipe/20200303/ct4m/2019B-0910/c4d_200304_003621_osj_r_v1.fits.fz,1.31,"{'gte': 54.27483333333333, 'lte': 54.27483333333333}","{'gte': -27.111805555555556, 'lte': -27.111805555555556}",54.27483333333333,-27.111805555555556,r DECam SDSS c0002 6415.0 1480.0,None,,140.0,0,2020-03-04,2020-03-04T00:36:21.855344+0000,[4674],Shen,2019B-0910,2021-08-25,decam,ct4m,ct,,object,SN-C1,stacked,image1,,2020-03-03,[None]
2020-11-19T03:19:47.208369+0000,693e90c645842cac988d91a61d54ee75,333037440,/data_local/images/DTS/2019B-0910/DECam_00908585.fits.fz,/net/archive/pipe/20191116/ct4m/2019B-0910/c4d_191117_030823_osj_r_v1.fits.fz,1.05,"{'gte': 52.649833333333326, 'lte': 52.649833333333326}","{'gte': -28.09986111111111, 'lte': -28.09986111111111}",52.649833333333326,-28.09986111111111,r DECam SDSS c0002 6415.0 1480.0,None,,140.0,0,2019-11-17,2019-11-17T03:08:23.964879+0000,[4674],Shen,2019B-0910,2021-05-09,decam,ct4m,ct,,object,SN-C3,stacked,image1,,2019-11-16,[None]
2020-11-19T05:55:27.542331+0000,9f3e3ff3afec5a53c2b7e54aa02f5901,237720960,/data_local/images/DTS/2019B-0910/DECam_00917132.fits.fz,/net/archive/pipe/20191213/ct4m/2019B-0910/c4d_191214_013108_osw_r_v1.fits.fz,1.04,"{'gte': 52.646375, 'lte': 52.646375}","{'gte': -28.10152777777778, 'lte': -28.10152777777778}",52.646375,-28.10152777777778,r DECam SDSS c0002 6415.0 1480.0,None,,140.0,0,2019-12-14,2019-12-14T01:31:08.134018+0000,[4674],Shen,2019B-0910,2021-06-05,decam,ct4m,ct,,object,SN-C3,stacked,wtmap,,2019-12-13,[None]
2020-11-19T06:09:52.636384+0000,b712f884cc174f971c8a888bf7b4e1d4,4815360,/data_local/images/DTS/2019B-0910/DECam_00925477.fits.fz,/net/archive/pipe/20200120/ct4m/2019B-0910/c4d_200121_032312_ose_i_v1.fits.fz,1.32,"{'gte': 52.649125, 'lte': 52.649125}","{'gte': -28.099777777777778, 'lte': -28.099777777777778}",52.649125,-28.099777777777778,i DECam SDSS c0003 7835.0 1470.0,None,,180.0,0,2020-01-21,2020-01-21T03:23:12.608622+0000,[4674],Shen,2019B-0910,2021-07-13,decam,ct4m,ct,,object,SN-C3,stacked,expmap,,2020-01-20,[None]
2020-11-18T21:08:36.109272+0000,4244b5378c7d285010fa821949290627,239091840,/data_local/images/DTS/2019B-0910/DECam_00912525.fits.fz,/net/archive/pipe/20191130/ct4m/2019B-0910/c4d_191201_012104_osw_i_v1.fits.fz,1.17,"{'gte': 54.26920833333333, 'lte': 54.26920833333333}","{'gte': -27.115972222222222, 'lte': -27.115972222222222}",54.26920833333333,-27.115972222222222,i DECam SDSS c0003 7835.0 1470.0,None,,180.0,0,2019-12-01,2019-12-01T01:21:04.468430+0000,[4674],Shen,2019B-0910,2021-05-23,decam,ct4m,ct,,object,SN-C1,stacked,wtmap,,2019-11-30,[None]
2020-11-18T23:35:04.127068+0000,976a6999aed267a9a511a8d29efc2ff7,6549120,/data_local/images/DTS/2019B-0910/DECam_00898460.fits.fz,/net/archive/pipe/20190926/ct4m/2019B-0910/c4d_190927_061045_ose_r_v1.fits.fz,1.08,"{'gte': 52.64645833333332, 'lte': 52.64645833333332}","{'gte': -28.102777777777778, 'lte': -28.102777777777778}",52.64645833333332,-28.102777777777778,r DECam SDSS c0002 6415.0 1480.0,None,,280.0,0,2019-09-27,2019-09-27T06:10:45.503730+0000,[4674],Shen,2019B-0910,2021-03-19,decam,ct4m,ct,,object,SN-C3,stacked,expmap,,2019-09-26,[None]
2020-11-19T03:19:44.636674+0000,babd8428e65727edd928888b2e0cec9c,332982720,/data_local/images/DTS/2019B-0910/DECam_00908583.fits.fz,/net/archive/pipe/20191116/ct4m/2019B-0910/c4d_191117_030447_osj_g_v1.fits.fz,1.06,"{'gte': 52.65016666666666, 'lte': 52.65016666666666}","{'gte': -28.09975, 'lte': -28.09975}",52.65016666666666,-28.09975,g DECam SDSS c0001 4720.0 1520.0,None,,160.0,0,2019-11-17,2019-11-17T03:04:47.096313+0000,[4674],Shen,2019B-0910,2021-05-09,decam,ct4m,ct,,object,SN-C3,stacked,image1,,2019-11-16,[None]
2020-11-18T18:52:46.184427+0000,7838a62398a36269d695e7624687e8c3,237602880,/data_local/images/DTS/2019B-0910/DECam_00906067.fits.fz,/net/archive/pipe/20191104/ct4m/2019B-0910/c4d_191105_031550_osw_r_v1.fits.fz,1.12,"{'gte': 52.65008333333333, 'lte': 52.65008333333333}","{'gte': -28.100444444444445, 'lte': -28.100444444444445}",52.65008333333333,-28.100444444444445,r DECam SDSS c0002 6415.0 1480.0,None,,140.0,0,2019-11-05,2019-11-05T03:15:50.930577+0000,[4674],Shen,2019B-0910,2021-04-27,decam,ct4m,ct,,object,SN-C3,stacked,wtmap,,2019-11-04,[None]
2020-11-18T23:35:03.186490+0000,a0c4c1ac79498fe2d1b51fa62070fa2e,334771200,/data_local/images/DTS/2019B-0910/DECam_00898472.fits.fz,/net/archive/pipe/20190926/ct4m/2019B-0910/c4d_190927_063429_osj_r_v1.fits.fz,1.06,"{'gte': 54.27270833333333, 'lte': 54.27270833333333}","{'gte': -27.11202777777778, 'lte': -27.11202777777778}",54.27270833333333,-27.11202777777778,r DECam SDSS c0002 6415.0 1480.0,None,,140.0,0,2019-09-27,2019-09-27T06:34:29.366252+0000,[4674],Shen,2019B-0910,2021-03-19,decam,ct4m,ct,,object,SN-C1,stacked,image1,,2019-09-26,[None]
2020-11-19T06:02:37.620531+0000,0d5c242b5b39d512cb1b8d49d8ebf43d,1353600,/data_local/images/DTS/2019B-0910/DECam_00912545.fits.fz,/net/archive/pipe/20191130/ct4m/2019B-0910/c4d_191201_020153_osd_g_v1.fits.fz,1.07,"{'gte': 52.65016666666666, 'lte': 52.65016666666666}","{'gte': -28.10088888888889, 'lte': -28.10088888888889}",52.65016666666666,-28.10088888888889,g DECam SDSS c0001 4720.0 1520.0,None,,160.0,0,2019-12-01,2019-12-01T02:01:53.616138+0000,[4674],Shen,2019B-0910,2021-05-23,decam,ct4m,ct,,object,SN-C3,stacked,dqmask,,2019-11-30,[None]
2020-11-18T23:35:03.178601+0000,770867eda175d5ea2b87b39747fad71b,936000,/data_local/images/DTS/2019B-0910/DECam_00898472.fits.fz,/net/archive/pipe/20190926/ct4m/2019B-0910/c4d_190927_063429_osd_r_v1.fits.fz,1.06,"{'gte': 54.27270833333333, 'lte': 54.27270833333333}","{'gte': -27.11202777777778, 'lte': -27.11202777777778}",54.27270833333333,-27.11202777777778,r DECam SDSS c0002 6415.0 1480.0,None,,140.0,0,2019-09-27,2019-09-27T06:34:29.366252+0000,[4674],Shen,2019B-0910,2021-03-19,decam,ct4m,ct,,object,SN-C1,stacked,dqmask,,2019-09-26,[None]
2020-11-18T23:35:01.715220+0000,76ed1aa13e222ea8e24854781d3600e3,858240,/data_local/images/DTS/2019B-0910/DECam_00898469.fits.fz,/net/archive/pipe/20190926/ct4m/2019B-0910/c4d_190927_062911_osd_g_v1.fits.fz,1.06,"{'gte': 54.27375, 'lte': 54.27375}","{'gte': -27.114222222222224, 'lte': -27.114222222222224}",54.27375,-27.114222222222224,g DECam SDSS c0001 4720.0 1520.0,None,,20.0,0,2019-09-27,2019-09-27T06:29:11.699964+0000,[4674],Shen,2019B-0910,2021-03-19,decam,ct4m,ct,,object,SN-C1,stacked,dqmask,,2019-09-26,[None]
2020-11-19T05:49:05.315751+0000,a1eaf86bf3a3d6f4b7a65723539aac96,4818240,/data_local/images/DTS/2019B-0910/DECam_00915329.fits.fz,/net/archive/pipe/20191207/ct4m/2019B-0910/c4d_191208_015942_ose_i_v1.fits.fz,1.04,"{'gte': 52.65004166666666, 'lte': 52.65004166666666}","{'gte': -28.100194444444448, 'lte': -28.100194444444448}",52.65004166666666,-28.100194444444448,i DECam SDSS c0003 7835.0 1470.0,None,,180.0,0,2019-12-08,2019-12-08T01:59:42.007624+0000,[4674],Shen,2019B-0910,2021-05-30,decam,ct4m,ct,,object,SN-C3,stacked,expmap,,2019-12-07,[None]
2020-11-19T05:55:30.013517+0000,a12e4419c911202fbacba399f259705e,333241920,/data_local/images/DTS/2019B-0910/DECam_00917137.fits.fz,/net/archive/pipe/20191213/ct4m/2019B-0910/c4d_191214_014002_osj_g_v1.fits.fz,1.04,"{'gte': 54.27508333333333, 'lte': 54.27508333333333}","{'gte': -27.112194444444444, 'lte': -27.112194444444444}",54.27508333333333,-27.112194444444444,g DECam SDSS c0001 4720.0 1520.0,None,,160.0,0,2019-12-14,2019-12-14T01:40:02.206190+0000,[4674],Shen,2019B-0910,2021-06-05,decam,ct4m,ct,,object,SN-C1,stacked,image1,,2019-12-13,[None]
2020-11-18T21:11:20.326790+0000,0f823e0eacbddc4b453359201d135688,239797440,/data_local/images/DTS/2019B-0910/DECam_00921234.fits.fz,/net/archive/pipe/20191220/ct4m/2019B-0910/c4d_191221_040255_osw_i_v1.fits.fz,1.08,"{'gte': 54.27470833333333, 'lte': 54.27470833333333}","{'gte': -27.111583333333336, 'lte': -27.111583333333336}",54.27470833333333,-27.111583333333336,i DECam SDSS c0003 7835.0 1470.0,None,,180.0,0,2019-12-21,2019-12-21T04:02:55.563912+0000,[4674],Shen,2019B-0910,2021-06-12,decam,ct4m,ct,,object,SN-C1,stacked,wtmap,,2019-12-20,[None]
2020-11-18T23:35:05.428211+0000,92dcd8a82d36088c48a0a790cd62ffe2,6923520,/data_local/images/DTS/2019B-0910/DECam_00898470.fits.fz,/net/archive/pipe/20190926/ct4m/2019B-0910/c4d_190927_063050_ose_g_v1.fits.fz,1.06,"{'gte': 54.273291666666665, 'lte': 54.273291666666665}","{'gte': -27.111361111111112, 'lte': -27.111361111111112}",54.273291666666665,-27.111361111111112,g DECam SDSS c0001 4720.0 1520.0,None,,320.0,0,2019-09-27,2019-09-27T06:30:50.962732+0000,[4674],Shen,2019B-0910,2021-03-19,decam,ct4m,ct,,object,SN-C1,stacked,expmap,,2019-09-26,[None]
2020-11-19T05:55:30.655934+0000,7ddd8058b88e0ddb20f375aae99f6da2,1149120,/data_local/images/DTS/2019B-0910/DECam_00917139.fits.fz,/net/archive/pipe/20191213/ct4m/2019B-0910/c4d_191214_014340_osd_r_v1.fits.fz,1.04,"{'gte': 54.27404166666666, 'lte': 54.27404166666666}","{'gte': -27.112305555555558, 'lte': -27.112305555555558}",54.27404166666666,-27.112305555555558,r DECam SDSS c0002 6415.0 1480.0,None,,140.0,0,2019-12-14,2019-12-14T01:43:40.302067+0000,[4674],Shen,2019B-0910,2021-06-05,decam,ct4m,ct,,object,SN-C1,stacked,dqmask,,2019-12-13,[None]
2020-11-19T04:36:24.354285+0000,48061ca8b64f93decfbfe6dff8bbfa93,337777920,/data_local/images/DTS/2019B-0910/DECam_00927211.fits.fz,/net/archive/pipe/20200127/ct4m/2019B-0910/c4d_200128_014908_osj_r_v1.fits.fz,1.1,"{'gte': 54.274375, 'lte': 54.274375}","{'gte': -29.089027777777776, 'lte': -29.089027777777776}",54.274375,-29.089027777777776,r DECam SDSS c0002 6415.0 1480.0,None,,140.0,0,2020-01-28,2020-01-28T01:49:08.169763+0000,[4674],Shen,2019B-0910,2021-07-20,decam,ct4m,ct,,object,SN-C2,stacked,image1,,2020-01-27,[None]
2020-11-19T02:52:02.904016+0000,a9ba4490aaeb578976b3ea5b70585676,237623040,/data_local/images/DTS/2019B-0910/DECam_00925104.fits.fz,/net/archive/pipe/20200105/ct4m/2019B-0910/c4d_200106_033017_osw_i_v1.fits.fz,1.14,"{'gte': 54.271874999999994, 'lte': 54.271874999999994}","{'gte': -27.11238888888889, 'lte': -27.11238888888889}",54.271874999999994,-27.11238888888889,i DECam SDSS c0003 7835.0 1470.0,None,,180.0,0,2020-01-06,2020-01-06T03:30:17.520953+0000,[4674],Shen,2019B-0910,2021-06-28,decam,ct4m,ct,,object,SN-C1,stacked,wtmap,,2020-01-05,[None]
2020-11-18T19:50:34.131766+0000,0863522d052f667017690334c5af6996,334529280,/data_local/images/DTS/2019B-0910/DECam_00912521.fits.fz,/net/archive/pipe/20191130/ct4m/2019B-0910/c4d_191201_011404_osj_g_v1.fits.fz,1.19,"{'gte': 54.272666666666666, 'lte': 54.272666666666666}","{'gte': -27.112972222222222, 'lte': -27.112972222222222}",54.272666666666666,-27.112972222222222,g DECam SDSS c0001 4720.0 1520.0,None,,160.0,0,2019-12-01,2019-12-01T01:14:04.699331+0000,[4674],Shen,2019B-0910,2021-05-23,decam,ct4m,ct,,object,SN-C1,stacked,image1,,2019-11-30,[None]
2020-11-19T05:55:29.873261+0000,485462dc8eb0f662b367f7995784ad6a,1131840,/data_local/images/DTS/2019B-0910/DECam_00917144.fits.fz,/net/archive/pipe/20191213/ct4m/2019B-0910/c4d_191214_015224_osd_g_v1.fits.fz,1.03,"{'gte': 54.27566666666666, 'lte': 54.27566666666666}","{'gte': -29.08888888888889, 'lte': -29.08888888888889}",54.27566666666666,-29.08888888888889,g DECam SDSS c0001 4720.0 1520.0,None,,160.0,0,2019-12-14,2019-12-14T01:52:24.373074+0000,[4674],Shen,2019B-0910,2021-06-05,decam,ct4m,ct,,object,SN-C2,stacked,dqmask,,2019-12-13,[None]
2020-11-19T06:09:47.223043+0000,a98cfdf7b3f8a24ed60ebb59205661c1,990720,/data_local/images/DTS/2019B-0910/DECam_00925100.fits.fz,/net/archive/pipe/20200105/ct4m/2019B-0910/c4d_200106_032319_osd_g_v1.fits.fz,1.12,"{'gte': 54.27349999999999, 'lte': 54.27349999999999}","{'gte': -27.112305555555558, 'lte': -27.112305555555558}",54.27349999999999,-27.112305555555558,g DECam SDSS c0001 4720.0 1520.0,None,,160.0,0,2020-01-06,2020-01-06T03:23:19.126506+0000,[4674],Shen,2019B-0910,2021-06-28,decam,ct4m,ct,,object,SN-C1,stacked,dqmask,,2020-01-05,[None]
2020-11-18T20:58:11.769771+0000,9b34379ba4a256b2cdb89a1a99d391be,4259520,/data_local/images/DTS/2019B-0910/DECam_00889314.fits.fz,/net/archive/pipe/20190821/ct4m/2019B-0910/c4d_190822_081536_ose_r_v1.fits.fz,1.13,"{'gte': 54.27262499999999, 'lte': 54.27262499999999}","{'gte': -27.1125, 'lte': -27.1125}",54.27262499999999,-27.1125,r DECam SDSS c0002 6415.0 1480.0,None,,140.0,0,2019-08-22,2019-08-22T08:15:36.995012+0000,[4674],Shen,2019B-0910,2021-02-11,decam,ct4m,ct,,object,SN-C1,stacked,expmap,,2019-08-21,[None]
2020-11-19T02:49:07.696625+0000,951fab2695e2e9b4f2243c523f5074c3,237905280,/data_local/images/DTS/2019B-0910/DECam_00917144.fits.fz,/net/archive/pipe/20191213/ct4m/2019B-0910/c4d_191214_015224_osw_g_v1.fits.fz,1.03,"{'gte': 54.27566666666666, 'lte': 54.27566666666666}","{'gte': -29.08888888888889, 'lte': -29.08888888888889}",54.27566666666666,-29.08888888888889,g DECam SDSS c0001 4720.0 1520.0,None,,160.0,0,2019-12-14,2019-12-14T01:52:24.373074+0000,[4674],Shen,2019B-0910,2021-06-05,decam,ct4m,ct,,object,SN-C2,stacked,wtmap,,2019-12-13,[None]
2020-11-19T03:50:36.579401+0000,99a0b1d7804613e345c9598f3abf2b69,238703040,/data_local/images/DTS/2019B-0910/DECam_00892226.fits.fz,/net/archive/pipe/20190830/ct4m/2019B-0910/c4d_190831_080655_osw_i_v1.fits.fz,1.08,"{'gte': 54.28183333333333, 'lte': 54.28183333333333}","{'gte': -27.10891666666667, 'lte': -27.10891666666667}",54.28183333333333,-27.10891666666667,i DECam SDSS c0003 7835.0 1470.0,None,,180.0,0,2019-08-31,2019-08-31T08:06:55.609162+0000,[4674],Shen,2019B-0910,2021-02-20,decam,ct4m,ct,,object,SN-C1,stacked,wtmap,,2019-08-30,[None]
2020-11-18T18:29:56.048569+0000,997ad33807a989fd83c2554fdf02c2eb,244831680,/data_local/images/DTS/2019B-0910/DECam_00900790.fits.fz,/net/archive/pipe/20191004/ct4m/2019B-0910/c4d_191005_053715_osw_r_v1.fits.fz,1.08,"{'gte': 52.64691666666666, 'lte': 52.64691666666666}","{'gte': -28.102111111111114, 'lte': -28.102111111111114}",52.64691666666666,-28.102111111111114,r DECam SDSS c0002 6415.0 1480.0,None,,280.0,0,2019-10-05,2019-10-05T05:37:15.477196+0000,[4674],Shen,2019B-0910,2021-03-27,decam,ct4m,ct,,object,SN-C3,stacked,wtmap,,2019-10-04,[None]
2020-11-19T05:55:30.071897+0000,69111eacde685722801b0596f7343a5a,238556160,/data_local/images/DTS/2019B-0910/DECam_00917137.fits.fz,/net/archive/pipe/20191213/ct4m/2019B-0910/c4d_191214_014002_osw_g_v1.fits.fz,1.04,"{'gte': 54.27508333333333, 'lte': 54.27508333333333}","{'gte': -27.112194444444444, 'lte': -27.112194444444444}",54.27508333333333,-27.112194444444444,g DECam SDSS c0001 4720.0 1520.0,None,,160.0,0,2019-12-14,2019-12-14T01:40:02.206190+0000,[4674],Shen,2019B-0910,2021-06-05,decam,ct4m,ct,,object,SN-C1,stacked,wtmap,,2019-12-13,[None]
2020-11-19T05:49:05.053799+0000,94331034ce29b5c3ff2829b63368908b,239601600,/data_local/images/DTS/2019B-0910/DECam_00915311.fits.fz,/net/archive/pipe/20191207/ct4m/2019B-0910/c4d_191208_012752_osw_g_v1.fits.fz,1.09,"{'gte': 54.27237499999999, 'lte': 54.27237499999999}","{'gte': -27.113194444444446, 'lte': -27.113194444444446}",54.27237499999999,-27.113194444444446,g DECam SDSS c0001 4720.0 1520.0,None,,160.0,0,2019-12-08,2019-12-08T01:27:52.164712+0000,[4674],Shen,2019B-0910,2021-05-30,decam,ct4m,ct,,object,SN-C1,stacked,wtmap,,2019-12-07,[None]
2020-11-19T03:01:03.363658+0000,accc5d349fa2f30bd68ff99524a4f39a,1019520,/data_local/images/DTS/2019B-0910/DECam_00927195.fits.fz,/net/archive/pipe/20200127/ct4m/2019B-0910/c4d_200128_012044_osd_g_v1.fits.fz,1.07,"{'gte': 52.65116666666666, 'lte': 52.65116666666666}","{'gte': -28.09947222222222, 'lte': -28.09947222222222}",52.65116666666666,-28.09947222222222,g DECam SDSS c0001 4720.0 1520.0,None,,320.0,0,2020-01-28,2020-01-28T01:20:44.728126+0000,[4674],Shen,2019B-0910,2021-07-20,decam,ct4m,ct,,object,SN-C3,stacked,dqmask,,2020-01-27,[None]
2020-11-19T09:48:58.263757+0000,02e5486727222411f6bd12191754d1aa,1327680,/data_local/images/DTS/2019B-0910/DECam_00892231.fits.fz,/net/archive/pipe/20190830/ct4m/2019B-0910/c4d_190831_081603_osd_r_v1.fits.fz,1.06,"{'gte': 54.27445833333332, 'lte': 54.27445833333332}","{'gte': -29.08897222222222, 'lte': -29.08897222222222}",54.27445833333332,-29.08897222222222,r DECam SDSS c0002 6415.0 1480.0,None,,140.0,0,2019-08-31,2019-08-31T08:16:03.479548+0000,[4674],Shen,2019B-0910,2021-02-20,decam,ct4m,ct,,object,SN-C2,stacked,dqmask,,2019-08-30,[None]
2020-11-18T21:08:34.848361+0000,b1a034897e1a2f78e5af6ed049761e30,4815360,/data_local/images/DTS/2019B-0910/DECam_00912521.fits.fz,/net/archive/pipe/20191130/ct4m/2019B-0910/c4d_191201_011404_ose_g_v1.fits.fz,1.19,"{'gte': 54.272666666666666, 'lte': 54.272666666666666}","{'gte': -27.112972222222222, 'lte': -27.112972222222222}",54.272666666666666,-27.112972222222222,g DECam SDSS c0001 4720.0 1520.0,None,,160.0,0,2019-12-01,2019-12-01T01:14:04.699331+0000,[4674],Shen,2019B-0910,2021-05-23,decam,ct4m,ct,,object,SN-C1,stacked,expmap,,2019-11-30,[None]
2020-11-18T23:19:59.973817+0000,5d9f5eea0438f298310836ed002c11cc,1082880,/data_local/images/DTS/2019B-0910/DECam_00895700.fits.fz,/net/archive/pipe/20190915/ct4m/2019B-0910/c4d_190916_071403_osd_i_v1.fits.fz,1.06,"{'gte': 54.27224999999999, 'lte': 54.27224999999999}","{'gte': -27.112111111111112, 'lte': -27.112111111111112}",54.27224999999999,-27.112111111111112,i DECam SDSS c0003 7835.0 1470.0,None,,180.0,0,2019-09-16,2019-09-16T07:14:03.730959+0000,[4674],Shen,2019B-0910,2021-03-08,decam,ct4m,ct,,object,SN-C1,stacked,dqmask,,2019-09-15,[None]
2020-11-18T18:33:14.777965+0000,a0a33ec3ac5225dd579823f925594307,4772160,/data_local/images/DTS/2019B-0910/DECam_00902575.fits.fz,/net/archive/pipe/20191021/ct4m/2019B-0910/c4d_191022_075805_ose_r_v1.fits.fz,1.08,"{'gte': 54.276041666666664, 'lte': 54.276041666666664}","{'gte': -27.113500000000002, 'lte': -27.113500000000002}",54.276041666666664,-27.113500000000002,r DECam SDSS c0002 6415.0 1480.0,None,,140.0,0,2019-10-22,2019-10-22T07:58:05.709488+0000,[4674],Shen,2019B-0910,2021-04-13,decam,ct4m,ct,,object,SN-C1,stacked,expmap,,2019-10-21,[None]
2020-11-18T23:35:01.722437+0000,5db97f2644d8a515108206ca556d7563,338348160,/data_local/images/DTS/2019B-0910/DECam_00898469.fits.fz,/net/archive/pipe/20190926/ct4m/2019B-0910/c4d_190927_062911_osj_g_v1.fits.fz,1.06,"{'gte': 54.27375, 'lte': 54.27375}","{'gte': -27.114222222222224, 'lte': -27.114222222222224}",54.27375,-27.114222222222224,g DECam SDSS c0001 4720.0 1520.0,None,,20.0,0,2019-09-27,2019-09-27T06:29:11.699964+0000,[4674],Shen,2019B-0910,2021-03-19,decam,ct4m,ct,,object,SN-C1,stacked,image1,,2019-09-26,[None]
2020-11-18T21:01:26.728890+0000,0f5b5c0e8781c6eb5baba1bff367ad59,1105920,/data_local/images/DTS/2019B-0910/DECam_00902575.fits.fz,/net/archive/pipe/20191021/ct4m/2019B-0910/c4d_191022_075805_osd_r_v1.fits.fz,1.08,"{'gte': 54.276041666666664, 'lte': 54.276041666666664}","{'gte': -27.113500000000002, 'lte': -27.113500000000002}",54.276041666666664,-27.113500000000002,r DECam SDSS c0002 6415.0 1480.0,None,,140.0,0,2019-10-22,2019-10-22T07:58:05.709488+0000,[4674],Shen,2019B-0910,2021-04-13,decam,ct4m,ct,,object,SN-C1,stacked,dqmask,,2019-10-21,[None]
2020-11-18T23:29:02.718170+0000,9f99ace9403439d4c9e98aae84e56ff7,333023040,/data_local/images/DTS/2019B-0910/DECam_00895688.fits.fz,/net/archive/pipe/20190915/ct4m/2019B-0910/c4d_190916_065019_osj_i_v1.fits.fz,1.09,"{'gte': 52.64574999999999, 'lte': 52.64574999999999}","{'gte': -28.10377777777778, 'lte': -28.10377777777778}",52.64574999999999,-28.10377777777778,i DECam SDSS c0003 7835.0 1470.0,None,,180.0,0,2019-09-16,2019-09-16T06:50:19.787374+0000,[4674],Shen,2019B-0910,2021-03-08,decam,ct4m,ct,,object,SN-C3,stacked,image1,,2019-09-15,[None]
2020-11-19T06:11:47.006086+0000,7075d8daf2f4a424ac181b07d5d4dfeb,237818880,/data_local/images/DTS/2019B-0910/DECam_00923734.fits.fz,/net/archive/pipe/20191230/ct4m/2019B-0910/c4d_191231_030727_osw_g_v1.fits.fz,1.06,"{'gte': 52.65029166666666, 'lte': 52.65029166666666}","{'gte': -28.09911111111111, 'lte': -28.09911111111111}",52.65029166666666,-28.09911111111111,g DECam SDSS c0001 4720.0 1520.0,None,,160.0,0,2019-12-31,2019-12-31T03:07:27.824291+0000,[4674],Shen,2019B-0910,2021-06-22,decam,ct4m,ct,,object,SN-C3,stacked,wtmap,,2019-12-30,[None]
2020-11-19T03:41:27.538479+0000,147f671e0a0d4b8a6c56168566e35ef4,1656000,/data_local/images/DTS/2019B-0910/DECam_00908575.fits.fz,/net/archive/pipe/20191116/ct4m/2019B-0910/c4d_191117_024733_osd_i_v1.fits.fz,1.09,"{'gte': 54.27345833333332, 'lte': 54.27345833333332}","{'gte': -29.0885, 'lte': -29.0885}",54.27345833333332,-29.0885,i DECam SDSS c0003 7835.0 1470.0,None,,180.0,0,2019-11-17,2019-11-17T02:47:33.109440+0000,[4674],Shen,2019B-0910,2021-05-09,decam,ct4m,ct,,object,SN-C2,stacked,dqmask,,2019-11-16,[None]
2020-11-18T23:37:05.687198+0000,137d8a02842e3e72878fde6f771e38b8,333380160,/data_local/images/DTS/2019B-0910/DECam_00925480.fits.fz,/net/archive/pipe/20200120/ct4m/2019B-0910/c4d_200121_032854_osj_g_v1.fits.fz,1.32,"{'gte': 54.274874999999994, 'lte': 54.274874999999994}","{'gte': -27.11127777777778, 'lte': -27.11127777777778}",54.274874999999994,-27.11127777777778,g DECam SDSS c0001 4720.0 1520.0,None,,160.0,0,2020-01-21,2020-01-21T03:28:54.261029+0000,[4674],Shen,2019B-0910,2021-07-13,decam,ct4m,ct,,object,SN-C1,stacked,image1,,2020-01-20,[None]
2020-11-19T03:27:40.272123+0000,5e9c1ee2115ad1bb8df7cdf553110869,333607680,/data_local/images/DTS/2019B-0910/DECam_00908587.fits.fz,/net/archive/pipe/20191116/ct4m/2019B-0910/c4d_191117_031141_osj_i_v1.fits.fz,1.05,"{'gte': 52.649583333333325, 'lte': 52.649583333333325}","{'gte': -28.099916666666665, 'lte': -28.099916666666665}",52.649583333333325,-28.099916666666665,i DECam SDSS c0003 7835.0 1470.0,None,,180.0,0,2019-11-17,2019-11-17T03:11:41.463385+0000,[4674],Shen,2019B-0910,2021-05-09,decam,ct4m,ct,,object,SN-C3,stacked,image1,,2019-11-16,[None]
2020-11-19T05:49:06.514187+0000,43082eea5b886dd4574a6c31c09de764,4570560,/data_local/images/DTS/2019B-0910/DECam_00915313.fits.fz,/net/archive/pipe/20191207/ct4m/2019B-0910/c4d_191208_013131_ose_r_v1.fits.fz,1.09,"{'gte': 54.27083333333333, 'lte': 54.27083333333333}","{'gte': -27.11486111111111, 'lte': -27.11486111111111}",54.27083333333333,-27.11486111111111,r DECam SDSS c0002 6415.0 1480.0,None,,140.0,0,2019-12-08,2019-12-08T01:31:31.075659+0000,[4674],Shen,2019B-0910,2021-05-30,decam,ct4m,ct,,object,SN-C1,stacked,expmap,,2019-12-07,[None]
2020-11-18T19:44:39.483496+0000,76dfdd6f6666bcb9219dcfddcc516415,4538880,/data_local/images/DTS/2019B-0910/DECam_00892224.fits.fz,/net/archive/pipe/20190830/ct4m/2019B-0910/c4d_190831_080338_ose_r_v1.fits.fz,1.08,"{'gte': 54.281749999999995, 'lte': 54.281749999999995}","{'gte': -27.116305555555556, 'lte': -27.116305555555556}",54.281749999999995,-27.116305555555556,r DECam SDSS c0002 6415.0 1480.0,None,,140.0,0,2019-08-31,2019-08-31T08:03:38.356329+0000,[4674],Shen,2019B-0910,2021-02-20,decam,ct4m,ct,,object,SN-C1,stacked,expmap,,2019-08-30,[None]
2020-11-19T13:10:19.624189+0000,4181f63d65c2c900cc6a41639b1f8bd2,238536000,/data_local/images/DTS/2019B-0910/DECam_00889314.fits.fz,/net/archive/pipe/20190821/ct4m/2019B-0910/c4d_190822_081536_osw_r_v1.fits.fz,1.13,"{'gte': 54.27262499999999, 'lte': 54.27262499999999}","{'gte': -27.1125, 'lte': -27.1125}",54.27262499999999,-27.1125,r DECam SDSS c0002 6415.0 1480.0,None,,140.0,0,2019-08-22,2019-08-22T08:15:36.995012+0000,[4674],Shen,2019B-0910,2021-02-11,decam,ct4m,ct,,object,SN-C1,stacked,wtmap,,2019-08-21,[None]
2020-11-18T18:29:55.573432+0000,67029412de1b4fc47b489e3fad6b4b14,338757120,/data_local/images/DTS/2019B-0910/DECam_00900788.fits.fz,/net/archive/pipe/20191004/ct4m/2019B-0910/c4d_191005_053337_osj_g_v1.fits.fz,1.09,"{'gte': 52.648374999999994, 'lte': 52.648374999999994}","{'gte': -28.101583333333334, 'lte': -28.101583333333334}",52.648374999999994,-28.101583333333334,g DECam SDSS c0001 4720.0 1520.0,None,,320.0,0,2019-10-05,2019-10-05T05:33:37.550315+0000,[4674],Shen,2019B-0910,2021-03-27,decam,ct4m,ct,,object,SN-C3,stacked,image1,,2019-10-04,[None]
2020-11-19T02:48:16.936467+0000,b6cd748dd959ec590c902707b2e813b8,240120000,/data_local/images/DTS/2019B-0910/DECam_00912544.fits.fz,/net/archive/pipe/20191130/ct4m/2019B-0910/c4d_191201_020017_osw_g_v1.fits.fz,1.07,"{'gte': 52.649499999999996, 'lte': 52.649499999999996}","{'gte': -28.103083333333334, 'lte': -28.103083333333334}",52.649499999999996,-28.103083333333334,g DECam SDSS c0001 4720.0 1520.0,None,,20.0,0,2019-12-01,2019-12-01T02:00:17.452526+0000,[4674],Shen,2019B-0910,2021-05-23,decam,ct4m,ct,,object,SN-C3,stacked,wtmap,,2019-11-30,[None]
2020-11-19T05:55:28.821819+0000,9d555d00a51e39428439cc6ae97ba802,239713920,/data_local/images/DTS/2019B-0910/DECam_00917141.fits.fz,/net/archive/pipe/20191213/ct4m/2019B-0910/c4d_191214_014657_osw_i_v1.fits.fz,1.03,"{'gte': 54.27445833333332, 'lte': 54.27445833333332}","{'gte': -27.111555555555558, 'lte': -27.111555555555558}",54.27445833333332,-27.111555555555558,i DECam SDSS c0003 7835.0 1470.0,None,,180.0,0,2019-12-14,2019-12-14T01:46:57.541901+0000,[4674],Shen,2019B-0910,2021-06-05,decam,ct4m,ct,,object,SN-C1,stacked,wtmap,,2019-12-13,[None]
2020-11-18T23:55:21.765109+0000,9bc088bd7f79939be97ca1a5e3b21c67,238271040,/data_local/images/DTS/2019B-0910/DECam_00895698.fits.fz,/net/archive/pipe/20190915/ct4m/2019B-0910/c4d_190916_071045_osw_r_v1.fits.fz,1.07,"{'gte': 54.27299999999999, 'lte': 54.27299999999999}","{'gte': -27.111888888888892, 'lte': -27.111888888888892}",54.27299999999999,-27.111888888888892,r DECam SDSS c0002 6415.0 1480.0,None,,140.0,0,2019-09-16,2019-09-16T07:10:45.475346+0000,[4674],Shen,2019B-0910,2021-03-08,decam,ct4m,ct,,object,SN-C1,stacked,wtmap,,2019-09-15,[None]
2020-11-19T05:55:30.610887+0000,9b560cbb2934d651154dcf4fc820eeae,1226880,/data_local/images/DTS/2019B-0910/DECam_00917146.fits.fz,/net/archive/pipe/20191213/ct4m/2019B-0910/c4d_191214_015600_osd_r_v1.fits.fz,1.02,"{'gte': 54.275375, 'lte': 54.275375}","{'gte': -29.088277777777776, 'lte': -29.088277777777776}",54.275375,-29.088277777777776,r DECam SDSS c0002 6415.0 1480.0,None,,140.0,0,2019-12-14,2019-12-14T01:56:00.940679+0000,[4674],Shen,2019B-0910,2021-06-05,decam,ct4m,ct,,object,SN-C2,stacked,dqmask,,2019-12-13,[None]
2020-11-19T06:11:49.357730+0000,44859240ec2f337d1a4fd78ea035f1a8,4723200,/data_local/images/DTS/2019B-0910/DECam_00923752.fits.fz,/net/archive/pipe/20191230/ct4m/2019B-0910/c4d_191231_033909_ose_i_v1.fits.fz,1.1,"{'gte': 54.27391666666666, 'lte': 54.27391666666666}","{'gte': -29.088277777777776, 'lte': -29.088277777777776}",54.27391666666666,-29.088277777777776,i DECam SDSS c0003 7835.0 1470.0,None,,180.0,0,2019-12-31,2019-12-31T03:39:09.251008+0000,[4674],Shen,2019B-0910,2021-06-22,decam,ct4m,ct,,object,SN-C2,stacked,expmap,,2019-12-30,[None]
2020-11-19T02:48:37.913901+0000,9df06ee546efb1b75aee21195d6d8da2,4777920,/data_local/images/DTS/2019B-0910/DECam_00915318.fits.fz,/net/archive/pipe/20191207/ct4m/2019B-0910/c4d_191208_014016_ose_g_v1.fits.fz,1.07,"{'gte': 54.27354166666666, 'lte': 54.27354166666666}","{'gte': -29.088916666666666, 'lte': -29.088916666666666}",54.27354166666666,-29.088916666666666,g DECam SDSS c0001 4720.0 1520.0,None,,160.0,0,2019-12-08,2019-12-08T01:40:16.702432+0000,[4674],Shen,2019B-0910,2021-05-30,decam,ct4m,ct,,object,SN-C2,stacked,expmap,,2019-12-07,[None]
2020-11-18T20:39:06.285152+0000,68e63b1763147c814cd9bfa568bd342d,4371840,/data_local/images/DTS/2019B-0910/DECam_00892209.fits.fz,/net/archive/pipe/20190830/ct4m/2019B-0910/c4d_190831_072519_ose_r_v1.fits.fz,1.14,"{'gte': 52.65045833333333, 'lte': 52.65045833333333}","{'gte': -28.09933333333333, 'lte': -28.09933333333333}",52.65045833333333,-28.09933333333333,r DECam SDSS c0002 6415.0 1480.0,None,,140.0,0,2019-08-31,2019-08-31T07:25:19.964823+0000,[4674],Shen,2019B-0910,2021-02-20,decam,ct4m,ct,,object,SN-C3,stacked,expmap,,2019-08-30,[None]
2020-11-19T06:09:44.755939+0000,1b7c4a348a62126a25b126716fdc972b,1094400,/data_local/images/DTS/2019B-0910/DECam_00915327.fits.fz,/net/archive/pipe/20191207/ct4m/2019B-0910/c4d_191208_015625_osd_r_v1.fits.fz,1.04,"{'gte': 52.65020833333333, 'lte': 52.65020833333333}","{'gte': -28.100527777777778, 'lte': -28.100527777777778}",52.65020833333333,-28.100527777777778,r DECam SDSS c0002 6415.0 1480.0,None,,140.0,0,2019-12-08,2019-12-08T01:56:25.857476+0000,[4674],Shen,2019B-0910,2021-05-30,decam,ct4m,ct,,object,SN-C3,stacked,dqmask,,2019-12-07,[None]
2020-11-19T03:19:47.526429+0000,b7f7f9d4d7d600a5290ebf6de33ce76c,4121280,/data_local/images/DTS/2019B-0910/DECam_00908582.fits.fz,/net/archive/pipe/20191116/ct4m/2019B-0910/c4d_191117_030315_ose_g_v1.fits.fz,1.06,"{'gte': 52.649583333333325, 'lte': 52.649583333333325}","{'gte': -28.100194444444448, 'lte': -28.100194444444448}",52.649583333333325,-28.100194444444448,g DECam SDSS c0001 4720.0 1520.0,None,,20.0,0,2019-11-17,2019-11-17T03:03:15.818403+0000,[4674],Shen,2019B-0910,2021-05-09,decam,ct4m,ct,,object,SN-C3,stacked,expmap,,2019-11-16,[None]
2020-11-19T03:04:29.549269+0000,47fd9499c8d2624c2c5844fb615bc655,4803840,/data_local/images/DTS/2019B-0910/DECam_00927206.fits.fz,/net/archive/pipe/20200127/ct4m/2019B-0910/c4d_200128_014005_ose_i_v1.fits.fz,1.09,"{'gte': 54.27287499999999, 'lte': 54.27287499999999}","{'gte': -27.112111111111112, 'lte': -27.112111111111112}",54.27287499999999,-27.112111111111112,i DECam SDSS c0003 7835.0 1470.0,None,,180.0,0,2020-01-28,2020-01-28T01:40:05.183479+0000,[4674],Shen,2019B-0910,2021-07-20,decam,ct4m,ct,,object,SN-C1,stacked,expmap,,2020-01-27,[None]
2020-11-19T00:06:25.352954+0000,1a88bf6266650f7c96720ff9ad5bb5d0,339701760,/data_local/images/DTS/2019B-0910/DECam_00900799.fits.fz,/net/archive/pipe/20191004/ct4m/2019B-0910/c4d_191005_055541_osj_g_v1.fits.fz,1.07,"{'gte': 54.27295833333333, 'lte': 54.27295833333333}","{'gte': -27.114250000000002, 'lte': -27.114250000000002}",54.27295833333333,-27.114250000000002,g DECam SDSS c0001 4720.0 1520.0,None,,20.0,0,2019-10-05,2019-10-05T05:55:41.999512+0000,[4674],Shen,2019B-0910,2021-03-27,decam,ct4m,ct,,object,SN-C1,stacked,image1,,2019-10-04,[None]
2020-11-19T11:59:05.683192+0000,65691c4f9ed0e385aaf3f47a511e3075,1575360,/data_local/images/DTS/2019B-0910/DECam_00940736.fits.fz,/net/archive/pipe/20200303/ct4m/2019B-0910/c4d_200304_003235_osd_g_v1.fits.fz,1.29,"{'gte': 54.274916666666655, 'lte': 54.274916666666655}","{'gte': -27.112250000000003, 'lte': -27.112250000000003}",54.274916666666655,-27.112250000000003,g DECam SDSS c0001 4720.0 1520.0,None,,160.0,0,2020-03-04,2020-03-04T00:32:35.131887+0000,[4674],Shen,2019B-0910,2021-08-25,decam,ct4m,ct,,object,SN-C1,stacked,dqmask,,2020-03-03,[None]
2020-11-18T18:52:42.854939+0000,5176fee5b5a479fbf6ac921fdd03bcc7,334100160,/data_local/images/DTS/2019B-0910/DECam_00906057.fits.fz,/net/archive/pipe/20191104/ct4m/2019B-0910/c4d_191105_025453_osj_i_v1.fits.fz,1.19,"{'gte': 54.273291666666665, 'lte': 54.273291666666665}","{'gte': -29.08936111111111, 'lte': -29.08936111111111}",54.273291666666665,-29.08936111111111,i DECam SDSS c0003 7835.0 1470.0,None,,180.0,0,2019-11-05,2019-11-05T02:54:53.098434+0000,[4674],Shen,2019B-0910,2021-04-27,decam,ct4m,ct,,object,SN-C2,stacked,image1,,2019-11-04,[None]
2020-11-18T23:35:04.131020+0000,4d409aefd00b4ce8f248609818fca7b5,339647040,/data_local/images/DTS/2019B-0910/DECam_00898460.fits.fz,/net/archive/pipe/20190926/ct4m/2019B-0910/c4d_190927_061045_osj_r_v1.fits.fz,1.08,"{'gte': 52.64645833333332, 'lte': 52.64645833333332}","{'gte': -28.102777777777778, 'lte': -28.102777777777778}",52.64645833333332,-28.102777777777778,r DECam SDSS c0002 6415.0 1480.0,None,,280.0,0,2019-09-27,2019-09-27T06:10:45.503730+0000,[4674],Shen,2019B-0910,2021-03-19,decam,ct4m,ct,,object,SN-C3,stacked,image1,,2019-09-26,[None]
2020-11-19T05:49:06.043257+0000,bb805e4eee0c52ab4d80f305fd206b41,4766400,/data_local/images/DTS/2019B-0910/DECam_00915322.fits.fz,/net/archive/pipe/20191207/ct4m/2019B-0910/c4d_191208_014712_ose_i_v1.fits.fz,1.06,"{'gte': 54.273624999999996, 'lte': 54.273624999999996}","{'gte': -29.089027777777776, 'lte': -29.089027777777776}",54.273624999999996,-29.089027777777776,i DECam SDSS c0003 7835.0 1470.0,None,,180.0,0,2019-12-08,2019-12-08T01:47:12.029580+0000,[4674],Shen,2019B-0910,2021-05-30,decam,ct4m,ct,,object,SN-C2,stacked,expmap,,2019-12-07,[None]
2020-11-19T13:21:59.210394+0000,7939387a6f4f638caa490d46d5d04fc0,343514880,/data_local/images/DTS/2019B-0910/DECam_00892222.fits.fz,/net/archive/pipe/20190830/ct4m/2019B-0910/c4d_190831_080000_osj_g_v1.fits.fz,1.09,"{'gte': 54.27779166666666, 'lte': 54.27779166666666}","{'gte': -27.114250000000002, 'lte': -27.114250000000002}",54.27779166666666,-27.114250000000002,g DECam SDSS c0001 4720.0 1520.0,None,,160.0,0,2019-08-31,2019-08-31T08:00:00.616424+0000,[4674],Shen,2019B-0910,2021-02-20,decam,ct4m,ct,,object,SN-C1,stacked,image1,,2019-08-30,[None]
2020-11-19T05:55:26.703968+0000,3f528ff1f8aa8f54656a1c92de103a5e,336965760,/data_local/images/DTS/2019B-0910/DECam_00917139.fits.fz,/net/archive/pipe/20191213/ct4m/2019B-0910/c4d_191214_014340_osj_r_v1.fits.fz,1.04,"{'gte': 54.27404166666666, 'lte': 54.27404166666666}","{'gte': -27.112305555555558, 'lte': -27.112305555555558}",54.27404166666666,-27.112305555555558,r DECam SDSS c0002 6415.0 1480.0,None,,140.0,0,2019-12-14,2019-12-14T01:43:40.302067+0000,[4674],Shen,2019B-0910,2021-06-05,decam,ct4m,ct,,object,SN-C1,stacked,image1,,2019-12-13,[None]
2020-11-18T18:33:12.131058+0000,8e7b1eef4f91a690915389117ac66895,332910720,/data_local/images/DTS/2019B-0910/DECam_00902563.fits.fz,/net/archive/pipe/20191021/ct4m/2019B-0910/c4d_191022_073349_osj_r_v1.fits.fz,1.05,"{'gte': 52.65183333333333, 'lte': 52.65183333333333}","{'gte': -28.103333333333335, 'lte': -28.103333333333335}",52.65183333333333,-28.103333333333335,r DECam SDSS c0002 6415.0 1480.0,None,,140.0,0,2019-10-22,2019-10-22T07:33:49.557797+0000,[4674],Shen,2019B-0910,2021-04-13,decam,ct4m,ct,,object,SN-C3,stacked,image1,,2019-10-21,[None]
2020-11-18T20:35:43.362661+0000,0bd4c0a7167d352f4c869cc468cb78e3,334071360,/data_local/images/DTS/2019B-0910/DECam_00915313.fits.fz,/net/archive/pipe/20191207/ct4m/2019B-0910/c4d_191208_013131_osj_r_v1.fits.fz,1.09,"{'gte': 54.27083333333333, 'lte': 54.27083333333333}","{'gte': -27.11486111111111, 'lte': -27.11486111111111}",54.27083333333333,-27.11486111111111,r DECam SDSS c0002 6415.0 1480.0,None,,140.0,0,2019-12-08,2019-12-08T01:31:31.075659+0000,[4674],Shen,2019B-0910,2021-05-30,decam,ct4m,ct,,object,SN-C1,stacked,image1,,2019-12-07,[None]
2020-11-18T23:26:13.568367+0000,49e51590058ef2bc7a22ef652e8bf123,4803840,/data_local/images/DTS/2019B-0910/DECam_00895696.fits.fz,/net/archive/pipe/20190915/ct4m/2019B-0910/c4d_190916_070708_ose_g_v1.fits.fz,1.07,"{'gte': 54.273333333333326, 'lte': 54.273333333333326}","{'gte': -27.111861111111114, 'lte': -27.111861111111114}",54.273333333333326,-27.111861111111114,g DECam SDSS c0001 4720.0 1520.0,None,,160.0,0,2019-09-16,2019-09-16T07:07:08.217203+0000,[4674],Shen,2019B-0910,2021-03-08,decam,ct4m,ct,,object,SN-C1,stacked,expmap,,2019-09-15,[None]
2020-11-19T02:44:36.883043+0000,49e7c2ce976d679088c8ba82a9b46e96,237597120,/data_local/images/DTS/2019B-0910/DECam_00921230.fits.fz,/net/archive/pipe/20191220/ct4m/2019B-0910/c4d_191221_035558_osw_g_v1.fits.fz,1.07,"{'gte': 54.273999999999994, 'lte': 54.273999999999994}","{'gte': -27.112361111111113, 'lte': -27.112361111111113}",54.273999999999994,-27.112361111111113,g DECam SDSS c0001 4720.0 1520.0,None,,160.0,0,2019-12-21,2019-12-21T03:55:58.419716+0000,[4674],Shen,2019B-0910,2021-06-12,decam,ct4m,ct,,object,SN-C1,stacked,wtmap,,2019-12-20,[None]
2020-11-18T22:00:45.705958+0000,0c1be5d36e7d350adbc17f56c036335d,243083520,/data_local/images/DTS/2019B-0910/DECam_00902577.fits.fz,/net/archive/pipe/20191021/ct4m/2019B-0910/c4d_191022_080123_osw_i_v1.fits.fz,1.08,"{'gte': 54.275749999999995, 'lte': 54.275749999999995}","{'gte': -27.112833333333334, 'lte': -27.112833333333334}",54.275749999999995,-27.112833333333334,i DECam SDSS c0003 7835.0 1470.0,None,,180.0,0,2019-10-22,2019-10-22T08:01:23.545321+0000,[4674],Shen,2019B-0910,2021-04-13,decam,ct4m,ct,,object,SN-C1,stacked,wtmap,,2019-10-21,[None]
2020-11-18T21:21:18.842258+0000,1912e2ee6e5646be1982d8698df152ec,333639360,/data_local/images/DTS/2019B-0910/DECam_00925093.fits.fz,/net/archive/pipe/20200105/ct4m/2019B-0910/c4d_200106_031036_osj_g_v1.fits.fz,1.11,"{'gte': 52.65070833333333, 'lte': 52.65070833333333}","{'gte': -28.100083333333334, 'lte': -28.100083333333334}",52.65070833333333,-28.100083333333334,g DECam SDSS c0001 4720.0 1520.0,None,,160.0,0,2020-01-06,2020-01-06T03:10:36.018290+0000,[4674],Shen,2019B-0910,2021-06-28,decam,ct4m,ct,,object,SN-C3,stacked,image1,,2020-01-05,[None]
2020-11-18T20:00:38.029394+0000,094fa5467bbca4d9a1a71cfb31301141,16424640,/data_local/images/DTS/2019B-0910/DECam_00900806.fits.fz,/net/archive/pipe/20191004/ct4m/2019B-0910/c4d_191005_060811_ose_g_v1.fits.fz,1.05,"{'gte': 54.27283333333333, 'lte': 54.27283333333333}","{'gte': -29.09111111111111, 'lte': -29.09111111111111}",54.27283333333333,-29.09111111111111,g DECam SDSS c0001 4720.0 1520.0,None,,20.0,0,2019-10-05,2019-10-05T06:08:11.712103+0000,[4674],Shen,2019B-0910,2021-03-27,decam,ct4m,ct,,object,SN-C2,stacked,expmap,,2019-10-04,[None]
2020-11-19T06:11:11.406638+0000,90c4ea0f54e49fbd709cc9afa9bcf580,4504320,/data_local/images/DTS/2019B-0910/DECam_00925482.fits.fz,/net/archive/pipe/20200120/ct4m/2019B-0910/c4d_200121_033230_ose_r_v1.fits.fz,1.34,"{'gte': 54.274874999999994, 'lte': 54.274874999999994}","{'gte': -27.110944444444446, 'lte': -27.110944444444446}",54.274874999999994,-27.110944444444446,r DECam SDSS c0002 6415.0 1480.0,None,,140.0,0,2020-01-21,2020-01-21T03:32:30.819568+0000,[4674],Shen,2019B-0910,2021-07-13,decam,ct4m,ct,,object,SN-C1,stacked,expmap,,2020-01-20,[None]
2020-11-19T09:21:26.116987+0000,410763f930f641453b2a19daeaaa9124,1313280,/data_local/images/DTS/2019B-0910/DECam_00892226.fits.fz,/net/archive/pipe/20190830/ct4m/2019B-0910/c4d_190831_080655_osd_i_v1.fits.fz,1.08,"{'gte': 54.28183333333333, 'lte': 54.28183333333333}","{'gte': -27.10891666666667, 'lte': -27.10891666666667}",54.28183333333333,-27.10891666666667,i DECam SDSS c0003 7835.0 1470.0,None,,180.0,0,2019-08-31,2019-08-31T08:06:55.609162+0000,[4674],Shen,2019B-0910,2021-02-20,decam,ct4m,ct,,object,SN-C1,stacked,dqmask,,2019-08-30,[None]
2020-11-18T20:23:18.064149+0000,822a1978a65e41a300ef36515a2f1043,4141440,/data_local/images/DTS/2019B-0910/DECam_00902561.fits.fz,/net/archive/pipe/20191021/ct4m/2019B-0910/c4d_191022_073014_ose_g_v1.fits.fz,1.05,"{'gte': 52.651916666666665, 'lte': 52.651916666666665}","{'gte': -28.10338888888889, 'lte': -28.10338888888889}",52.651916666666665,-28.10338888888889,g DECam SDSS c0001 4720.0 1520.0,None,,160.0,0,2019-10-22,2019-10-22T07:30:14.105018+0000,[4674],Shen,2019B-0910,2021-04-13,decam,ct4m,ct,,object,SN-C3,stacked,expmap,,2019-10-21,[None]
2020-11-18T18:29:48.813873+0000,410dfd2d8971df907cc02b5750117627,240874560,/data_local/images/DTS/2019B-0910/DECam_00900809.fits.fz,/net/archive/pipe/20191004/ct4m/2019B-0910/c4d_191005_061319_osw_r_v1.fits.fz,1.04,"{'gte': 54.27354166666666, 'lte': 54.27354166666666}","{'gte': -29.08836111111111, 'lte': -29.08836111111111}",54.27354166666666,-29.08836111111111,r DECam SDSS c0002 6415.0 1480.0,None,,280.0,0,2019-10-05,2019-10-05T06:13:19.761593+0000,[4674],Shen,2019B-0910,2021-03-27,decam,ct4m,ct,,object,SN-C2,stacked,wtmap,,2019-10-04,[None]
2020-11-19T06:09:48.497283+0000,5106a59ee9c31042678b9a9b2dbcad2b,238046400,/data_local/images/DTS/2019B-0910/DECam_00925477.fits.fz,/net/archive/pipe/20200120/ct4m/2019B-0910/c4d_200121_032312_osw_i_v1.fits.fz,1.32,"{'gte': 52.649125, 'lte': 52.649125}","{'gte': -28.099777777777778, 'lte': -28.099777777777778}",52.649125,-28.099777777777778,i DECam SDSS c0003 7835.0 1470.0,None,,180.0,0,2020-01-21,2020-01-21T03:23:12.608622+0000,[4674],Shen,2019B-0910,2021-07-13,decam,ct4m,ct,,object,SN-C3,stacked,wtmap,,2020-01-20,[None]
2020-11-19T05:55:28.833145+0000,4aae3006c3e91fda1b1526044c7323f6,4847040,/data_local/images/DTS/2019B-0910/DECam_00917134.fits.fz,/net/archive/pipe/20191213/ct4m/2019B-0910/c4d_191214_013426_ose_i_v1.fits.fz,1.04,"{'gte': 52.64520833333333, 'lte': 52.64520833333333}","{'gte': -28.102611111111113, 'lte': -28.102611111111113}",52.64520833333333,-28.102611111111113,i DECam SDSS c0003 7835.0 1470.0,None,,180.0,0,2019-12-14,2019-12-14T01:34:26.532731+0000,[4674],Shen,2019B-0910,2021-06-05,decam,ct4m,ct,,object,SN-C3,stacked,expmap,,2019-12-13,[None]
2020-11-18T20:54:21.886957+0000,16bb98e3ed07dc24954233ffb8c08027,1016640,/data_local/images/DTS/2019B-0910/DECam_00902582.fits.fz,/net/archive/pipe/20191021/ct4m/2019B-0910/c4d_191022_081032_osd_r_v1.fits.fz,1.09,"{'gte': 54.27358333333333, 'lte': 54.27358333333333}","{'gte': -29.088777777777775, 'lte': -29.088777777777775}",54.27358333333333,-29.088777777777775,r DECam SDSS c0002 6415.0 1480.0,None,,140.0,0,2019-10-22,2019-10-22T08:10:32.860639+0000,[4674],Shen,2019B-0910,2021-04-13,decam,ct4m,ct,,object,SN-C2,stacked,dqmask,,2019-10-21,[None]
2020-11-19T02:53:29.039010+0000,9004c143f1b2345d9c7b0efb3b5c2157,5008320,/data_local/images/DTS/2019B-0910/DECam_00925097.fits.fz,/net/archive/pipe/20200105/ct4m/2019B-0910/c4d_200106_031734_ose_i_v1.fits.fz,1.12,"{'gte': 52.65154166666666, 'lte': 52.65154166666666}","{'gte': -28.100305555555558, 'lte': -28.100305555555558}",52.65154166666666,-28.100305555555558,i DECam SDSS c0003 7835.0 1470.0,None,,180.0,0,2020-01-06,2020-01-06T03:17:34.361646+0000,[4674],Shen,2019B-0910,2021-06-28,decam,ct4m,ct,,object,SN-C3,stacked,expmap,,2020-01-05,[None]
2020-11-19T06:09:50.002730+0000,4a7c2edf9a35213c8ef3f4238c709156,1486080,/data_local/images/DTS/2019B-0910/DECam_00925475.fits.fz,/net/archive/pipe/20200120/ct4m/2019B-0910/c4d_200121_031954_osd_r_v1.fits.fz,1.31,"{'gte': 52.64954166666666, 'lte': 52.64954166666666}","{'gte': -28.099777777777778, 'lte': -28.099777777777778}",52.64954166666666,-28.099777777777778,r DECam SDSS c0002 6415.0 1480.0,None,,140.0,0,2020-01-21,2020-01-21T03:19:54.981776+0000,[4674],Shen,2019B-0910,2021-07-13,decam,ct4m,ct,,object,SN-C3,stacked,dqmask,,2020-01-20,[None]
2020-11-18T18:52:42.376517+0000,817960f889ef7bcc631a9422f9b30ab4,4887360,/data_local/images/DTS/2019B-0910/DECam_00906053.fits.fz,/net/archive/pipe/20191104/ct4m/2019B-0910/c4d_191105_024758_ose_g_v1.fits.fz,1.21,"{'gte': 54.27462499999999, 'lte': 54.27462499999999}","{'gte': -29.088444444444445, 'lte': -29.088444444444445}",54.27462499999999,-29.088444444444445,g DECam SDSS c0001 4720.0 1520.0,None,,160.0,0,2019-11-05,2019-11-05T02:47:58.783902+0000,[4674],Shen,2019B-0910,2021-04-27,decam,ct4m,ct,,object,SN-C2,stacked,expmap,,2019-11-04,[None]
2020-11-19T03:19:45.931605+0000,4518bda73ecd7f20f0a362fccc91d410,4795200,/data_local/images/DTS/2019B-0910/DECam_00908561.fits.fz,/net/archive/pipe/20191116/ct4m/2019B-0910/c4d_191117_022009_ose_r_v1.fits.fz,1.16,"{'gte': 54.273999999999994, 'lte': 54.273999999999994}","{'gte': -27.111805555555556, 'lte': -27.111805555555556}",54.273999999999994,-27.111805555555556,r DECam SDSS c0002 6415.0 1480.0,None,,140.0,0,2019-11-17,2019-11-17T02:20:09.121999+0000,[4674],Shen,2019B-0910,2021-05-09,decam,ct4m,ct,,object,SN-C1,stacked,expmap,,2019-11-16,[None]
2020-11-19T08:33:49.054835+0000,8e567f9b2b82ce814216142a9d16d945,4728960,/data_local/images/DTS/2019B-0910/DECam_00889319.fits.fz,/net/archive/pipe/20190821/ct4m/2019B-0910/c4d_190822_082424_ose_g_v1.fits.fz,1.1,"{'gte': 54.27320833333333, 'lte': 54.27320833333333}","{'gte': -29.08813888888889, 'lte': -29.08813888888889}",54.27320833333333,-29.08813888888889,g DECam SDSS c0001 4720.0 1520.0,None,,160.0,0,2019-08-22,2019-08-22T08:24:24.793553+0000,[4674],Shen,2019B-0910,2021-02-11,decam,ct4m,ct,,object,SN-C2,stacked,expmap,,2019-08-21,[None]
2020-11-19T06:09:53.124531+0000,92e77d7209d187dbd8342b53fb32bf71,333668160,/data_local/images/DTS/2019B-0910/DECam_00925475.fits.fz,/net/archive/pipe/20200120/ct4m/2019B-0910/c4d_200121_031954_osj_r_v1.fits.fz,1.31,"{'gte': 52.64954166666666, 'lte': 52.64954166666666}","{'gte': -28.099777777777778, 'lte': -28.099777777777778}",52.64954166666666,-28.099777777777778,r DECam SDSS c0002 6415.0 1480.0,None,,140.0,0,2020-01-21,2020-01-21T03:19:54.981776+0000,[4674],Shen,2019B-0910,2021-07-13,decam,ct4m,ct,,object,SN-C3,stacked,image1,,2020-01-20,[None]
2020-11-18T23:35:05.431994+0000,4493ad9cea5c8cc592d44da38415a11e,240560640,/data_local/images/DTS/2019B-0910/DECam_00898470.fits.fz,/net/archive/pipe/20190926/ct4m/2019B-0910/c4d_190927_063050_osw_g_v1.fits.fz,1.06,"{'gte': 54.273291666666665, 'lte': 54.273291666666665}","{'gte': -27.111361111111112, 'lte': -27.111361111111112}",54.273291666666665,-27.111361111111112,g DECam SDSS c0001 4720.0 1520.0,None,,320.0,0,2019-09-27,2019-09-27T06:30:50.962732+0000,[4674],Shen,2019B-0910,2021-03-19,decam,ct4m,ct,,object,SN-C1,stacked,wtmap,,2019-09-26,[None]
2020-11-19T06:04:21.480685+0000,92ff63b127d8b3129ed33b6e1a501e19,4749120,/data_local/images/DTS/2019B-0910/DECam_00895700.fits.fz,/net/archive/pipe/20190915/ct4m/2019B-0910/c4d_190916_071403_ose_i_v1.fits.fz,1.06,"{'gte': 54.27224999999999, 'lte': 54.27224999999999}","{'gte': -27.112111111111112, 'lte': -27.112111111111112}",54.27224999999999,-27.112111111111112,i DECam SDSS c0003 7835.0 1470.0,None,,180.0,0,2019-09-16,2019-09-16T07:14:03.730959+0000,[4674],Shen,2019B-0910,2021-03-08,decam,ct4m,ct,,object,SN-C1,stacked,expmap,,2019-09-15,[None]
2020-11-19T06:39:45.619158+0000,51e64053a61cd9d16138f59060c41e06,1356480,/data_local/images/DTS/2019B-0910/DECam_00925480.fits.fz,/net/archive/pipe/20200120/ct4m/2019B-0910/c4d_200121_032854_osd_g_v1.fits.fz,1.32,"{'gte': 54.274874999999994, 'lte': 54.274874999999994}","{'gte': -27.11127777777778, 'lte': -27.11127777777778}",54.274874999999994,-27.11127777777778,g DECam SDSS c0001 4720.0 1520.0,None,,160.0,0,2020-01-21,2020-01-21T03:28:54.261029+0000,[4674],Shen,2019B-0910,2021-07-13,decam,ct4m,ct,,object,SN-C1,stacked,dqmask,,2020-01-20,[None]
2020-11-18T18:29:45.608757+0000,4e90ad628b4ba19de965cc91593977c4,245946240,/data_local/images/DTS/2019B-0910/DECam_00900799.fits.fz,/net/archive/pipe/20191004/ct4m/2019B-0910/c4d_191005_055541_osw_g_v1.fits.fz,1.07,"{'gte': 54.27295833333333, 'lte': 54.27295833333333}","{'gte': -27.114250000000002, 'lte': -27.114250000000002}",54.27295833333333,-27.114250000000002,g DECam SDSS c0001 4720.0 1520.0,None,,20.0,0,2019-10-05,2019-10-05T05:55:41.999512+0000,[4674],Shen,2019B-0910,2021-03-27,decam,ct4m,ct,,object,SN-C1,stacked,wtmap,,2019-10-04,[None]
2020-11-19T06:12:01.666372+0000,9294bce1b8d25e83b5d22bb374d04432,338607360,/data_local/images/DTS/2019B-0910/DECam_00923750.fits.fz,/net/archive/pipe/20191230/ct4m/2019B-0910/c4d_191231_033551_osj_r_v1.fits.fz,1.1,"{'gte': 54.273624999999996, 'lte': 54.273624999999996}","{'gte': -29.08825, 'lte': -29.08825}",54.273624999999996,-29.08825,r DECam SDSS c0002 6415.0 1480.0,None,,140.0,0,2019-12-31,2019-12-31T03:35:51.643236+0000,[4674],Shen,2019B-0910,2021-06-22,decam,ct4m,ct,,object,SN-C2,stacked,image1,,2019-12-30,[None]
2020-11-19T06:07:24.060048+0000,80cbd929e9b069f345332b225493bc94,338158080,/data_local/images/DTS/2019B-0910/DECam_00921230.fits.fz,/net/archive/pipe/20191220/ct4m/2019B-0910/c4d_191221_035558_osj_g_v1.fits.fz,1.07,"{'gte': 54.273999999999994, 'lte': 54.273999999999994}","{'gte': -27.112361111111113, 'lte': -27.112361111111113}",54.273999999999994,-27.112361111111113,g DECam SDSS c0001 4720.0 1520.0,None,,160.0,0,2019-12-21,2019-12-21T03:55:58.419716+0000,[4674],Shen,2019B-0910,2021-06-12,decam,ct4m,ct,,object,SN-C1,stacked,image1,,2019-12-20,[None]
2020-11-19T05:49:04.602941+0000,98ceb6e9f7f058fe04124558b34b71ef,333233280,/data_local/images/DTS/2019B-0910/DECam_00915327.fits.fz,/net/archive/pipe/20191207/ct4m/2019B-0910/c4d_191208_015625_osj_r_v1.fits.fz,1.04,"{'gte': 52.65020833333333, 'lte': 52.65020833333333}","{'gte': -28.100527777777778, 'lte': -28.100527777777778}",52.65020833333333,-28.100527777777778,r DECam SDSS c0002 6415.0 1480.0,None,,140.0,0,2019-12-08,2019-12-08T01:56:25.857476+0000,[4674],Shen,2019B-0910,2021-05-30,decam,ct4m,ct,,object,SN-C3,stacked,image1,,2019-12-07,[None]
2020-11-19T03:19:45.482748+0000,90397b2fd2b0397415e05857a2040260,333627840,/data_local/images/DTS/2019B-0910/DECam_00908575.fits.fz,/net/archive/pipe/20191116/ct4m/2019B-0910/c4d_191117_024733_osj_i_v1.fits.fz,1.09,"{'gte': 54.27345833333332, 'lte': 54.27345833333332}","{'gte': -29.0885, 'lte': -29.0885}",54.27345833333332,-29.0885,i DECam SDSS c0003 7835.0 1470.0,None,,180.0,0,2019-11-17,2019-11-17T02:47:33.109440+0000,[4674],Shen,2019B-0910,2021-05-09,decam,ct4m,ct,,object,SN-C2,stacked,image1,,2019-11-16,[None]
2020-11-19T11:30:58.894301+0000,056120961f394318d19f7c6a647e8ab2,238910400,/data_local/images/DTS/2019B-0910/DECam_00912535.fits.fz,/net/archive/pipe/20191130/ct4m/2019B-0910/c4d_191201_014153_osw_r_v1.fits.fz,1.12,"{'gte': 54.27375, 'lte': 54.27375}","{'gte': -29.08797222222222, 'lte': -29.08797222222222}",54.27375,-29.08797222222222,r DECam SDSS c0002 6415.0 1480.0,None,,140.0,0,2019-12-01,2019-12-01T01:41:53.061388+0000,[4674],Shen,2019B-0910,2021-05-23,decam,ct4m,ct,,object,SN-C2,stacked,wtmap,,2019-11-30,[None]
2020-11-18T19:37:23.253526+0000,06d86cde435181b4b109da5a5f7c2a7f,332832960,/data_local/images/DTS/2019B-0910/DECam_00925104.fits.fz,/net/archive/pipe/20200105/ct4m/2019B-0910/c4d_200106_033017_osj_i_v1.fits.fz,1.14,"{'gte': 54.271874999999994, 'lte': 54.271874999999994}","{'gte': -27.11238888888889, 'lte': -27.11238888888889}",54.271874999999994,-27.11238888888889,i DECam SDSS c0003 7835.0 1470.0,None,,180.0,0,2020-01-06,2020-01-06T03:30:17.520953+0000,[4674],Shen,2019B-0910,2021-06-28,decam,ct4m,ct,,object,SN-C1,stacked,image1,,2020-01-05,[None]
2020-11-19T10:25:56.720972+0000,23e5f959984fb4edcf0399b422574c07,345090240,/data_local/images/DTS/2019B-0910/DECam_00898470.fits.fz,/net/archive/pipe/20190926/ct4m/2019B-0910/c4d_190927_063050_osj_g_v1.fits.fz,1.06,"{'gte': 54.273291666666665, 'lte': 54.273291666666665}","{'gte': -27.111361111111112, 'lte': -27.111361111111112}",54.273291666666665,-27.111361111111112,g DECam SDSS c0001 4720.0 1520.0,None,,320.0,0,2019-09-27,2019-09-27T06:30:50.962732+0000,[4674],Shen,2019B-0910,2021-03-19,decam,ct4m,ct,,object,SN-C1,stacked,image1,,2019-09-26,[None]
2020-11-19T07:31:08.545446+0000,8691bc9dd03e158bcb07855754a15f6a,238887360,/data_local/images/DTS/2019B-0910/DECam_00889316.fits.fz,/net/archive/pipe/20190821/ct4m/2019B-0910/c4d_190822_081855_osw_i_v1.fits.fz,1.12,"{'gte': 54.27279166666666, 'lte': 54.27279166666666}","{'gte': -27.11252777777778, 'lte': -27.11252777777778}",54.27279166666666,-27.11252777777778,i DECam SDSS c0003 7835.0 1470.0,None,,180.0,0,2019-08-22,2019-08-22T08:18:55.158052+0000,[4674],Shen,2019B-0910,2021-02-11,decam,ct4m,ct,,object,SN-C1,stacked,wtmap,,2019-08-21,[None]
2020-11-18T18:33:08.928811+0000,a90184d8996c6472277dc6880cf03d2b,19517760,/data_local/images/DTS/2019B-0910/DECam_00902584.fits.fz,/net/archive/pipe/20191021/ct4m/2019B-0910/c4d_191022_081349_ose_i_v1.fits.fz,1.1,"{'gte': 54.27287499999999, 'lte': 54.27287499999999}","{'gte': -29.088666666666665, 'lte': -29.088666666666665}",54.27287499999999,-29.088666666666665,i DECam SDSS c0003 7835.0 1470.0,None,,180.0,0,2019-10-22,2019-10-22T08:13:49.595391+0000,[4674],Shen,2019B-0910,2021-04-13,decam,ct4m,ct,,object,SN-C2,stacked,expmap,,2019-10-21,[None]
2020-11-18T22:41:32.555337+0000,879a1fab7e049fc03a3a584a750ffadd,4533120,/data_local/images/DTS/2019B-0910/DECam_00892231.fits.fz,/net/archive/pipe/20190830/ct4m/2019B-0910/c4d_190831_081603_ose_r_v1.fits.fz,1.06,"{'gte': 54.27445833333332, 'lte': 54.27445833333332}","{'gte': -29.08897222222222, 'lte': -29.08897222222222}",54.27445833333332,-29.08897222222222,r DECam SDSS c0002 6415.0 1480.0,None,,140.0,0,2019-08-31,2019-08-31T08:16:03.479548+0000,[4674],Shen,2019B-0910,2021-02-20,decam,ct4m,ct,,object,SN-C2,stacked,expmap,,2019-08-30,[None]
2020-11-19T07:25:21.690114+0000,8b83d103b9d1c6df0e5047bc7f2db9d4,4645440,/data_local/images/DTS/2019B-0910/DECam_00915325.fits.fz,/net/archive/pipe/20191207/ct4m/2019B-0910/c4d_191208_015247_ose_g_v1.fits.fz,1.04,"{'gte': 52.64962499999999, 'lte': 52.64962499999999}","{'gte': -28.100305555555558, 'lte': -28.100305555555558}",52.64962499999999,-28.100305555555558,g DECam SDSS c0001 4720.0 1520.0,None,,160.0,0,2019-12-08,2019-12-08T01:52:47.221162+0000,[4674],Shen,2019B-0910,2021-05-30,decam,ct4m,ct,,object,SN-C3,stacked,expmap,,2019-12-07,[None]
2020-11-19T12:17:45.875985+0000,a7d1956593e725e23a1f17c038aa8975,238685760,/data_local/images/DTS/2019B-0910/DECam_00940740.fits.fz,/net/archive/pipe/20200303/ct4m/2019B-0910/c4d_200304_003943_osw_i_v1.fits.fz,1.32,"{'gte': 54.27479166666666, 'lte': 54.27479166666666}","{'gte': -27.111888888888892, 'lte': -27.111888888888892}",54.27479166666666,-27.111888888888892,i DECam SDSS c0003 7835.0 1470.0,None,,180.0,0,2020-03-04,2020-03-04T00:39:43.224176+0000,[4674],Shen,2019B-0910,2021-08-25,decam,ct4m,ct,,object,SN-C1,stacked,wtmap,,2020-03-03,[None]
2020-11-19T03:04:29.593782+0000,a70fac29ce76b0082a7dffe5298ca5ac,337645440,/data_local/images/DTS/2019B-0910/DECam_00927206.fits.fz,/net/archive/pipe/20200127/ct4m/2019B-0910/c4d_200128_014005_osj_i_v1.fits.fz,1.09,"{'gte': 54.27287499999999, 'lte': 54.27287499999999}","{'gte': -27.112111111111112, 'lte': -27.112111111111112}",54.27287499999999,-27.112111111111112,i DECam SDSS c0003 7835.0 1470.0,None,,180.0,0,2020-01-28,2020-01-28T01:40:05.183479+0000,[4674],Shen,2019B-0910,2021-07-20,decam,ct4m,ct,,object,SN-C1,stacked,image1,,2020-01-27,[None]
2020-11-19T10:07:50.690584+0000,8ac2e5303f65582b9761fa0b90eb2903,237879360,/data_local/images/DTS/2019B-0910/DECam_00895696.fits.fz,/net/archive/pipe/20190915/ct4m/2019B-0910/c4d_190916_070708_osw_g_v1.fits.fz,1.07,"{'gte': 54.273333333333326, 'lte': 54.273333333333326}","{'gte': -27.111861111111114, 'lte': -27.111861111111114}",54.273333333333326,-27.111861111111114,g DECam SDSS c0001 4720.0 1520.0,None,,160.0,0,2019-09-16,2019-09-16T07:07:08.217203+0000,[4674],Shen,2019B-0910,2021-03-08,decam,ct4m,ct,,object,SN-C1,stacked,wtmap,,2019-09-15,[None]
2020-11-19T02:52:04.152524+0000,8b18f3f30e5a001ad1c43a253f6c7ea1,332544960,/data_local/images/DTS/2019B-0910/DECam_00925472.fits.fz,/net/archive/pipe/20200120/ct4m/2019B-0910/c4d_200121_031440_osj_g_v1.fits.fz,1.29,"{'gte': 52.65149999999999, 'lte': 52.65149999999999}","{'gte': -28.102111111111114, 'lte': -28.102111111111114}",52.65149999999999,-28.102111111111114,g DECam SDSS c0001 4720.0 1520.0,None,,20.0,0,2020-01-21,2020-01-21T03:14:40.903715+0000,[4674],Shen,2019B-0910,2021-07-13,decam,ct4m,ct,,object,SN-C3,stacked,image1,,2020-01-20,[None]
2020-11-18T18:33:04.295893+0000,8a9dd5c833e4f1fffc4698f3231e75e5,332945280,/data_local/images/DTS/2019B-0910/DECam_00902584.fits.fz,/net/archive/pipe/20191021/ct4m/2019B-0910/c4d_191022_081349_osj_i_v1.fits.fz,1.1,"{'gte': 54.27287499999999, 'lte': 54.27287499999999}","{'gte': -29.088666666666665, 'lte': -29.088666666666665}",54.27287499999999,-29.088666666666665,i DECam SDSS c0003 7835.0 1470.0,None,,180.0,0,2019-10-22,2019-10-22T08:13:49.595391+0000,[4674],Shen,2019B-0910,2021-04-13,decam,ct4m,ct,,object,SN-C2,stacked,image1,,2019-10-21,[None]
2020-11-18T20:18:20.502011+0000,0ada35e4e5570d91807613c25a700e11,338777280,/data_local/images/DTS/2019B-0910/DECam_00915322.fits.fz,/net/archive/pipe/20191207/ct4m/2019B-0910/c4d_191208_014712_osj_i_v1.fits.fz,1.06,"{'gte': 54.273624999999996, 'lte': 54.273624999999996}","{'gte': -29.089027777777776, 'lte': -29.089027777777776}",54.273624999999996,-29.089027777777776,i DECam SDSS c0003 7835.0 1470.0,None,,180.0,0,2019-12-08,2019-12-08T01:47:12.029580+0000,[4674],Shen,2019B-0910,2021-05-30,decam,ct4m,ct,,object,SN-C2,stacked,image1,,2019-12-07,[None]
2020-11-19T06:10:35.919055+0000,288ee4d50a576b09aac238db64ccc2b4,15333120,/data_local/images/DTS/2019B-0910/DECam_00900787.fits.fz,/net/archive/pipe/20191004/ct4m/2019B-0910/c4d_191005_053200_ose_g_v1.fits.fz,1.09,"{'gte': 52.653, 'lte': 52.653}","{'gte': -28.101944444444445, 'lte': -28.101944444444445}",52.653,-28.101944444444445,g DECam SDSS c0001 4720.0 1520.0,None,,40.0,0,2019-10-05,2019-10-05T05:32:00.690685+0000,[4674],Shen,2019B-0910,2021-03-27,decam,ct4m,ct,,object,SN-C3,stacked,expmap,,2019-10-04,[None]
2020-11-18T22:31:22.076434+0000,91a8b1ed3289c930d796fac9f5c9a004,1175040,/data_local/images/DTS/2019B-0910/DECam_00889316.fits.fz,/net/archive/pipe/20190821/ct4m/2019B-0910/c4d_190822_081855_osd_i_v1.fits.fz,1.12,"{'gte': 54.27279166666666, 'lte': 54.27279166666666}","{'gte': -27.11252777777778, 'lte': -27.11252777777778}",54.27279166666666,-27.11252777777778,i DECam SDSS c0003 7835.0 1470.0,None,,180.0,0,2019-08-22,2019-08-22T08:18:55.158052+0000,[4674],Shen,2019B-0910,2021-02-11,decam,ct4m,ct,,object,SN-C1,stacked,dqmask,,2019-08-21,[None]
2020-11-19T07:38:26.541780+0000,ab0614bd2e60fbda8acb1e3c3a145af4,337884480,/data_local/images/DTS/2019B-0910/DECam_00889316.fits.fz,/net/archive/pipe/20190821/ct4m/2019B-0910/c4d_190822_081855_osj_i_v1.fits.fz,1.12,"{'gte': 54.27279166666666, 'lte': 54.27279166666666}","{'gte': -27.11252777777778, 'lte': -27.11252777777778}",54.27279166666666,-27.11252777777778,i DECam SDSS c0003 7835.0 1470.0,None,,180.0,0,2019-08-22,2019-08-22T08:18:55.158052+0000,[4674],Shen,2019B-0910,2021-02-11,decam,ct4m,ct,,object,SN-C1,stacked,image1,,2019-08-21,[None]
2020-11-18T19:58:44.448019+0000,08bf4c26e06ef4963e98422dbccade01,1284480,/data_local/images/DTS/2019B-0910/DECam_00917129.fits.fz,/net/archive/pipe/20191213/ct4m/2019B-0910/c4d_191214_012553_osd_g_v1.fits.fz,1.05,"{'gte': 52.88704166666666, 'lte': 52.88704166666666}","{'gte': -27.93386111111111, 'lte': -27.93386111111111}",52.88704166666666,-27.93386111111111,g DECam SDSS c0001 4720.0 1520.0,None,,30.0,0,2019-12-14,2019-12-14T01:25:53.713230+0000,[4674],Shen,2019B-0910,2021-06-05,decam,ct4m,ct,,object,SN-C3,stacked,dqmask,,2019-12-13,[None]
2020-11-19T08:32:25.546899+0000,827a2cebd7951ef3c406a74b58200c78,339995520,/data_local/images/DTS/2019B-0910/DECam_00898462.fits.fz,/net/archive/pipe/20190926/ct4m/2019B-0910/c4d_190927_061402_osj_i_v1.fits.fz,1.07,"{'gte': 52.64524999999999, 'lte': 52.64524999999999}","{'gte': -28.10366666666667, 'lte': -28.10366666666667}",52.64524999999999,-28.10366666666667,i DECam SDSS c0003 7835.0 1470.0,None,,360.0,0,2019-09-27,2019-09-27T06:14:02.917925+0000,[4674],Shen,2019B-0910,2021-03-19,decam,ct4m,ct,,object,SN-C3,stacked,image1,,2019-09-26,[None]
2020-11-18T18:33:06.549028+0000,8fe13d6dfd1a8c435d1ac405cc62130d,237081600,/data_local/images/DTS/2019B-0910/DECam_00902563.fits.fz,/net/archive/pipe/20191021/ct4m/2019B-0910/c4d_191022_073349_osw_r_v1.fits.fz,1.05,"{'gte': 52.65183333333333, 'lte': 52.65183333333333}","{'gte': -28.103333333333335, 'lte': -28.103333333333335}",52.65183333333333,-28.103333333333335,r DECam SDSS c0002 6415.0 1480.0,None,,140.0,0,2019-10-22,2019-10-22T07:33:49.557797+0000,[4674],Shen,2019B-0910,2021-04-13,decam,ct4m,ct,,object,SN-C3,stacked,wtmap,,2019-10-21,[None]
2020-11-19T11:33:19.024283+0000,9a05e639035399a8f17a06b932ac0ec5,1618560,/data_local/images/DTS/2019B-0910/DECam_00892211.fits.fz,/net/archive/pipe/20190830/ct4m/2019B-0910/c4d_190831_072837_osd_i_v1.fits.fz,1.14,"{'gte': 52.650749999999995, 'lte': 52.650749999999995}","{'gte': -28.09922222222222, 'lte': -28.09922222222222}",52.650749999999995,-28.09922222222222,i DECam SDSS c0003 7835.0 1470.0,None,,180.0,0,2019-08-31,2019-08-31T07:28:37.883508+0000,[4674],Shen,2019B-0910,2021-02-20,decam,ct4m,ct,,object,SN-C3,stacked,dqmask,,2019-08-30,[None]
2020-11-19T10:20:20.345198+0000,917414d4a8459fc3203c76cd0cdd06b3,4769280,/data_local/images/DTS/2019B-0910/DECam_00889323.fits.fz,/net/archive/pipe/20190821/ct4m/2019B-0910/c4d_190822_083120_ose_i_v1.fits.fz,1.09,"{'gte': 54.27254166666666, 'lte': 54.27254166666666}","{'gte': -29.08861111111111, 'lte': -29.08861111111111}",54.27254166666666,-29.08861111111111,i DECam SDSS c0003 7835.0 1470.0,None,,180.0,0,2019-08-22,2019-08-22T08:31:20.720592+0000,[4674],Shen,2019B-0910,2021-02-11,decam,ct4m,ct,,object,SN-C2,stacked,expmap,,2019-08-21,[None]
2020-11-18T18:50:58.566790+0000,b090e4c483b978ba8762abda07e168ed,238821120,/data_local/images/DTS/2019B-0910/DECam_00889312.fits.fz,/net/archive/pipe/20190821/ct4m/2019B-0910/c4d_190822_081159_osw_g_v1.fits.fz,1.13,"{'gte': 54.272749999999995, 'lte': 54.272749999999995}","{'gte': -27.112750000000002, 'lte': -27.112750000000002}",54.272749999999995,-27.112750000000002,g DECam SDSS c0001 4720.0 1520.0,None,,160.0,0,2019-08-22,2019-08-22T08:11:59.136221+0000,[4674],Shen,2019B-0910,2021-02-11,decam,ct4m,ct,,object,SN-C1,stacked,wtmap,,2019-08-21,[None]
2020-11-18T21:18:16.672908+0000,0f934937f5d7f3544d58fe45de0b172b,1368000,/data_local/images/DTS/2019B-0910/DECam_00906053.fits.fz,/net/archive/pipe/20191104/ct4m/2019B-0910/c4d_191105_024758_osd_g_v1.fits.fz,1.21,"{'gte': 54.27462499999999, 'lte': 54.27462499999999}","{'gte': -29.088444444444445, 'lte': -29.088444444444445}",54.27462499999999,-29.088444444444445,g DECam SDSS c0001 4720.0 1520.0,None,,160.0,0,2019-11-05,2019-11-05T02:47:58.783902+0000,[4674],Shen,2019B-0910,2021-04-27,decam,ct4m,ct,,object,SN-C2,stacked,dqmask,,2019-11-04,[None]
2020-11-18T18:29:57.838508+0000,80543e6af1f7b6e721bcb8cb8dd9a648,246421440,/data_local/images/DTS/2019B-0910/DECam_00900806.fits.fz,/net/archive/pipe/20191004/ct4m/2019B-0910/c4d_191005_060811_osw_g_v1.fits.fz,1.05,"{'gte': 54.27283333333333, 'lte': 54.27283333333333}","{'gte': -29.09111111111111, 'lte': -29.09111111111111}",54.27283333333333,-29.09111111111111,g DECam SDSS c0001 4720.0 1520.0,None,,20.0,0,2019-10-05,2019-10-05T06:08:11.712103+0000,[4674],Shen,2019B-0910,2021-03-27,decam,ct4m,ct,,object,SN-C2,stacked,wtmap,,2019-10-04,[None]
2020-11-19T08:25:28.333112+0000,105afde7ac282e44b65d3bcbfb811d11,1782720,/data_local/images/DTS/2019B-0910/DECam_00908559.fits.fz,/net/archive/pipe/20191116/ct4m/2019B-0910/c4d_191117_021631_osd_g_v1.fits.fz,1.17,"{'gte': 54.27375, 'lte': 54.27375}","{'gte': -27.11175, 'lte': -27.11175}",54.27375,-27.11175,g DECam SDSS c0001 4720.0 1520.0,None,,160.0,0,2019-11-17,2019-11-17T02:16:31.588656+0000,[4674],Shen,2019B-0910,2021-05-09,decam,ct4m,ct,,object,SN-C1,stacked,dqmask,,2019-11-16,[None]
2020-11-19T02:53:30.361793+0000,942a09c56048f365f95a079d9469620e,337642560,/data_local/images/DTS/2019B-0910/DECam_00925107.fits.fz,/net/archive/pipe/20200105/ct4m/2019B-0910/c4d_200106_033552_osj_g_v1.fits.fz,1.15,"{'gte': 54.27466666666666, 'lte': 54.27466666666666}","{'gte': -29.089694444444444, 'lte': -29.089694444444444}",54.27466666666666,-29.089694444444444,g DECam SDSS c0001 4720.0 1520.0,None,,160.0,0,2020-01-06,2020-01-06T03:35:52.555164+0000,[4674],Shen,2019B-0910,2021-06-28,decam,ct4m,ct,,object,SN-C2,stacked,image1,,2020-01-05,[None]
2020-11-18T18:33:09.023023+0000,a29de1fa5475b790483a09b3553639dc,238849920,/data_local/images/DTS/2019B-0910/DECam_00902584.fits.fz,/net/archive/pipe/20191021/ct4m/2019B-0910/c4d_191022_081349_osw_i_v1.fits.fz,1.1,"{'gte': 54.27287499999999, 'lte': 54.27287499999999}","{'gte': -29.088666666666665, 'lte': -29.088666666666665}",54.27287499999999,-29.088666666666665,i DECam SDSS c0003 7835.0 1470.0,None,,180.0,0,2019-10-22,2019-10-22T08:13:49.595391+0000,[4674],Shen,2019B-0910,2021-04-13,decam,ct4m,ct,,object,SN-C2,stacked,wtmap,,2019-10-21,[None]
2020-11-18T18:33:08.119796+0000,9489f56d7f40df4636948083f59db265,335718720,/data_local/images/DTS/2019B-0910/DECam_00902580.fits.fz,/net/archive/pipe/20191021/ct4m/2019B-0910/c4d_191022_080656_osj_g_v1.fits.fz,1.09,"{'gte': 54.273041666666664, 'lte': 54.273041666666664}","{'gte': -29.08911111111111, 'lte': -29.08911111111111}",54.273041666666664,-29.08911111111111,g DECam SDSS c0001 4720.0 1520.0,None,,160.0,0,2019-10-22,2019-10-22T08:06:56.083261+0000,[4674],Shen,2019B-0910,2021-04-13,decam,ct4m,ct,,object,SN-C2,stacked,image1,,2019-10-21,[None]
2020-11-19T12:23:17.583929+0000,aee5f5b5bfd698ad8a0b2957f4e8db3b,334408320,/data_local/images/DTS/2019B-0910/DECam_00940736.fits.fz,/net/archive/pipe/20200303/ct4m/2019B-0910/c4d_200304_003235_osj_g_v1.fits.fz,1.29,"{'gte': 54.274916666666655, 'lte': 54.274916666666655}","{'gte': -27.112250000000003, 'lte': -27.112250000000003}",54.274916666666655,-27.112250000000003,g DECam SDSS c0001 4720.0 1520.0,None,,160.0,0,2020-03-04,2020-03-04T00:32:35.131887+0000,[4674],Shen,2019B-0910,2021-08-25,decam,ct4m,ct,,object,SN-C1,stacked,image1,,2020-03-03,[None]
2020-11-19T03:19:45.865817+0000,9f7e675f1ebce78b603f9e10af5877b1,337472640,/data_local/images/DTS/2019B-0910/DECam_00908563.fits.fz,/net/archive/pipe/20191116/ct4m/2019B-0910/c4d_191117_022327_osj_i_v1.fits.fz,1.15,"{'gte': 54.274125, 'lte': 54.274125}","{'gte': -27.111888888888892, 'lte': -27.111888888888892}",54.274125,-27.111888888888892,i DECam SDSS c0003 7835.0 1470.0,None,,180.0,0,2019-11-17,2019-11-17T02:23:27.832023+0000,[4674],Shen,2019B-0910,2021-05-09,decam,ct4m,ct,,object,SN-C1,stacked,image1,,2019-11-16,[None]
2020-11-18T22:04:32.709593+0000,0fb0d150cbe583f4327cbf4b71277bfb,239558400,/data_local/images/DTS/2019B-0910/DECam_00892233.fits.fz,/net/archive/pipe/20190830/ct4m/2019B-0910/c4d_190831_081922_osw_i_v1.fits.fz,1.05,"{'gte': 54.274583333333325, 'lte': 54.274583333333325}","{'gte': -29.089222222222222, 'lte': -29.089222222222222}",54.274583333333325,-29.089222222222222,i DECam SDSS c0003 7835.0 1470.0,None,,180.0,0,2019-08-31,2019-08-31T08:19:22.256263+0000,[4674],Shen,2019B-0910,2021-02-20,decam,ct4m,ct,,object,SN-C2,stacked,wtmap,,2019-08-30,[None]
2020-11-18T23:26:12.976659+0000,a1a032f97c23bea7bccfee84b5275c76,915840,/data_local/images/DTS/2019B-0910/DECam_00895683.fits.fz,/net/archive/pipe/20190915/ct4m/2019B-0910/c4d_190916_064148_osd_g_v1.fits.fz,1.1,"{'gte': 52.65266666666666, 'lte': 52.65266666666666}","{'gte': -28.100527777777778, 'lte': -28.100527777777778}",52.65266666666666,-28.100527777777778,g DECam SDSS c0001 4720.0 1520.0,None,,20.0,0,2019-09-16,2019-09-16T06:41:48.200196+0000,[4674],Shen,2019B-0910,2021-03-08,decam,ct4m,ct,,object,SN-C3,stacked,dqmask,,2019-09-15,[None]
2020-11-19T02:48:38.133535+0000,ae9fa57375b2e7b40090fb943c9c01bb,239800320,/data_local/images/DTS/2019B-0910/DECam_00915318.fits.fz,/net/archive/pipe/20191207/ct4m/2019B-0910/c4d_191208_014016_osw_g_v1.fits.fz,1.07,"{'gte': 54.27354166666666, 'lte': 54.27354166666666}","{'gte': -29.088916666666666, 'lte': -29.088916666666666}",54.27354166666666,-29.088916666666666,g DECam SDSS c0001 4720.0 1520.0,None,,160.0,0,2019-12-08,2019-12-08T01:40:16.702432+0000,[4674],Shen,2019B-0910,2021-05-30,decam,ct4m,ct,,object,SN-C2,stacked,wtmap,,2019-12-07,[None]
2020-11-19T06:09:17.486311+0000,a21d1d4fd16878dbc1b557b5b7488c1b,4890240,/data_local/images/DTS/2019B-0910/DECam_00921242.fits.fz,/net/archive/pipe/20191220/ct4m/2019B-0910/c4d_191221_042022_ose_g_v1.fits.fz,1.11,"{'gte': 54.273999999999994, 'lte': 54.273999999999994}","{'gte': -29.08825, 'lte': -29.08825}",54.273999999999994,-29.08825,g DECam SDSS c0001 4720.0 1520.0,None,,160.0,0,2019-12-21,2019-12-21T04:20:22.998580+0000,[4674],Shen,2019B-0910,2021-06-12,decam,ct4m,ct,,object,SN-C2,stacked,expmap,,2019-12-20,[None]
2020-11-18T18:52:42.850060+0000,450d06c5860b1a2f2960de820129d99d,5086080,/data_local/images/DTS/2019B-0910/DECam_00906057.fits.fz,/net/archive/pipe/20191104/ct4m/2019B-0910/c4d_191105_025453_ose_i_v1.fits.fz,1.19,"{'gte': 54.273291666666665, 'lte': 54.273291666666665}","{'gte': -29.08936111111111, 'lte': -29.08936111111111}",54.273291666666665,-29.08936111111111,i DECam SDSS c0003 7835.0 1470.0,None,,180.0,0,2019-11-05,2019-11-05T02:54:53.098434+0000,[4674],Shen,2019B-0910,2021-04-27,decam,ct4m,ct,,object,SN-C2,stacked,expmap,,2019-11-04,[None]
2020-11-19T06:39:47.355505+0000,a5d3167cf0674897526de16a2757918e,1866240,/data_local/images/DTS/2019B-0910/DECam_00923748.fits.fz,/net/archive/pipe/20191230/ct4m/2019B-0910/c4d_191231_033213_osd_g_v1.fits.fz,1.09,"{'gte': 54.27299999999999, 'lte': 54.27299999999999}","{'gte': -29.0875, 'lte': -29.0875}",54.27299999999999,-29.0875,g DECam SDSS c0001 4720.0 1520.0,None,,160.0,0,2019-12-31,2019-12-31T03:32:13.662520+0000,[4674],Shen,2019B-0910,2021-06-22,decam,ct4m,ct,,object,SN-C2,stacked,dqmask,,2019-12-30,[None]
2020-11-19T03:19:47.236752+0000,881354042e22836726478780cc3cc726,237352320,/data_local/images/DTS/2019B-0910/DECam_00908585.fits.fz,/net/archive/pipe/20191116/ct4m/2019B-0910/c4d_191117_030823_osw_r_v1.fits.fz,1.05,"{'gte': 52.649833333333326, 'lte': 52.649833333333326}","{'gte': -28.09986111111111, 'lte': -28.09986111111111}",52.649833333333326,-28.09986111111111,r DECam SDSS c0002 6415.0 1480.0,None,,140.0,0,2019-11-17,2019-11-17T03:08:23.964879+0000,[4674],Shen,2019B-0910,2021-05-09,decam,ct4m,ct,,object,SN-C3,stacked,wtmap,,2019-11-16,[None]
2020-11-19T02:52:16.124994+0000,ab269aba3272ef55571fb56b96a91fc6,334454400,/data_local/images/DTS/2019B-0910/DECam_00923745.fits.fz,/net/archive/pipe/20191230/ct4m/2019B-0910/c4d_191231_032648_osj_i_v1.fits.fz,1.08,"{'gte': 54.27316666666666, 'lte': 54.27316666666666}","{'gte': -27.11213888888889, 'lte': -27.11213888888889}",54.27316666666666,-27.11213888888889,i DECam SDSS c0003 7835.0 1470.0,None,,180.0,0,2019-12-31,2019-12-31T03:26:48.366559+0000,[4674],Shen,2019B-0910,2021-06-22,decam,ct4m,ct,,object,SN-C1,stacked,image1,,2019-12-30,[None]
2020-11-19T02:52:04.287235+0000,a675ad2ed0c6b0e6b1c37b4625cb538a,334252800,/data_local/images/DTS/2019B-0910/DECam_00925482.fits.fz,/net/archive/pipe/20200120/ct4m/2019B-0910/c4d_200121_033230_osj_r_v1.fits.fz,1.34,"{'gte': 54.274874999999994, 'lte': 54.274874999999994}","{'gte': -27.110944444444446, 'lte': -27.110944444444446}",54.274874999999994,-27.110944444444446,r DECam SDSS c0002 6415.0 1480.0,None,,140.0,0,2020-01-21,2020-01-21T03:32:30.819568+0000,[4674],Shen,2019B-0910,2021-07-13,decam,ct4m,ct,,object,SN-C1,stacked,image1,,2020-01-20,[None]
2020-11-19T03:19:44.143185+0000,b15f5e87884eaa1da4c9a1496ef1c367,4985280,/data_local/images/DTS/2019B-0910/DECam_00908571.fits.fz,/net/archive/pipe/20191116/ct4m/2019B-0910/c4d_191117_024040_ose_g_v1.fits.fz,1.11,"{'gte': 54.27345833333332, 'lte': 54.27345833333332}","{'gte': -29.088472222222222, 'lte': -29.088472222222222}",54.27345833333332,-29.088472222222222,g DECam SDSS c0001 4720.0 1520.0,None,,160.0,0,2019-11-17,2019-11-17T02:40:40.407991+0000,[4674],Shen,2019B-0910,2021-05-09,decam,ct4m,ct,,object,SN-C2,stacked,expmap,,2019-11-16,[None]
2020-11-19T03:19:44.992861+0000,a610052ffbf80ec1f61014fdfcc7af4c,333679680,/data_local/images/DTS/2019B-0910/DECam_00908573.fits.fz,/net/archive/pipe/20191116/ct4m/2019B-0910/c4d_191117_024417_osj_r_v1.fits.fz,1.1,"{'gte': 54.273624999999996, 'lte': 54.273624999999996}","{'gte': -29.088555555555555, 'lte': -29.088555555555555}",54.273624999999996,-29.088555555555555,r DECam SDSS c0002 6415.0 1480.0,None,,140.0,0,2019-11-17,2019-11-17T02:44:17.626344+0000,[4674],Shen,2019B-0910,2021-05-09,decam,ct4m,ct,,object,SN-C2,stacked,image1,,2019-11-16,[None]
2020-11-19T05:56:14.461167+0000,b02c7554af631f585e30c9b929db6551,238487040,/data_local/images/DTS/2019B-0910/DECam_00892229.fits.fz,/net/archive/pipe/20190830/ct4m/2019B-0910/c4d_190831_081225_osw_g_v1.fits.fz,1.06,"{'gte': 54.27483333333333, 'lte': 54.27483333333333}","{'gte': -29.089527777777775, 'lte': -29.089527777777775}",54.27483333333333,-29.089527777777775,g DECam SDSS c0001 4720.0 1520.0,None,,160.0,0,2019-08-31,2019-08-31T08:12:25.597354+0000,[4674],Shen,2019B-0910,2021-02-20,decam,ct4m,ct,,object,SN-C2,stacked,wtmap,,2019-08-30,[None]
2020-11-19T06:11:51.405120+0000,9e913af81ac67265fd6d2fda2bd69813,238034880,/data_local/images/DTS/2019B-0910/DECam_00923752.fits.fz,/net/archive/pipe/20191230/ct4m/2019B-0910/c4d_191231_033909_osw_i_v1.fits.fz,1.1,"{'gte': 54.27391666666666, 'lte': 54.27391666666666}","{'gte': -29.088277777777776, 'lte': -29.088277777777776}",54.27391666666666,-29.088277777777776,i DECam SDSS c0003 7835.0 1470.0,None,,180.0,0,2019-12-31,2019-12-31T03:39:09.251008+0000,[4674],Shen,2019B-0910,2021-06-22,decam,ct4m,ct,,object,SN-C2,stacked,wtmap,,2019-12-30,[None]
2020-11-19T06:11:52.225758+0000,a811b9ad69828c45f42fcb2991c7a7ea,4924800,/data_local/images/DTS/2019B-0910/DECam_00923741.fits.fz,/net/archive/pipe/20191230/ct4m/2019B-0910/c4d_191231_031952_ose_g_v1.fits.fz,1.07,"{'gte': 54.27470833333333, 'lte': 54.27470833333333}","{'gte': -27.112305555555558, 'lte': -27.112305555555558}",54.27470833333333,-27.112305555555558,g DECam SDSS c0001 4720.0 1520.0,None,,160.0,0,2019-12-31,2019-12-31T03:19:52.334856+0000,[4674],Shen,2019B-0910,2021-06-22,decam,ct4m,ct,,object,SN-C1,stacked,expmap,,2019-12-30,[None]
2020-11-18T21:12:32.641426+0000,b205935ded4e77f9348094965e50bf0d,335102400,/data_local/images/DTS/2019B-0910/DECam_00925092.fits.fz,/net/archive/pipe/20200105/ct4m/2019B-0910/c4d_200106_030858_osj_g_v1.fits.fz,1.1,"{'gte': 52.647499999999994, 'lte': 52.647499999999994}","{'gte': -28.09872222222222, 'lte': -28.09872222222222}",52.647499999999994,-28.09872222222222,g DECam SDSS c0001 4720.0 1520.0,None,,20.0,0,2020-01-06,2020-01-06T03:08:58.818990+0000,[4674],Shen,2019B-0910,2021-06-28,decam,ct4m,ct,,object,SN-C3,stacked,image1,,2020-01-05,[None]
2020-11-19T06:09:50.950640+0000,a269bf42e4e2ee68c61162bff6fc6654,237888000,/data_local/images/DTS/2019B-0910/DECam_00925472.fits.fz,/net/archive/pipe/20200120/ct4m/2019B-0910/c4d_200121_031440_osw_g_v1.fits.fz,1.29,"{'gte': 52.65149999999999, 'lte': 52.65149999999999}","{'gte': -28.102111111111114, 'lte': -28.102111111111114}",52.65149999999999,-28.102111111111114,g DECam SDSS c0001 4720.0 1520.0,None,,20.0,0,2020-01-21,2020-01-21T03:14:40.903715+0000,[4674],Shen,2019B-0910,2021-07-13,decam,ct4m,ct,,object,SN-C3,stacked,wtmap,,2020-01-20,[None]
2020-11-19T06:09:16.917357+0000,a14eda53383c731f4e7618a22ba1957f,1088640,/data_local/images/DTS/2019B-0910/DECam_00921217.fits.fz,/net/archive/pipe/20191220/ct4m/2019B-0910/c4d_191221_033056_osd_g_v1.fits.fz,1.04,"{'gte': 52.65145833333333, 'lte': 52.65145833333333}","{'gte': -28.102444444444444, 'lte': -28.102444444444444}",52.65145833333333,-28.102444444444444,g DECam SDSS c0001 4720.0 1520.0,None,,20.0,0,2019-12-21,2019-12-21T03:30:56.267555+0000,[4674],Shen,2019B-0910,2021-06-12,decam,ct4m,ct,,object,SN-C3,stacked,dqmask,,2019-12-20,[None]
2020-11-19T06:11:56.434232+0000,897fe218153218e567e3848ae66612f9,238236480,/data_local/images/DTS/2019B-0910/DECam_00923750.fits.fz,/net/archive/pipe/20191230/ct4m/2019B-0910/c4d_191231_033551_osw_r_v1.fits.fz,1.1,"{'gte': 54.273624999999996, 'lte': 54.273624999999996}","{'gte': -29.08825, 'lte': -29.08825}",54.273624999999996,-29.08825,r DECam SDSS c0002 6415.0 1480.0,None,,140.0,0,2019-12-31,2019-12-31T03:35:51.643236+0000,[4674],Shen,2019B-0910,2021-06-22,decam,ct4m,ct,,object,SN-C2,stacked,wtmap,,2019-12-30,[None]
2020-11-19T02:51:31.699636+0000,89a614c7bafee53dd647b33829b9680a,4631040,/data_local/images/DTS/2019B-0910/DECam_00921244.fits.fz,/net/archive/pipe/20191220/ct4m/2019B-0910/c4d_191221_042400_ose_r_v1.fits.fz,1.11,"{'gte': 54.274375, 'lte': 54.274375}","{'gte': -29.088027777777775, 'lte': -29.088027777777775}",54.274375,-29.088027777777775,r DECam SDSS c0002 6415.0 1480.0,None,,140.0,0,2019-12-21,2019-12-21T04:24:00.064935+0000,[4674],Shen,2019B-0910,2021-06-12,decam,ct4m,ct,,object,SN-C2,stacked,expmap,,2019-12-20,[None]
2020-11-18T23:35:01.529117+0000,aa674002bf45748f28a57235a90731bf,3582720,/data_local/images/DTS/2019B-0910/DECam_00898457.fits.fz,/net/archive/pipe/20190926/ct4m/2019B-0910/c4d_190927_060530_ose_g_v1.fits.fz,1.09,"{'gte': 52.651291666666665, 'lte': 52.651291666666665}","{'gte': -28.100944444444448, 'lte': -28.100944444444448}",52.651291666666665,-28.100944444444448,g DECam SDSS c0001 4720.0 1520.0,None,,40.0,0,2019-09-27,2019-09-27T06:05:30.917435+0000,[4674],Shen,2019B-0910,2021-03-19,decam,ct4m,ct,,object,SN-C3,stacked,expmap,,2019-09-26,[None]
2020-11-19T07:25:37.972536+0000,a25d73f55edddd953931d22c99c12648,237591360,/data_local/images/DTS/2019B-0910/DECam_00923748.fits.fz,/net/archive/pipe/20191230/ct4m/2019B-0910/c4d_191231_033213_osw_g_v1.fits.fz,1.09,"{'gte': 54.27299999999999, 'lte': 54.27299999999999}","{'gte': -29.0875, 'lte': -29.0875}",54.27299999999999,-29.0875,g DECam SDSS c0001 4720.0 1520.0,None,,160.0,0,2019-12-31,2019-12-31T03:32:13.662520+0000,[4674],Shen,2019B-0910,2021-06-22,decam,ct4m,ct,,object,SN-C2,stacked,wtmap,,2019-12-30,[None]
2020-11-18T18:52:45.982522+0000,9e4b8f99736e06ad7a2c596eb1c59952,1892160,/data_local/images/DTS/2019B-0910/DECam_00906069.fits.fz,/net/archive/pipe/20191104/ct4m/2019B-0910/c4d_191105_031908_osd_i_v1.fits.fz,1.11,"{'gte': 52.64945833333333, 'lte': 52.64945833333333}","{'gte': -28.10086111111111, 'lte': -28.10086111111111}",52.64945833333333,-28.10086111111111,i DECam SDSS c0003 7835.0 1470.0,None,,180.0,0,2019-11-05,2019-11-05T03:19:08.637072+0000,[4674],Shen,2019B-0910,2021-04-27,decam,ct4m,ct,,object,SN-C3,stacked,dqmask,,2019-11-04,[None]
2020-11-18T19:37:22.198724+0000,8c797dfc071e2ed13b2b17a76b6a185c,4072320,/data_local/images/DTS/2019B-0910/DECam_00889321.fits.fz,/net/archive/pipe/20190821/ct4m/2019B-0910/c4d_190822_082802_ose_r_v1.fits.fz,1.1,"{'gte': 54.272458333333326, 'lte': 54.272458333333326}","{'gte': -29.088583333333332, 'lte': -29.088583333333332}",54.272458333333326,-29.088583333333332,r DECam SDSS c0002 6415.0 1480.0,None,,140.0,0,2019-08-22,2019-08-22T08:28:02.812759+0000,[4674],Shen,2019B-0910,2021-02-11,decam,ct4m,ct,,object,SN-C2,stacked,expmap,,2019-08-21,[None]
2020-11-19T00:37:06.809565+0000,9e5128f70dc06f36f4e5d0f5d1a3a1bf,332504640,/data_local/images/DTS/2019B-0910/DECam_00902582.fits.fz,/net/archive/pipe/20191021/ct4m/2019B-0910/c4d_191022_081032_osj_r_v1.fits.fz,1.09,"{'gte': 54.27358333333333, 'lte': 54.27358333333333}","{'gte': -29.088777777777775, 'lte': -29.088777777777775}",54.27358333333333,-29.088777777777775,r DECam SDSS c0002 6415.0 1480.0,None,,140.0,0,2019-10-22,2019-10-22T08:10:32.860639+0000,[4674],Shen,2019B-0910,2021-04-13,decam,ct4m,ct,,object,SN-C2,stacked,image1,,2019-10-21,[None]
2020-11-19T05:55:24.482401+0000,a48df8bd611e4581e8b4bdd63f68f1bb,12864960,/data_local/images/DTS/2019B-0910/DECam_00917129.fits.fz,/net/archive/pipe/20191213/ct4m/2019B-0910/c4d_191214_012553_ose_g_v1.fits.fz,1.05,"{'gte': 52.88704166666666, 'lte': 52.88704166666666}","{'gte': -27.93386111111111, 'lte': -27.93386111111111}",52.88704166666666,-27.93386111111111,g DECam SDSS c0001 4720.0 1520.0,None,,30.0,0,2019-12-14,2019-12-14T01:25:53.713230+0000,[4674],Shen,2019B-0910,2021-06-05,decam,ct4m,ct,,object,SN-C3,stacked,expmap,,2019-12-13,[None]
2020-11-19T03:26:30.766337+0000,8d3277e806a8ac4ce60faf8d17417f89,1241280,/data_local/images/DTS/2019B-0910/DECam_00912547.fits.fz,/net/archive/pipe/20191130/ct4m/2019B-0910/c4d_191201_020532_osd_r_v1.fits.fz,1.06,"{'gte': 52.651083333333325, 'lte': 52.651083333333325}","{'gte': -28.100611111111114, 'lte': -28.100611111111114}",52.651083333333325,-28.100611111111114,r DECam SDSS c0002 6415.0 1480.0,None,,140.0,0,2019-12-01,2019-12-01T02:05:32.557646+0000,[4674],Shen,2019B-0910,2021-05-23,decam,ct4m,ct,,object,SN-C3,stacked,dqmask,,2019-11-30,[None]
2020-11-19T02:42:51.659895+0000,a384cdd9dfd0b041216ebea17f4d52c0,1284480,/data_local/images/DTS/2019B-0910/DECam_00927206.fits.fz,/net/archive/pipe/20200127/ct4m/2019B-0910/c4d_200128_014005_osd_i_v1.fits.fz,1.09,"{'gte': 54.27287499999999, 'lte': 54.27287499999999}","{'gte': -27.112111111111112, 'lte': -27.112111111111112}",54.27287499999999,-27.112111111111112,i DECam SDSS c0003 7835.0 1470.0,None,,180.0,0,2020-01-28,2020-01-28T01:40:05.183479+0000,[4674],Shen,2019B-0910,2021-07-20,decam,ct4m,ct,,object,SN-C1,stacked,dqmask,,2020-01-27,[None]
2020-11-18T23:25:00.688622+0000,c7f46adc60f2bdd83172a6f1fee51078,238700160,/data_local/images/DTS/2019B-0910/DECam_00895707.fits.fz,/net/archive/pipe/20190915/ct4m/2019B-0910/c4d_190916_072629_osw_i_v1.fits.fz,1.04,"{'gte': 54.27383333333333, 'lte': 54.27383333333333}","{'gte': -29.087416666666666, 'lte': -29.087416666666666}",54.27383333333333,-29.087416666666666,i DECam SDSS c0003 7835.0 1470.0,None,,180.0,0,2019-09-16,2019-09-16T07:26:29.914260+0000,[4674],Shen,2019B-0910,2021-03-08,decam,ct4m,ct,,object,SN-C2,stacked,wtmap,,2019-09-15,[None]
2020-11-19T05:55:30.005277+0000,dd739343865974301d336ece7a76e88c,4749120,/data_local/images/DTS/2019B-0910/DECam_00917137.fits.fz,/net/archive/pipe/20191213/ct4m/2019B-0910/c4d_191214_014002_ose_g_v1.fits.fz,1.04,"{'gte': 54.27508333333333, 'lte': 54.27508333333333}","{'gte': -27.112194444444444, 'lte': -27.112194444444444}",54.27508333333333,-27.112194444444444,g DECam SDSS c0001 4720.0 1520.0,None,,160.0,0,2019-12-14,2019-12-14T01:40:02.206190+0000,[4674],Shen,2019B-0910,2021-06-05,decam,ct4m,ct,,object,SN-C1,stacked,expmap,,2019-12-13,[None]
2020-11-19T06:09:45.564141+0000,91d62fa9d4a052036b7c1de093e65252,238541760,/data_local/images/DTS/2019B-0910/DECam_00925111.fits.fz,/net/archive/pipe/20200105/ct4m/2019B-0910/c4d_200106_034246_osw_i_v1.fits.fz,1.16,"{'gte': 54.274375, 'lte': 54.274375}","{'gte': -29.089416666666665, 'lte': -29.089416666666665}",54.274375,-29.089416666666665,i DECam SDSS c0003 7835.0 1470.0,None,,180.0,0,2020-01-06,2020-01-06T03:42:46.298255+0000,[4674],Shen,2019B-0910,2021-06-28,decam,ct4m,ct,,object,SN-C2,stacked,wtmap,,2020-01-05,[None]
2020-11-19T05:55:29.993603+0000,4a12ae242ae6b01b051dec1ce2631b3d,4671360,/data_local/images/DTS/2019B-0910/DECam_00917144.fits.fz,/net/archive/pipe/20191213/ct4m/2019B-0910/c4d_191214_015224_ose_g_v1.fits.fz,1.03,"{'gte': 54.27566666666666, 'lte': 54.27566666666666}","{'gte': -29.08888888888889, 'lte': -29.08888888888889}",54.27566666666666,-29.08888888888889,g DECam SDSS c0001 4720.0 1520.0,None,,160.0,0,2019-12-14,2019-12-14T01:52:24.373074+0000,[4674],Shen,2019B-0910,2021-06-05,decam,ct4m,ct,,object,SN-C2,stacked,expmap,,2019-12-13,[None]
2020-11-18T23:35:04.767400+0000,b3bbb2f85a8888364a4a4223a84f58ae,838080,/data_local/images/DTS/2019B-0910/DECam_00898458.fits.fz,/net/archive/pipe/20190926/ct4m/2019B-0910/c4d_190927_060707_osd_g_v1.fits.fz,1.09,"{'gte': 52.64812499999999, 'lte': 52.64812499999999}","{'gte': -28.10161111111111, 'lte': -28.10161111111111}",52.64812499999999,-28.10161111111111,g DECam SDSS c0001 4720.0 1520.0,None,,320.0,0,2019-09-27,2019-09-27T06:07:07.325607+0000,[4674],Shen,2019B-0910,2021-03-19,decam,ct4m,ct,,object,SN-C3,stacked,dqmask,,2019-09-26,[None]
2020-11-19T02:53:27.852148+0000,933df42c4580dc39bf30060a8fd4f828,4821120,/data_local/images/DTS/2019B-0910/DECam_00925100.fits.fz,/net/archive/pipe/20200105/ct4m/2019B-0910/c4d_200106_032319_ose_g_v1.fits.fz,1.12,"{'gte': 54.27349999999999, 'lte': 54.27349999999999}","{'gte': -27.112305555555558, 'lte': -27.112305555555558}",54.27349999999999,-27.112305555555558,g DECam SDSS c0001 4720.0 1520.0,None,,160.0,0,2020-01-06,2020-01-06T03:23:19.126506+0000,[4674],Shen,2019B-0910,2021-06-28,decam,ct4m,ct,,object,SN-C1,stacked,expmap,,2020-01-05,[None]
2020-11-19T05:55:30.658931+0000,4d906619d9e871ed667b5496f9806eb2,338909760,/data_local/images/DTS/2019B-0910/DECam_00917146.fits.fz,/net/archive/pipe/20191213/ct4m/2019B-0910/c4d_191214_015600_osj_r_v1.fits.fz,1.02,"{'gte': 54.275375, 'lte': 54.275375}","{'gte': -29.088277777777776, 'lte': -29.088277777777776}",54.275375,-29.088277777777776,r DECam SDSS c0002 6415.0 1480.0,None,,140.0,0,2019-12-14,2019-12-14T01:56:00.940679+0000,[4674],Shen,2019B-0910,2021-06-05,decam,ct4m,ct,,object,SN-C2,stacked,image1,,2019-12-13,[None]
2020-11-19T02:44:33.709989+0000,517b34175d50d5ee28edee8508a60d0b,1080000,/data_local/images/DTS/2019B-0910/DECam_00915318.fits.fz,/net/archive/pipe/20191207/ct4m/2019B-0910/c4d_191208_014016_osd_g_v1.fits.fz,1.07,"{'gte': 54.27354166666666, 'lte': 54.27354166666666}","{'gte': -29.088916666666666, 'lte': -29.088916666666666}",54.27354166666666,-29.088916666666666,g DECam SDSS c0001 4720.0 1520.0,None,,160.0,0,2019-12-08,2019-12-08T01:40:16.702432+0000,[4674],Shen,2019B-0910,2021-05-30,decam,ct4m,ct,,object,SN-C2,stacked,dqmask,,2019-12-07,[None]
2020-11-19T00:35:11.169913+0000,511654d103f8ccd858ee3f844038966f,1209600,/data_local/images/DTS/2019B-0910/DECam_00900792.fits.fz,/net/archive/pipe/20191004/ct4m/2019B-0910/c4d_191005_054032_osd_i_v1.fits.fz,1.08,"{'gte': 52.64608333333332, 'lte': 52.64608333333332}","{'gte': -28.102694444444445, 'lte': -28.102694444444445}",52.64608333333332,-28.102694444444445,i DECam SDSS c0003 7835.0 1470.0,None,,360.0,0,2019-10-05,2019-10-05T05:40:32.440171+0000,[4674],Shen,2019B-0910,2021-03-27,decam,ct4m,ct,,object,SN-C3,stacked,dqmask,,2019-10-04,[None]
2020-11-19T06:07:24.054811+0000,bd0091ae39783dd6a8269e5ae5a20ac6,4898880,/data_local/images/DTS/2019B-0910/DECam_00921230.fits.fz,/net/archive/pipe/20191220/ct4m/2019B-0910/c4d_191221_035558_ose_g_v1.fits.fz,1.07,"{'gte': 54.273999999999994, 'lte': 54.273999999999994}","{'gte': -27.112361111111113, 'lte': -27.112361111111113}",54.273999999999994,-27.112361111111113,g DECam SDSS c0001 4720.0 1520.0,None,,160.0,0,2019-12-21,2019-12-21T03:55:58.419716+0000,[4674],Shen,2019B-0910,2021-06-12,decam,ct4m,ct,,object,SN-C1,stacked,expmap,,2019-12-20,[None]
2020-11-18T22:37:52.068502+0000,a84871428cd1b5c3d786632a75c7cae1,338103360,/data_local/images/DTS/2019B-0910/DECam_00892207.fits.fz,/net/archive/pipe/20190830/ct4m/2019B-0910/c4d_190831_072144_osj_g_v1.fits.fz,1.15,"{'gte': 52.65041666666666, 'lte': 52.65041666666666}","{'gte': -28.09936111111111, 'lte': -28.09936111111111}",52.65041666666666,-28.09936111111111,g DECam SDSS c0001 4720.0 1520.0,None,,160.0,0,2019-08-31,2019-08-31T07:21:44.036391+0000,[4674],Shen,2019B-0910,2021-02-20,decam,ct4m,ct,,object,SN-C3,stacked,image1,,2019-08-30,[None]
2020-11-19T06:09:47.699407+0000,c8b965f9a7790ed31ab881118183bd03,338198400,/data_local/images/DTS/2019B-0910/DECam_00925097.fits.fz,/net/archive/pipe/20200105/ct4m/2019B-0910/c4d_200106_031734_osj_i_v1.fits.fz,1.12,"{'gte': 52.65154166666666, 'lte': 52.65154166666666}","{'gte': -28.100305555555558, 'lte': -28.100305555555558}",52.65154166666666,-28.100305555555558,i DECam SDSS c0003 7835.0 1470.0,None,,180.0,0,2020-01-06,2020-01-06T03:17:34.361646+0000,[4674],Shen,2019B-0910,2021-06-28,decam,ct4m,ct,,object,SN-C3,stacked,image1,,2020-01-05,[None]
2020-11-19T03:01:09.757458+0000,53a9c282639f3633042533dedd8497ca,339220800,/data_local/images/DTS/2019B-0910/DECam_00927195.fits.fz,/net/archive/pipe/20200127/ct4m/2019B-0910/c4d_200128_012044_osj_g_v1.fits.fz,1.07,"{'gte': 52.65116666666666, 'lte': 52.65116666666666}","{'gte': -28.09947222222222, 'lte': -28.09947222222222}",52.65116666666666,-28.09947222222222,g DECam SDSS c0001 4720.0 1520.0,None,,320.0,0,2020-01-28,2020-01-28T01:20:44.728126+0000,[4674],Shen,2019B-0910,2021-07-20,decam,ct4m,ct,,object,SN-C3,stacked,image1,,2020-01-27,[None]
2020-11-19T06:09:49.101538+0000,bc2de73652b900d2264929e9425d307c,333385920,/data_local/images/DTS/2019B-0910/DECam_00925487.fits.fz,/net/archive/pipe/20200120/ct4m/2019B-0910/c4d_200121_034120_osj_g_v1.fits.fz,1.37,"{'gte': 54.274333333333324, 'lte': 54.274333333333324}","{'gte': -29.088833333333334, 'lte': -29.088833333333334}",54.274333333333324,-29.088833333333334,g DECam SDSS c0001 4720.0 1520.0,None,,160.0,0,2020-01-21,2020-01-21T03:41:20.355467+0000,[4674],Shen,2019B-0910,2021-07-13,decam,ct4m,ct,,object,SN-C2,stacked,image1,,2020-01-20,[None]
2020-11-19T02:53:30.180443+0000,c9591df7d456b29a989b8c20bc543226,1068480,/data_local/images/DTS/2019B-0910/DECam_00925104.fits.fz,/net/archive/pipe/20200105/ct4m/2019B-0910/c4d_200106_033017_osd_i_v1.fits.fz,1.14,"{'gte': 54.271874999999994, 'lte': 54.271874999999994}","{'gte': -27.11238888888889, 'lte': -27.11238888888889}",54.271874999999994,-27.11238888888889,i DECam SDSS c0003 7835.0 1470.0,None,,180.0,0,2020-01-06,2020-01-06T03:30:17.520953+0000,[4674],Shen,2019B-0910,2021-06-28,decam,ct4m,ct,,object,SN-C1,stacked,dqmask,,2020-01-05,[None]
2020-11-18T23:26:13.327461+0000,539d7a480c6a31436fd1c21da757ea3c,334005120,/data_local/images/DTS/2019B-0910/DECam_00895686.fits.fz,/net/archive/pipe/20190915/ct4m/2019B-0910/c4d_190916_064701_osj_r_v1.fits.fz,1.09,"{'gte': 52.646375, 'lte': 52.646375}","{'gte': -28.102611111111113, 'lte': -28.102611111111113}",52.646375,-28.102611111111113,r DECam SDSS c0002 6415.0 1480.0,None,,140.0,0,2019-09-16,2019-09-16T06:47:01.961747+0000,[4674],Shen,2019B-0910,2021-03-08,decam,ct4m,ct,,object,SN-C3,stacked,image1,,2019-09-15,[None]
2020-11-19T06:09:46.144135+0000,b2c977aed23931472c0dc5517ab79929,4553280,/data_local/images/DTS/2019B-0910/DECam_00925102.fits.fz,/net/archive/pipe/20200105/ct4m/2019B-0910/c4d_200106_032659_ose_r_v1.fits.fz,1.13,"{'gte': 54.27241666666666, 'lte': 54.27241666666666}","{'gte': -27.112416666666668, 'lte': -27.112416666666668}",54.27241666666666,-27.112416666666668,r DECam SDSS c0002 6415.0 1480.0,None,,140.0,0,2020-01-06,2020-01-06T03:26:59.556267+0000,[4674],Shen,2019B-0910,2021-06-28,decam,ct4m,ct,,object,SN-C1,stacked,expmap,,2020-01-05,[None]
2020-11-19T09:57:23.474958+0000,0377aad1322a058fd5e85f7c391c2d47,9624960,/data_local/images/DTS/2019B-0910/DECam_00927199.fits.fz,/net/archive/pipe/20200127/ct4m/2019B-0910/c4d_200128_012737_ose_i_v1.fits.fz,1.08,"{'gte': 52.65158333333333, 'lte': 52.65158333333333}","{'gte': -28.09958333333333, 'lte': -28.09958333333333}",52.65158333333333,-28.09958333333333,i DECam SDSS c0003 7835.0 1470.0,None,,360.0,0,2020-01-28,2020-01-28T01:27:37.332195+0000,[4674],Shen,2019B-0910,2021-07-20,decam,ct4m,ct,,object,SN-C3,stacked,expmap,,2020-01-27,[None]
2020-11-19T02:48:15.877127+0000,54e7b70d4b78d33e693169164479403e,4956480,/data_local/images/DTS/2019B-0910/DECam_00912533.fits.fz,/net/archive/pipe/20191130/ct4m/2019B-0910/c4d_191201_013815_ose_g_v1.fits.fz,1.12,"{'gte': 54.27475, 'lte': 54.27475}","{'gte': -29.088083333333334, 'lte': -29.088083333333334}",54.27475,-29.088083333333334,g DECam SDSS c0001 4720.0 1520.0,None,,160.0,0,2019-12-01,2019-12-01T01:38:15.840480+0000,[4674],Shen,2019B-0910,2021-05-23,decam,ct4m,ct,,object,SN-C2,stacked,expmap,,2019-11-30,[None]
2020-11-19T02:51:31.704664+0000,b13da567965490a72a3bb981972985d6,338662080,/data_local/images/DTS/2019B-0910/DECam_00921244.fits.fz,/net/archive/pipe/20191220/ct4m/2019B-0910/c4d_191221_042400_osj_r_v1.fits.fz,1.11,"{'gte': 54.274375, 'lte': 54.274375}","{'gte': -29.088027777777775, 'lte': -29.088027777777775}",54.274375,-29.088027777777775,r DECam SDSS c0002 6415.0 1480.0,None,,140.0,0,2019-12-21,2019-12-21T04:24:00.064935+0000,[4674],Shen,2019B-0910,2021-06-12,decam,ct4m,ct,,object,SN-C2,stacked,image1,,2019-12-20,[None]
2020-11-19T02:53:29.727425+0000,b7e4447bab3aaf1ffe42c1eeb645ee31,1005120,/data_local/images/DTS/2019B-0910/DECam_00925102.fits.fz,/net/archive/pipe/20200105/ct4m/2019B-0910/c4d_200106_032659_osd_r_v1.fits.fz,1.13,"{'gte': 54.27241666666666, 'lte': 54.27241666666666}","{'gte': -27.112416666666668, 'lte': -27.112416666666668}",54.27241666666666,-27.112416666666668,r DECam SDSS c0002 6415.0 1480.0,None,,140.0,0,2020-01-06,2020-01-06T03:26:59.556267+0000,[4674],Shen,2019B-0910,2021-06-28,decam,ct4m,ct,,object,SN-C1,stacked,dqmask,,2020-01-05,[None]
2020-11-19T02:53:30.209842+0000,b9213360510ffc6915fcb69800d9fae7,4703040,/data_local/images/DTS/2019B-0910/DECam_00925107.fits.fz,/net/archive/pipe/20200105/ct4m/2019B-0910/c4d_200106_033552_ose_g_v1.fits.fz,1.15,"{'gte': 54.27466666666666, 'lte': 54.27466666666666}","{'gte': -29.089694444444444, 'lte': -29.089694444444444}",54.27466666666666,-29.089694444444444,g DECam SDSS c0001 4720.0 1520.0,None,,160.0,0,2020-01-06,2020-01-06T03:35:52.555164+0000,[4674],Shen,2019B-0910,2021-06-28,decam,ct4m,ct,,object,SN-C2,stacked,expmap,,2020-01-05,[None]
2020-11-18T20:45:00.361169+0000,b69f04a5a6c7170bc71933e5ea9ba454,333224640,/data_local/images/DTS/2019B-0910/DECam_00892209.fits.fz,/net/archive/pipe/20190830/ct4m/2019B-0910/c4d_190831_072519_osj_r_v1.fits.fz,1.14,"{'gte': 52.65045833333333, 'lte': 52.65045833333333}","{'gte': -28.09933333333333, 'lte': -28.09933333333333}",52.65045833333333,-28.09933333333333,r DECam SDSS c0002 6415.0 1480.0,None,,140.0,0,2019-08-31,2019-08-31T07:25:19.964823+0000,[4674],Shen,2019B-0910,2021-02-20,decam,ct4m,ct,,object,SN-C3,stacked,image1,,2019-08-30,[None]
2020-11-19T10:43:30.960816+0000,0454c42c7ebc7ee0cf5475be4f8b1d46,239402880,/data_local/images/DTS/2019B-0910/DECam_00925109.fits.fz,/net/archive/pipe/20200105/ct4m/2019B-0910/c4d_200106_033929_osw_r_v1.fits.fz,1.15,"{'gte': 54.274125, 'lte': 54.274125}","{'gte': -29.09022222222222, 'lte': -29.09022222222222}",54.274125,-29.09022222222222,r DECam SDSS c0002 6415.0 1480.0,None,,140.0,0,2020-01-06,2020-01-06T03:39:29.468603+0000,[4674],Shen,2019B-0910,2021-06-28,decam,ct4m,ct,,object,SN-C2,stacked,wtmap,,2020-01-05,[None]
2020-11-18T18:29:54.374636+0000,bcdce6507f7c81ca0d791cde5b9f9367,1033920,/data_local/images/DTS/2019B-0910/DECam_00900802.fits.fz,/net/archive/pipe/20191004/ct4m/2019B-0910/c4d_191005_060056_osd_r_v1.fits.fz,1.06,"{'gte': 54.27462499999999, 'lte': 54.27462499999999}","{'gte': -27.11116666666667, 'lte': -27.11116666666667}",54.27462499999999,-27.11116666666667,r DECam SDSS c0002 6415.0 1480.0,None,,280.0,0,2019-10-05,2019-10-05T06:00:56.479971+0000,[4674],Shen,2019B-0910,2021-03-27,decam,ct4m,ct,,object,SN-C1,stacked,dqmask,,2019-10-04,[None]
2020-11-19T06:11:49.112284+0000,dcff85458dbb679659fed193ac14959a,239420160,/data_local/images/DTS/2019B-0910/DECam_00923745.fits.fz,/net/archive/pipe/20191230/ct4m/2019B-0910/c4d_191231_032648_osw_i_v1.fits.fz,1.08,"{'gte': 54.27316666666666, 'lte': 54.27316666666666}","{'gte': -27.11213888888889, 'lte': -27.11213888888889}",54.27316666666666,-27.11213888888889,i DECam SDSS c0003 7835.0 1470.0,None,,180.0,0,2019-12-31,2019-12-31T03:26:48.366559+0000,[4674],Shen,2019B-0910,2021-06-22,decam,ct4m,ct,,object,SN-C1,stacked,wtmap,,2019-12-30,[None]
2020-11-19T13:24:41.512123+0000,06414479774553a3f48e2d0a92943af7,5132160,/data_local/images/DTS/2019B-0910/DECam_00923734.fits.fz,/net/archive/pipe/20191230/ct4m/2019B-0910/c4d_191231_030727_ose_g_v1.fits.fz,1.06,"{'gte': 52.65029166666666, 'lte': 52.65029166666666}","{'gte': -28.09911111111111, 'lte': -28.09911111111111}",52.65029166666666,-28.09911111111111,g DECam SDSS c0001 4720.0 1520.0,None,,160.0,0,2019-12-31,2019-12-31T03:07:27.824291+0000,[4674],Shen,2019B-0910,2021-06-22,decam,ct4m,ct,,object,SN-C3,stacked,expmap,,2019-12-30,[None]
2020-11-18T20:25:21.034933+0000,0b4923829a7443ae7c4e172c282fcba5,339036480,/data_local/images/DTS/2019B-0910/DECam_00906055.fits.fz,/net/archive/pipe/20191104/ct4m/2019B-0910/c4d_191105_025135_osj_r_v1.fits.fz,1.2,"{'gte': 54.273999999999994, 'lte': 54.273999999999994}","{'gte': -29.08897222222222, 'lte': -29.08897222222222}",54.273999999999994,-29.08897222222222,r DECam SDSS c0002 6415.0 1480.0,None,,140.0,0,2019-11-05,2019-11-05T02:51:35.305643+0000,[4674],Shen,2019B-0910,2021-04-27,decam,ct4m,ct,,object,SN-C2,stacked,image1,,2019-11-04,[None]
2020-11-18T23:26:13.563210+0000,bb4e716106d450fe72d04f54d18e6001,1249920,/data_local/images/DTS/2019B-0910/DECam_00895696.fits.fz,/net/archive/pipe/20190915/ct4m/2019B-0910/c4d_190916_070708_osd_g_v1.fits.fz,1.07,"{'gte': 54.273333333333326, 'lte': 54.273333333333326}","{'gte': -27.111861111111114, 'lte': -27.111861111111114}",54.273333333333326,-27.111861111111114,g DECam SDSS c0001 4720.0 1520.0,None,,160.0,0,2019-09-16,2019-09-16T07:07:08.217203+0000,[4674],Shen,2019B-0910,2021-03-08,decam,ct4m,ct,,object,SN-C1,stacked,dqmask,,2019-09-15,[None]
2020-11-18T20:15:15.192011+0000,07df0633b52c1f3e0538093aa34a9e38,237939840,/data_local/images/DTS/2019B-0910/DECam_00906064.fits.fz,/net/archive/pipe/20191104/ct4m/2019B-0910/c4d_191105_031035_osw_g_v1.fits.fz,1.13,"{'gte': 52.650541666666655, 'lte': 52.650541666666655}","{'gte': -28.102777777777778, 'lte': -28.102777777777778}",52.650541666666655,-28.102777777777778,g DECam SDSS c0001 4720.0 1520.0,None,,20.0,0,2019-11-05,2019-11-05T03:10:35.940991+0000,[4674],Shen,2019B-0910,2021-04-27,decam,ct4m,ct,,object,SN-C3,stacked,wtmap,,2019-11-04,[None]
2020-11-19T05:55:27.996701+0000,e129e0cb85766dc21e35eea38227a837,4841280,/data_local/images/DTS/2019B-0910/DECam_00917130.fits.fz,/net/archive/pipe/20191213/ct4m/2019B-0910/c4d_191214_012729_ose_g_v1.fits.fz,1.05,"{'gte': 52.648291666666665, 'lte': 52.648291666666665}","{'gte': -28.101194444444445, 'lte': -28.101194444444445}",52.648291666666665,-28.101194444444445,g DECam SDSS c0001 4720.0 1520.0,None,,160.0,0,2019-12-14,2019-12-14T01:27:29.527513+0000,[4674],Shen,2019B-0910,2021-06-05,decam,ct4m,ct,,object,SN-C3,stacked,expmap,,2019-12-13,[None]
2020-11-19T11:28:43.250636+0000,050f5f8f8d05366e58607a250d198a88,1267200,/data_local/images/DTS/2019B-0910/DECam_00927211.fits.fz,/net/archive/pipe/20200127/ct4m/2019B-0910/c4d_200128_014908_osd_r_v1.fits.fz,1.1,"{'gte': 54.274375, 'lte': 54.274375}","{'gte': -29.089027777777776, 'lte': -29.089027777777776}",54.274375,-29.089027777777776,r DECam SDSS c0002 6415.0 1480.0,None,,140.0,0,2020-01-28,2020-01-28T01:49:08.169763+0000,[4674],Shen,2019B-0910,2021-07-20,decam,ct4m,ct,,object,SN-C2,stacked,dqmask,,2020-01-27,[None]
2020-11-18T20:43:11.391246+0000,0d8d232ac4ff5a311802d26d4f295421,1324800,/data_local/images/DTS/2019B-0910/DECam_00927213.fits.fz,/net/archive/pipe/20200127/ct4m/2019B-0910/c4d_200128_015226_osd_i_v1.fits.fz,1.11,"{'gte': 54.273624999999996, 'lte': 54.273624999999996}","{'gte': -29.08908333333333, 'lte': -29.08908333333333}",54.273624999999996,-29.08908333333333,i DECam SDSS c0003 7835.0 1470.0,None,,180.0,0,2020-01-28,2020-01-28T01:52:26.288993+0000,[4674],Shen,2019B-0910,2021-07-20,decam,ct4m,ct,,object,SN-C2,stacked,dqmask,,2020-01-27,[None]
2020-11-18T18:29:54.487242+0000,c1a96c9891071f768cc4e9bb42eedbb8,976320,/data_local/images/DTS/2019B-0910/DECam_00900809.fits.fz,/net/archive/pipe/20191004/ct4m/2019B-0910/c4d_191005_061319_osd_r_v1.fits.fz,1.04,"{'gte': 54.27354166666666, 'lte': 54.27354166666666}","{'gte': -29.08836111111111, 'lte': -29.08836111111111}",54.27354166666666,-29.08836111111111,r DECam SDSS c0002 6415.0 1480.0,None,,280.0,0,2019-10-05,2019-10-05T06:13:19.761593+0000,[4674],Shen,2019B-0910,2021-03-27,decam,ct4m,ct,,object,SN-C2,stacked,dqmask,,2019-10-04,[None]
2020-11-19T02:52:16.135095+0000,c4fcd87dcf7a74f92d6325be1e6fbd51,1448640,/data_local/images/DTS/2019B-0910/DECam_00923734.fits.fz,/net/archive/pipe/20191230/ct4m/2019B-0910/c4d_191231_030727_osd_g_v1.fits.fz,1.06,"{'gte': 52.65029166666666, 'lte': 52.65029166666666}","{'gte': -28.09911111111111, 'lte': -28.09911111111111}",52.65029166666666,-28.09911111111111,g DECam SDSS c0001 4720.0 1520.0,None,,160.0,0,2019-12-31,2019-12-31T03:07:27.824291+0000,[4674],Shen,2019B-0910,2021-06-22,decam,ct4m,ct,,object,SN-C3,stacked,dqmask,,2019-12-30,[None]
2020-11-18T23:35:05.745965+0000,bde5b420bc8ce61c8dd29f85c12f20b4,237919680,/data_local/images/DTS/2019B-0910/DECam_00898477.fits.fz,/net/archive/pipe/20190926/ct4m/2019B-0910/c4d_190927_064318_osw_g_v1.fits.fz,1.04,"{'gte': 54.273666666666664, 'lte': 54.273666666666664}","{'gte': -29.088472222222222, 'lte': -29.088472222222222}",54.273666666666664,-29.088472222222222,g DECam SDSS c0001 4720.0 1520.0,None,,160.0,0,2019-09-27,2019-09-27T06:43:18.472706+0000,[4674],Shen,2019B-0910,2021-03-19,decam,ct4m,ct,,object,SN-C2,stacked,wtmap,,2019-09-26,[None]
2020-11-19T13:27:47.775213+0000,06567995fe9680369c0b2905b1efe01e,238466880,/data_local/images/DTS/2019B-0910/DECam_00908575.fits.fz,/net/archive/pipe/20191116/ct4m/2019B-0910/c4d_191117_024733_osw_i_v1.fits.fz,1.09,"{'gte': 54.27345833333332, 'lte': 54.27345833333332}","{'gte': -29.0885, 'lte': -29.0885}",54.27345833333332,-29.0885,i DECam SDSS c0003 7835.0 1470.0,None,,180.0,0,2019-11-17,2019-11-17T02:47:33.109440+0000,[4674],Shen,2019B-0910,2021-05-09,decam,ct4m,ct,,object,SN-C2,stacked,wtmap,,2019-11-16,[None]
2020-11-19T05:55:32.558944+0000,c49d36a4daaee2d43774852041d67dfa,335208960,/data_local/images/DTS/2019B-0910/DECam_00917148.fits.fz,/net/archive/pipe/20191213/ct4m/2019B-0910/c4d_191214_015920_osj_i_v1.fits.fz,1.02,"{'gte': 54.276083333333325, 'lte': 54.276083333333325}","{'gte': -29.087055555555555, 'lte': -29.087055555555555}",54.276083333333325,-29.087055555555555,i DECam SDSS c0003 7835.0 1470.0,None,,180.0,0,2019-12-14,2019-12-14T01:59:20.355630+0000,[4674],Shen,2019B-0910,2021-06-05,decam,ct4m,ct,,object,SN-C2,stacked,image1,,2019-12-13,[None]
2020-11-18T20:20:33.369932+0000,0abab8368f0473b521a640c857dd118a,5852160,/data_local/images/DTS/2019B-0910/DECam_00902580.fits.fz,/net/archive/pipe/20191021/ct4m/2019B-0910/c4d_191022_080656_ose_g_v1.fits.fz,1.09,"{'gte': 54.273041666666664, 'lte': 54.273041666666664}","{'gte': -29.08911111111111, 'lte': -29.08911111111111}",54.273041666666664,-29.08911111111111,g DECam SDSS c0001 4720.0 1520.0,None,,160.0,0,2019-10-22,2019-10-22T08:06:56.083261+0000,[4674],Shen,2019B-0910,2021-04-13,decam,ct4m,ct,,object,SN-C2,stacked,expmap,,2019-10-21,[None]
2020-11-19T06:00:50.588653+0000,0ab0c6c6e48dbfba30fc7ac6c6f456df,4671360,/data_local/images/DTS/2019B-0910/DECam_00895684.fits.fz,/net/archive/pipe/20190915/ct4m/2019B-0910/c4d_190916_064322_ose_g_v1.fits.fz,1.1,"{'gte': 52.64812499999999, 'lte': 52.64812499999999}","{'gte': -28.101111111111113, 'lte': -28.101111111111113}",52.64812499999999,-28.101111111111113,g DECam SDSS c0001 4720.0 1520.0,None,,160.0,0,2019-09-16,2019-09-16T06:43:22.565834+0000,[4674],Shen,2019B-0910,2021-03-08,decam,ct4m,ct,,object,SN-C3,stacked,expmap,,2019-09-15,[None]
2020-11-19T06:01:28.190630+0000,0b399f07ced95f210c44524a9b976702,240886080,/data_local/images/DTS/2019B-0910/DECam_00898462.fits.fz,/net/archive/pipe/20190926/ct4m/2019B-0910/c4d_190927_061402_osw_i_v1.fits.fz,1.07,"{'gte': 52.64524999999999, 'lte': 52.64524999999999}","{'gte': -28.10366666666667, 'lte': -28.10366666666667}",52.64524999999999,-28.10366666666667,i DECam SDSS c0003 7835.0 1470.0,None,,360.0,0,2019-09-27,2019-09-27T06:14:02.917925+0000,[4674],Shen,2019B-0910,2021-03-19,decam,ct4m,ct,,object,SN-C3,stacked,wtmap,,2019-09-26,[None]
2020-11-18T19:58:13.387118+0000,09b10309f4912838d1c2fe5d2e4fbe58,4783680,/data_local/images/DTS/2019B-0910/DECam_00895698.fits.fz,/net/archive/pipe/20190915/ct4m/2019B-0910/c4d_190916_071045_ose_r_v1.fits.fz,1.07,"{'gte': 54.27299999999999, 'lte': 54.27299999999999}","{'gte': -27.111888888888892, 'lte': -27.111888888888892}",54.27299999999999,-27.111888888888892,r DECam SDSS c0002 6415.0 1480.0,None,,140.0,0,2019-09-16,2019-09-16T07:10:45.475346+0000,[4674],Shen,2019B-0910,2021-03-08,decam,ct4m,ct,,object,SN-C1,stacked,expmap,,2019-09-15,[None]
2020-11-18T18:52:46.098721+0000,e02dfd7e8028f012a41c39f9e0b2b258,333037440,/data_local/images/DTS/2019B-0910/DECam_00906065.fits.fz,/net/archive/pipe/20191104/ct4m/2019B-0910/c4d_191105_031211_osj_g_v1.fits.fz,1.13,"{'gte': 52.650499999999994, 'lte': 52.650499999999994}","{'gte': -28.100083333333334, 'lte': -28.100083333333334}",52.650499999999994,-28.100083333333334,g DECam SDSS c0001 4720.0 1520.0,None,,160.0,0,2019-11-05,2019-11-05T03:12:11.785665+0000,[4674],Shen,2019B-0910,2021-04-27,decam,ct4m,ct,,object,SN-C3,stacked,image1,,2019-11-04,[None]
2020-11-19T06:11:57.055256+0000,e0488a2935efe4c194276330cfe0cc2a,338126400,/data_local/images/DTS/2019B-0910/DECam_00923736.fits.fz,/net/archive/pipe/20191230/ct4m/2019B-0910/c4d_191231_031104_osj_r_v1.fits.fz,1.07,"{'gte': 52.650124999999996, 'lte': 52.650124999999996}","{'gte': -28.099444444444444, 'lte': -28.099444444444444}",52.650124999999996,-28.099444444444444,r DECam SDSS c0002 6415.0 1480.0,None,,140.0,0,2019-12-31,2019-12-31T03:11:04.114507+0000,[4674],Shen,2019B-0910,2021-06-22,decam,ct4m,ct,,object,SN-C3,stacked,image1,,2019-12-30,[None]
2020-11-19T03:19:44.631567+0000,b3e0944c223d9ea159f8e21a216adb8e,5016960,/data_local/images/DTS/2019B-0910/DECam_00908583.fits.fz,/net/archive/pipe/20191116/ct4m/2019B-0910/c4d_191117_030447_ose_g_v1.fits.fz,1.06,"{'gte': 52.65016666666666, 'lte': 52.65016666666666}","{'gte': -28.09975, 'lte': -28.09975}",52.65016666666666,-28.09975,g DECam SDSS c0001 4720.0 1520.0,None,,160.0,0,2019-11-17,2019-11-17T03:04:47.096313+0000,[4674],Shen,2019B-0910,2021-05-09,decam,ct4m,ct,,object,SN-C3,stacked,expmap,,2019-11-16,[None]
2020-11-18T19:50:45.305453+0000,ab7a4434c55aa5d2b7e04b74423d9406,238524480,/data_local/images/DTS/2019B-0910/DECam_00892207.fits.fz,/net/archive/pipe/20190830/ct4m/2019B-0910/c4d_190831_072144_osw_g_v1.fits.fz,1.15,"{'gte': 52.65041666666666, 'lte': 52.65041666666666}","{'gte': -28.09936111111111, 'lte': -28.09936111111111}",52.65041666666666,-28.09936111111111,g DECam SDSS c0001 4720.0 1520.0,None,,160.0,0,2019-08-31,2019-08-31T07:21:44.036391+0000,[4674],Shen,2019B-0910,2021-02-20,decam,ct4m,ct,,object,SN-C3,stacked,wtmap,,2019-08-30,[None]
2020-11-18T20:29:46.871095+0000,0c216d06b235fc95fe814117501399c2,237957120,/data_local/images/DTS/2019B-0910/DECam_00927211.fits.fz,/net/archive/pipe/20200127/ct4m/2019B-0910/c4d_200128_014908_osw_r_v1.fits.fz,1.1,"{'gte': 54.274375, 'lte': 54.274375}","{'gte': -29.089027777777776, 'lte': -29.089027777777776}",54.274375,-29.089027777777776,r DECam SDSS c0002 6415.0 1480.0,None,,140.0,0,2020-01-28,2020-01-28T01:49:08.169763+0000,[4674],Shen,2019B-0910,2021-07-20,decam,ct4m,ct,,object,SN-C2,stacked,wtmap,,2020-01-27,[None]
2020-11-18T21:54:57.599182+0000,1070483088ae936d6733c065bb944b74,333512640,/data_local/images/DTS/2019B-0910/DECam_00895705.fits.fz,/net/archive/pipe/20190915/ct4m/2019B-0910/c4d_190916_072313_osj_r_v1.fits.fz,1.05,"{'gte': 54.273333333333326, 'lte': 54.273333333333326}","{'gte': -29.087277777777775, 'lte': -29.087277777777775}",54.273333333333326,-29.087277777777775,r DECam SDSS c0002 6415.0 1480.0,None,,140.0,0,2019-09-16,2019-09-16T07:23:13.765342+0000,[4674],Shen,2019B-0910,2021-03-08,decam,ct4m,ct,,object,SN-C2,stacked,image1,,2019-09-15,[None]
2020-11-19T12:35:56.141418+0000,d12e070dd76872c67067cb2f0f2e0b5d,8735040,/data_local/images/DTS/2019B-0910/DECam_00900800.fits.fz,/net/archive/pipe/20191004/ct4m/2019B-0910/c4d_191005_055718_ose_g_v1.fits.fz,1.06,"{'gte': 54.274375, 'lte': 54.274375}","{'gte': -27.111555555555558, 'lte': -27.111555555555558}",54.274375,-27.111555555555558,g DECam SDSS c0001 4720.0 1520.0,None,,320.0,0,2019-10-05,2019-10-05T05:57:18.073380+0000,[4674],Shen,2019B-0910,2021-03-27,decam,ct4m,ct,,object,SN-C1,stacked,expmap,,2019-10-04,[None]
2020-11-19T02:51:31.287207+0000,a9934f6202d0409ad7ec6982a17ed404,334088640,/data_local/images/DTS/2019B-0910/DECam_00921222.fits.fz,/net/archive/pipe/20191220/ct4m/2019B-0910/c4d_191221_033928_osj_i_v1.fits.fz,1.05,"{'gte': 52.650541666666655, 'lte': 52.650541666666655}","{'gte': -28.098694444444444, 'lte': -28.098694444444444}",52.650541666666655,-28.098694444444444,i DECam SDSS c0003 7835.0 1470.0,None,,180.0,0,2019-12-21,2019-12-21T03:39:28.689666+0000,[4674],Shen,2019B-0910,2021-06-12,decam,ct4m,ct,,object,SN-C3,stacked,image1,,2019-12-20,[None]
2020-11-18T23:35:03.182544+0000,ad84374b60161c1bce68dc17f9f7938a,3372480,/data_local/images/DTS/2019B-0910/DECam_00898472.fits.fz,/net/archive/pipe/20190926/ct4m/2019B-0910/c4d_190927_063429_ose_r_v1.fits.fz,1.06,"{'gte': 54.27270833333333, 'lte': 54.27270833333333}","{'gte': -27.11202777777778, 'lte': -27.11202777777778}",54.27270833333333,-27.11202777777778,r DECam SDSS c0002 6415.0 1480.0,None,,140.0,0,2019-09-27,2019-09-27T06:34:29.366252+0000,[4674],Shen,2019B-0910,2021-03-19,decam,ct4m,ct,,object,SN-C1,stacked,expmap,,2019-09-26,[None]
2020-11-18T18:52:43.065249+0000,c75dcbaf36cc6688fb04d2c25ef20c8a,239932800,/data_local/images/DTS/2019B-0910/DECam_00906055.fits.fz,/net/archive/pipe/20191104/ct4m/2019B-0910/c4d_191105_025135_osw_r_v1.fits.fz,1.2,"{'gte': 54.273999999999994, 'lte': 54.273999999999994}","{'gte': -29.08897222222222, 'lte': -29.08897222222222}",54.273999999999994,-29.08897222222222,r DECam SDSS c0002 6415.0 1480.0,None,,140.0,0,2019-11-05,2019-11-05T02:51:35.305643+0000,[4674],Shen,2019B-0910,2021-04-27,decam,ct4m,ct,,object,SN-C2,stacked,wtmap,,2019-11-04,[None]
2020-11-18T22:46:14.389182+0000,10b493ea9bb5cc50efd44947911cf447,1221120,/data_local/images/DTS/2019B-0910/DECam_00921220.fits.fz,/net/archive/pipe/20191220/ct4m/2019B-0910/c4d_191221_033609_osd_r_v1.fits.fz,1.05,"{'gte': 52.64954166666666, 'lte': 52.64954166666666}","{'gte': -28.098583333333334, 'lte': -28.098583333333334}",52.64954166666666,-28.098583333333334,r DECam SDSS c0002 6415.0 1480.0,None,,140.0,0,2019-12-21,2019-12-21T03:36:09.494556+0000,[4674],Shen,2019B-0910,2021-06-12,decam,ct4m,ct,,object,SN-C3,stacked,dqmask,,2019-12-20,[None]
2020-11-19T05:55:28.460496+0000,be71b363f9c7732575850dd6ca795ddb,1180800,/data_local/images/DTS/2019B-0910/DECam_00917141.fits.fz,/net/archive/pipe/20191213/ct4m/2019B-0910/c4d_191214_014657_osd_i_v1.fits.fz,1.03,"{'gte': 54.27445833333332, 'lte': 54.27445833333332}","{'gte': -27.111555555555558, 'lte': -27.111555555555558}",54.27445833333332,-27.111555555555558,i DECam SDSS c0003 7835.0 1470.0,None,,180.0,0,2019-12-14,2019-12-14T01:46:57.541901+0000,[4674],Shen,2019B-0910,2021-06-05,decam,ct4m,ct,,object,SN-C1,stacked,dqmask,,2019-12-13,[None]
2020-11-19T06:39:45.552738+0000,b741fb1fe98ee6f3e2af2fd069aed9e5,238072320,/data_local/images/DTS/2019B-0910/DECam_00925487.fits.fz,/net/archive/pipe/20200120/ct4m/2019B-0910/c4d_200121_034120_osw_g_v1.fits.fz,1.37,"{'gte': 54.274333333333324, 'lte': 54.274333333333324}","{'gte': -29.088833333333334, 'lte': -29.088833333333334}",54.274333333333324,-29.088833333333334,g DECam SDSS c0001 4720.0 1520.0,None,,160.0,0,2020-01-21,2020-01-21T03:41:20.355467+0000,[4674],Shen,2019B-0910,2021-07-13,decam,ct4m,ct,,object,SN-C2,stacked,wtmap,,2020-01-20,[None]
2020-11-18T23:20:06.783226+0000,af5bee3215b745a6fba8952d6d9d0499,332665920,/data_local/images/DTS/2019B-0910/DECam_00895703.fits.fz,/net/archive/pipe/20190915/ct4m/2019B-0910/c4d_190916_071937_osj_g_v1.fits.fz,1.05,"{'gte': 54.273999999999994, 'lte': 54.273999999999994}","{'gte': -29.087805555555555, 'lte': -29.087805555555555}",54.273999999999994,-29.087805555555555,g DECam SDSS c0001 4720.0 1520.0,None,,160.0,0,2019-09-16,2019-09-16T07:19:37.060052+0000,[4674],Shen,2019B-0910,2021-03-08,decam,ct4m,ct,,object,SN-C2,stacked,image1,,2019-09-15,[None]
2020-11-19T04:36:25.670490+0000,b7ae634513f865506ebf19ba2055e3aa,5379840,/data_local/images/DTS/2019B-0910/DECam_00927213.fits.fz,/net/archive/pipe/20200127/ct4m/2019B-0910/c4d_200128_015226_ose_i_v1.fits.fz,1.11,"{'gte': 54.273624999999996, 'lte': 54.273624999999996}","{'gte': -29.08908333333333, 'lte': -29.08908333333333}",54.273624999999996,-29.08908333333333,i DECam SDSS c0003 7835.0 1470.0,None,,180.0,0,2020-01-28,2020-01-28T01:52:26.288993+0000,[4674],Shen,2019B-0910,2021-07-20,decam,ct4m,ct,,object,SN-C2,stacked,expmap,,2020-01-27,[None]
2020-11-18T18:52:46.085046+0000,b812fbdd35cfb4333eb5ae02a7ceb74c,4875840,/data_local/images/DTS/2019B-0910/DECam_00906065.fits.fz,/net/archive/pipe/20191104/ct4m/2019B-0910/c4d_191105_031211_ose_g_v1.fits.fz,1.13,"{'gte': 52.650499999999994, 'lte': 52.650499999999994}","{'gte': -28.100083333333334, 'lte': -28.100083333333334}",52.650499999999994,-28.100083333333334,g DECam SDSS c0001 4720.0 1520.0,None,,160.0,0,2019-11-05,2019-11-05T03:12:11.785665+0000,[4674],Shen,2019B-0910,2021-04-27,decam,ct4m,ct,,object,SN-C3,stacked,expmap,,2019-11-04,[None]
2020-11-19T06:11:51.221121+0000,c30211d86bae3ab17164b5677dfe68d3,333095040,/data_local/images/DTS/2019B-0910/DECam_00923733.fits.fz,/net/archive/pipe/20191230/ct4m/2019B-0910/c4d_191231_030553_osj_g_v1.fits.fz,1.06,"{'gte': 52.651708333333325, 'lte': 52.651708333333325}","{'gte': -28.102055555555555, 'lte': -28.102055555555555}",52.651708333333325,-28.102055555555555,g DECam SDSS c0001 4720.0 1520.0,None,,20.0,0,2019-12-31,2019-12-31T03:05:53.733381+0000,[4674],Shen,2019B-0910,2021-06-22,decam,ct4m,ct,,object,SN-C3,stacked,image1,,2019-12-30,[None]
2020-11-19T05:55:29.996561+0000,b54f3f82393c378eff5059b27f571494,337449600,/data_local/images/DTS/2019B-0910/DECam_00917144.fits.fz,/net/archive/pipe/20191213/ct4m/2019B-0910/c4d_191214_015224_osj_g_v1.fits.fz,1.03,"{'gte': 54.27566666666666, 'lte': 54.27566666666666}","{'gte': -29.08888888888889, 'lte': -29.08888888888889}",54.27566666666666,-29.08888888888889,g DECam SDSS c0001 4720.0 1520.0,None,,160.0,0,2019-12-14,2019-12-14T01:52:24.373074+0000,[4674],Shen,2019B-0910,2021-06-05,decam,ct4m,ct,,object,SN-C2,stacked,image1,,2019-12-13,[None]
2020-11-19T02:53:01.329385+0000,c2bcc7de077647ed94e498e8ecf6f030,1209600,/data_local/images/DTS/2019B-0910/DECam_00912523.fits.fz,/net/archive/pipe/20191130/ct4m/2019B-0910/c4d_191201_011743_osd_r_v1.fits.fz,1.18,"{'gte': 54.27083333333333, 'lte': 54.27083333333333}","{'gte': -27.114472222222222, 'lte': -27.114472222222222}",54.27083333333333,-27.114472222222222,r DECam SDSS c0002 6415.0 1480.0,None,,140.0,0,2019-12-01,2019-12-01T01:17:43.511557+0000,[4674],Shen,2019B-0910,2021-05-23,decam,ct4m,ct,,object,SN-C1,stacked,dqmask,,2019-11-30,[None]
2020-11-19T02:53:29.936856+0000,a70c92c48640993ddca10dd991804b50,238988160,/data_local/images/DTS/2019B-0910/DECam_00925095.fits.fz,/net/archive/pipe/20200105/ct4m/2019B-0910/c4d_200106_031415_osw_r_v1.fits.fz,1.11,"{'gte': 52.651291666666665, 'lte': 52.651291666666665}","{'gte': -28.099888888888888, 'lte': -28.099888888888888}",52.651291666666665,-28.099888888888888,r DECam SDSS c0002 6415.0 1480.0,None,,140.0,0,2020-01-06,2020-01-06T03:14:15.764427+0000,[4674],Shen,2019B-0910,2021-06-28,decam,ct4m,ct,,object,SN-C3,stacked,wtmap,,2020-01-05,[None]
2020-11-19T06:09:52.195929+0000,d867fc7951a1028c368891f6177ea495,239293440,/data_local/images/DTS/2019B-0910/DECam_00925473.fits.fz,/net/archive/pipe/20200120/ct4m/2019B-0910/c4d_200121_031616_osw_g_v1.fits.fz,1.29,"{'gte': 52.65041666666666, 'lte': 52.65041666666666}","{'gte': -28.10002777777778, 'lte': -28.10002777777778}",52.65041666666666,-28.10002777777778,g DECam SDSS c0001 4720.0 1520.0,None,,160.0,0,2020-01-21,2020-01-21T03:16:16.259809+0000,[4674],Shen,2019B-0910,2021-07-13,decam,ct4m,ct,,object,SN-C3,stacked,wtmap,,2020-01-20,[None]
2020-11-18T23:26:13.334889+0000,a4b5670dde098af999860896b58a8657,239290560,/data_local/images/DTS/2019B-0910/DECam_00895686.fits.fz,/net/archive/pipe/20190915/ct4m/2019B-0910/c4d_190916_064701_osw_r_v1.fits.fz,1.09,"{'gte': 52.646375, 'lte': 52.646375}","{'gte': -28.102611111111113, 'lte': -28.102611111111113}",52.646375,-28.102611111111113,r DECam SDSS c0002 6415.0 1480.0,None,,140.0,0,2019-09-16,2019-09-16T06:47:01.961747+0000,[4674],Shen,2019B-0910,2021-03-08,decam,ct4m,ct,,object,SN-C3,stacked,wtmap,,2019-09-15,[None]
2020-11-19T11:33:45.648560+0000,c053336451875caeed199624ed4b0d1d,4092480,/data_local/images/DTS/2019B-0910/DECam_00940738.fits.fz,/net/archive/pipe/20200303/ct4m/2019B-0910/c4d_200304_003621_ose_r_v1.fits.fz,1.31,"{'gte': 54.27483333333333, 'lte': 54.27483333333333}","{'gte': -27.111805555555556, 'lte': -27.111805555555556}",54.27483333333333,-27.111805555555556,r DECam SDSS c0002 6415.0 1480.0,None,,140.0,0,2020-03-04,2020-03-04T00:36:21.855344+0000,[4674],Shen,2019B-0910,2021-08-25,decam,ct4m,ct,,object,SN-C1,stacked,expmap,,2020-03-03,[None]
2020-11-19T05:55:28.836371+0000,c1a95ab7401c4cf4a735cfbb8ce799c4,239051520,/data_local/images/DTS/2019B-0910/DECam_00917134.fits.fz,/net/archive/pipe/20191213/ct4m/2019B-0910/c4d_191214_013426_osw_i_v1.fits.fz,1.04,"{'gte': 52.64520833333333, 'lte': 52.64520833333333}","{'gte': -28.102611111111113, 'lte': -28.102611111111113}",52.64520833333333,-28.102611111111113,i DECam SDSS c0003 7835.0 1470.0,None,,180.0,0,2019-12-14,2019-12-14T01:34:26.532731+0000,[4674],Shen,2019B-0910,2021-06-05,decam,ct4m,ct,,object,SN-C3,stacked,wtmap,,2019-12-13,[None]
2020-11-18T23:35:01.536710+0000,d7dcd90f9f82f5c9c17b3fe888abaf25,253612800,/data_local/images/DTS/2019B-0910/DECam_00898457.fits.fz,/net/archive/pipe/20190926/ct4m/2019B-0910/c4d_190927_060530_osw_g_v1.fits.fz,1.09,"{'gte': 52.651291666666665, 'lte': 52.651291666666665}","{'gte': -28.100944444444448, 'lte': -28.100944444444448}",52.651291666666665,-28.100944444444448,g DECam SDSS c0001 4720.0 1520.0,None,,40.0,0,2019-09-27,2019-09-27T06:05:30.917435+0000,[4674],Shen,2019B-0910,2021-03-19,decam,ct4m,ct,,object,SN-C3,stacked,wtmap,,2019-09-26,[None]
2020-11-19T05:49:05.302387+0000,c1a8542d0f38951553f230204c8c4a5d,1186560,/data_local/images/DTS/2019B-0910/DECam_00915329.fits.fz,/net/archive/pipe/20191207/ct4m/2019B-0910/c4d_191208_015942_osd_i_v1.fits.fz,1.04,"{'gte': 52.65004166666666, 'lte': 52.65004166666666}","{'gte': -28.100194444444448, 'lte': -28.100194444444448}",52.65004166666666,-28.100194444444448,i DECam SDSS c0003 7835.0 1470.0,None,,180.0,0,2019-12-08,2019-12-08T01:59:42.007624+0000,[4674],Shen,2019B-0910,2021-05-30,decam,ct4m,ct,,object,SN-C3,stacked,dqmask,,2019-12-07,[None]
2020-11-19T06:09:18.706027+0000,c11c01e077520102cd5649ba56fc5d80,238939200,/data_local/images/DTS/2019B-0910/DECam_00921244.fits.fz,/net/archive/pipe/20191220/ct4m/2019B-0910/c4d_191221_042400_osw_r_v1.fits.fz,1.11,"{'gte': 54.274375, 'lte': 54.274375}","{'gte': -29.088027777777775, 'lte': -29.088027777777775}",54.274375,-29.088027777777775,r DECam SDSS c0002 6415.0 1480.0,None,,140.0,0,2019-12-21,2019-12-21T04:24:00.064935+0000,[4674],Shen,2019B-0910,2021-06-12,decam,ct4m,ct,,object,SN-C2,stacked,wtmap,,2019-12-20,[None]
2020-11-19T06:11:48.453531+0000,b3558a1e31be21173488f2d077bcdfa1,239025600,/data_local/images/DTS/2019B-0910/DECam_00923741.fits.fz,/net/archive/pipe/20191230/ct4m/2019B-0910/c4d_191231_031952_osw_g_v1.fits.fz,1.07,"{'gte': 54.27470833333333, 'lte': 54.27470833333333}","{'gte': -27.112305555555558, 'lte': -27.112305555555558}",54.27470833333333,-27.112305555555558,g DECam SDSS c0001 4720.0 1520.0,None,,160.0,0,2019-12-31,2019-12-31T03:19:52.334856+0000,[4674],Shen,2019B-0910,2021-06-22,decam,ct4m,ct,,object,SN-C1,stacked,wtmap,,2019-12-30,[None]
2020-11-18T23:21:31.380637+0000,daedab9a3d19b7fc9fe8876f3df1e563,1114560,/data_local/images/DTS/2019B-0910/DECam_00895698.fits.fz,/net/archive/pipe/20190915/ct4m/2019B-0910/c4d_190916_071045_osd_r_v1.fits.fz,1.07,"{'gte': 54.27299999999999, 'lte': 54.27299999999999}","{'gte': -27.111888888888892, 'lte': -27.111888888888892}",54.27299999999999,-27.111888888888892,r DECam SDSS c0002 6415.0 1480.0,None,,140.0,0,2019-09-16,2019-09-16T07:10:45.475346+0000,[4674],Shen,2019B-0910,2021-03-08,decam,ct4m,ct,,object,SN-C1,stacked,dqmask,,2019-09-15,[None]
2020-11-18T18:29:54.538718+0000,e83b9c0cf51024caaa46b5be3af56935,987840,/data_local/images/DTS/2019B-0910/DECam_00900800.fits.fz,/net/archive/pipe/20191004/ct4m/2019B-0910/c4d_191005_055718_osd_g_v1.fits.fz,1.06,"{'gte': 54.274375, 'lte': 54.274375}","{'gte': -27.111555555555558, 'lte': -27.111555555555558}",54.274375,-27.111555555555558,g DECam SDSS c0001 4720.0 1520.0,None,,320.0,0,2019-10-05,2019-10-05T05:57:18.073380+0000,[4674],Shen,2019B-0910,2021-03-27,decam,ct4m,ct,,object,SN-C1,stacked,dqmask,,2019-10-04,[None]
2020-11-18T18:29:55.567911+0000,e7bac98ddfbaef9b54d9ffa23f4d4c64,1189440,/data_local/images/DTS/2019B-0910/DECam_00900806.fits.fz,/net/archive/pipe/20191004/ct4m/2019B-0910/c4d_191005_060811_osd_g_v1.fits.fz,1.05,"{'gte': 54.27283333333333, 'lte': 54.27283333333333}","{'gte': -29.09111111111111, 'lte': -29.09111111111111}",54.27283333333333,-29.09111111111111,g DECam SDSS c0001 4720.0 1520.0,None,,20.0,0,2019-10-05,2019-10-05T06:08:11.712103+0000,[4674],Shen,2019B-0910,2021-03-27,decam,ct4m,ct,,object,SN-C2,stacked,dqmask,,2019-10-04,[None]
2020-11-19T06:11:59.639705+0000,c39acfb2ba4afdfdca30147f597653bd,333313920,/data_local/images/DTS/2019B-0910/DECam_00923752.fits.fz,/net/archive/pipe/20191230/ct4m/2019B-0910/c4d_191231_033909_osj_i_v1.fits.fz,1.1,"{'gte': 54.27391666666666, 'lte': 54.27391666666666}","{'gte': -29.088277777777776, 'lte': -29.088277777777776}",54.27391666666666,-29.088277777777776,i DECam SDSS c0003 7835.0 1470.0,None,,180.0,0,2019-12-31,2019-12-31T03:39:09.251008+0000,[4674],Shen,2019B-0910,2021-06-22,decam,ct4m,ct,,object,SN-C2,stacked,image1,,2019-12-30,[None]
2020-11-19T05:55:27.999950+0000,e6f41ee7cd64b29ab1ceacb013d9ff62,333069120,/data_local/images/DTS/2019B-0910/DECam_00917130.fits.fz,/net/archive/pipe/20191213/ct4m/2019B-0910/c4d_191214_012729_osj_g_v1.fits.fz,1.05,"{'gte': 52.648291666666665, 'lte': 52.648291666666665}","{'gte': -28.101194444444445, 'lte': -28.101194444444445}",52.648291666666665,-28.101194444444445,g DECam SDSS c0001 4720.0 1520.0,None,,160.0,0,2019-12-14,2019-12-14T01:27:29.527513+0000,[4674],Shen,2019B-0910,2021-06-05,decam,ct4m,ct,,object,SN-C3,stacked,image1,,2019-12-13,[None]
2020-11-18T18:33:12.124838+0000,c502ae531766f3f821a7fc1aaff86c9e,40593600,/data_local/images/DTS/2019B-0910/DECam_00902563.fits.fz,/net/archive/pipe/20191021/ct4m/2019B-0910/c4d_191022_073349_ose_r_v1.fits.fz,1.05,"{'gte': 52.65183333333333, 'lte': 52.65183333333333}","{'gte': -28.103333333333335, 'lte': -28.103333333333335}",52.65183333333333,-28.103333333333335,r DECam SDSS c0002 6415.0 1480.0,None,,140.0,0,2019-10-22,2019-10-22T07:33:49.557797+0000,[4674],Shen,2019B-0910,2021-04-13,decam,ct4m,ct,,object,SN-C3,stacked,expmap,,2019-10-21,[None]
2020-11-19T03:04:21.945719+0000,c76db31ed2f88cb500cbacbaab0a2996,238884480,/data_local/images/DTS/2019B-0910/DECam_00927202.fits.fz,/net/archive/pipe/20200127/ct4m/2019B-0910/c4d_200128_013309_osw_g_v1.fits.fz,1.08,"{'gte': 54.27408333333332, 'lte': 54.27408333333332}","{'gte': -27.111777777777778, 'lte': -27.111777777777778}",54.27408333333332,-27.111777777777778,g DECam SDSS c0001 4720.0 1520.0,None,,160.0,0,2020-01-28,2020-01-28T01:33:09.679793+0000,[4674],Shen,2019B-0910,2021-07-20,decam,ct4m,ct,,object,SN-C1,stacked,wtmap,,2020-01-27,[None]
2020-11-18T18:29:57.736116+0000,c6cff224422a7d4e23d591303f0513a9,242962560,/data_local/images/DTS/2019B-0910/DECam_00900807.fits.fz,/net/archive/pipe/20191004/ct4m/2019B-0910/c4d_191005_060942_osw_g_v1.fits.fz,1.04,"{'gte': 54.27354166666666, 'lte': 54.27354166666666}","{'gte': -29.08833333333333, 'lte': -29.08833333333333}",54.27354166666666,-29.08833333333333,g DECam SDSS c0001 4720.0 1520.0,None,,320.0,0,2019-10-05,2019-10-05T06:09:42.142209+0000,[4674],Shen,2019B-0910,2021-03-27,decam,ct4m,ct,,object,SN-C2,stacked,wtmap,,2019-10-04,[None]
2020-11-18T21:08:34.843076+0000,c8b5e6e692828079d21b9090038adc67,1301760,/data_local/images/DTS/2019B-0910/DECam_00912521.fits.fz,/net/archive/pipe/20191130/ct4m/2019B-0910/c4d_191201_011404_osd_g_v1.fits.fz,1.19,"{'gte': 54.272666666666666, 'lte': 54.272666666666666}","{'gte': -27.112972222222222, 'lte': -27.112972222222222}",54.272666666666666,-27.112972222222222,g DECam SDSS c0001 4720.0 1520.0,None,,160.0,0,2019-12-01,2019-12-01T01:14:04.699331+0000,[4674],Shen,2019B-0910,2021-05-23,decam,ct4m,ct,,object,SN-C1,stacked,dqmask,,2019-11-30,[None]
2020-11-19T03:19:45.438356+0000,ae9f11fdbffbeee3aad2d05199311383,237450240,/data_local/images/DTS/2019B-0910/DECam_00908573.fits.fz,/net/archive/pipe/20191116/ct4m/2019B-0910/c4d_191117_024417_osw_r_v1.fits.fz,1.1,"{'gte': 54.273624999999996, 'lte': 54.273624999999996}","{'gte': -29.088555555555555, 'lte': -29.088555555555555}",54.273624999999996,-29.088555555555555,r DECam SDSS c0002 6415.0 1480.0,None,,140.0,0,2019-11-17,2019-11-17T02:44:17.626344+0000,[4674],Shen,2019B-0910,2021-05-09,decam,ct4m,ct,,object,SN-C2,stacked,wtmap,,2019-11-16,[None]
2020-11-19T06:11:54.605710+0000,c435a229935d56f6e7c557a5bd40fe88,4677120,/data_local/images/DTS/2019B-0910/DECam_00923750.fits.fz,/net/archive/pipe/20191230/ct4m/2019B-0910/c4d_191231_033551_ose_r_v1.fits.fz,1.1,"{'gte': 54.273624999999996, 'lte': 54.273624999999996}","{'gte': -29.08825, 'lte': -29.08825}",54.273624999999996,-29.08825,r DECam SDSS c0002 6415.0 1480.0,None,,140.0,0,2019-12-31,2019-12-31T03:35:51.643236+0000,[4674],Shen,2019B-0910,2021-06-22,decam,ct4m,ct,,object,SN-C2,stacked,expmap,,2019-12-30,[None]
2020-11-18T18:33:14.808359+0000,c79bf2525ee4a786268e7f3632dc6030,13731840,/data_local/images/DTS/2019B-0910/DECam_00902582.fits.fz,/net/archive/pipe/20191021/ct4m/2019B-0910/c4d_191022_081032_ose_r_v1.fits.fz,1.09,"{'gte': 54.27358333333333, 'lte': 54.27358333333333}","{'gte': -29.088777777777775, 'lte': -29.088777777777775}",54.27358333333333,-29.088777777777775,r DECam SDSS c0002 6415.0 1480.0,None,,140.0,0,2019-10-22,2019-10-22T08:10:32.860639+0000,[4674],Shen,2019B-0910,2021-04-13,decam,ct4m,ct,,object,SN-C2,stacked,expmap,,2019-10-21,[None]
2020-11-18T23:35:05.742163+0000,c68f82c0b5f1478f30db79342a50fe40,338270400,/data_local/images/DTS/2019B-0910/DECam_00898477.fits.fz,/net/archive/pipe/20190926/ct4m/2019B-0910/c4d_190927_064318_osj_g_v1.fits.fz,1.04,"{'gte': 54.273666666666664, 'lte': 54.273666666666664}","{'gte': -29.088472222222222, 'lte': -29.088472222222222}",54.273666666666664,-29.088472222222222,g DECam SDSS c0001 4720.0 1520.0,None,,160.0,0,2019-09-27,2019-09-27T06:43:18.472706+0000,[4674],Shen,2019B-0910,2021-03-19,decam,ct4m,ct,,object,SN-C2,stacked,image1,,2019-09-26,[None]
2020-11-19T06:11:18.190762+0000,e9e0d83ac03c81bf64ccf234ed5f7f62,4858560,/data_local/images/DTS/2019B-0910/DECam_00925473.fits.fz,/net/archive/pipe/20200120/ct4m/2019B-0910/c4d_200121_031616_ose_g_v1.fits.fz,1.29,"{'gte': 52.65041666666666, 'lte': 52.65041666666666}","{'gte': -28.10002777777778, 'lte': -28.10002777777778}",52.65041666666666,-28.10002777777778,g DECam SDSS c0001 4720.0 1520.0,None,,160.0,0,2020-01-21,2020-01-21T03:16:16.259809+0000,[4674],Shen,2019B-0910,2021-07-13,decam,ct4m,ct,,object,SN-C3,stacked,expmap,,2020-01-20,[None]
2020-11-19T05:49:05.639775+0000,c441f76ea74460bd586ae19a7e158a3b,337256640,/data_local/images/DTS/2019B-0910/DECam_00915325.fits.fz,/net/archive/pipe/20191207/ct4m/2019B-0910/c4d_191208_015247_osj_g_v1.fits.fz,1.04,"{'gte': 52.64962499999999, 'lte': 52.64962499999999}","{'gte': -28.100305555555558, 'lte': -28.100305555555558}",52.64962499999999,-28.100305555555558,g DECam SDSS c0001 4720.0 1520.0,None,,160.0,0,2019-12-08,2019-12-08T01:52:47.221162+0000,[4674],Shen,2019B-0910,2021-05-30,decam,ct4m,ct,,object,SN-C3,stacked,image1,,2019-12-07,[None]
2020-11-18T18:52:45.465664+0000,d2ac2d28adeec2e6b24cf04ce106d08e,3870720,/data_local/images/DTS/2019B-0910/DECam_00906064.fits.fz,/net/archive/pipe/20191104/ct4m/2019B-0910/c4d_191105_031035_ose_g_v1.fits.fz,1.13,"{'gte': 52.650541666666655, 'lte': 52.650541666666655}","{'gte': -28.102777777777778, 'lte': -28.102777777777778}",52.650541666666655,-28.102777777777778,g DECam SDSS c0001 4720.0 1520.0,None,,20.0,0,2019-11-05,2019-11-05T03:10:35.940991+0000,[4674],Shen,2019B-0910,2021-04-27,decam,ct4m,ct,,object,SN-C3,stacked,expmap,,2019-11-04,[None]
2020-11-19T11:35:03.614311+0000,c40ab7a2feed202a9be25e71da8ad17d,238351680,/data_local/images/DTS/2019B-0910/DECam_00940738.fits.fz,/net/archive/pipe/20200303/ct4m/2019B-0910/c4d_200304_003621_osw_r_v1.fits.fz,1.31,"{'gte': 54.27483333333333, 'lte': 54.27483333333333}","{'gte': -27.111805555555556, 'lte': -27.111805555555556}",54.27483333333333,-27.111805555555556,r DECam SDSS c0002 6415.0 1480.0,None,,140.0,0,2020-03-04,2020-03-04T00:36:21.855344+0000,[4674],Shen,2019B-0910,2021-08-25,decam,ct4m,ct,,object,SN-C1,stacked,wtmap,,2020-03-03,[None]
2020-11-19T06:39:09.880618+0000,c724ee5cebb63c256c9a85b4b38f2bdc,1676160,/data_local/images/DTS/2019B-0910/DECam_00908571.fits.fz,/net/archive/pipe/20191116/ct4m/2019B-0910/c4d_191117_024040_osd_g_v1.fits.fz,1.11,"{'gte': 54.27345833333332, 'lte': 54.27345833333332}","{'gte': -29.088472222222222, 'lte': -29.088472222222222}",54.27345833333332,-29.088472222222222,g DECam SDSS c0001 4720.0 1520.0,None,,160.0,0,2019-11-17,2019-11-17T02:40:40.407991+0000,[4674],Shen,2019B-0910,2021-05-09,decam,ct4m,ct,,object,SN-C2,stacked,dqmask,,2019-11-16,[None]
2020-11-19T06:11:50.767200+0000,c76ef03bc78f4cf577c6c0d7b8fc00ef,239088960,/data_local/images/DTS/2019B-0910/DECam_00923733.fits.fz,/net/archive/pipe/20191230/ct4m/2019B-0910/c4d_191231_030553_osw_g_v1.fits.fz,1.06,"{'gte': 52.651708333333325, 'lte': 52.651708333333325}","{'gte': -28.102055555555555, 'lte': -28.102055555555555}",52.651708333333325,-28.102055555555555,g DECam SDSS c0001 4720.0 1520.0,None,,20.0,0,2019-12-31,2019-12-31T03:05:53.733381+0000,[4674],Shen,2019B-0910,2021-06-22,decam,ct4m,ct,,object,SN-C3,stacked,wtmap,,2019-12-30,[None]
2020-11-18T19:37:49.758346+0000,d4d567223711b9e8c3462ab955a20f3f,878400,/data_local/images/DTS/2019B-0910/DECam_00898460.fits.fz,/net/archive/pipe/20190926/ct4m/2019B-0910/c4d_190927_061045_osd_r_v1.fits.fz,1.08,"{'gte': 52.64645833333332, 'lte': 52.64645833333332}","{'gte': -28.102777777777778, 'lte': -28.102777777777778}",52.64645833333332,-28.102777777777778,r DECam SDSS c0002 6415.0 1480.0,None,,280.0,0,2019-09-27,2019-09-27T06:10:45.503730+0000,[4674],Shen,2019B-0910,2021-03-19,decam,ct4m,ct,,object,SN-C3,stacked,dqmask,,2019-09-26,[None]
2020-11-18T18:33:01.129011+0000,ed50d0216f3c872d01edf4a170b182d1,5512320,/data_local/images/DTS/2019B-0910/DECam_00902560.fits.fz,/net/archive/pipe/20191021/ct4m/2019B-0910/c4d_191022_072805_ose_g_v1.fits.fz,1.04,"{'gte': 52.651916666666665, 'lte': 52.651916666666665}","{'gte': -28.102972222222224, 'lte': -28.102972222222224}",52.651916666666665,-28.102972222222224,g DECam SDSS c0001 4720.0 1520.0,None,,20.0,0,2019-10-22,2019-10-22T07:28:05.714096+0000,[4674],Shen,2019B-0910,2021-04-13,decam,ct4m,ct,,object,SN-C3,stacked,expmap,,2019-10-21,[None]
2020-11-19T07:25:25.233913+0000,c8762f87921b08c3df8561ef0f1180f3,1186560,/data_local/images/DTS/2019B-0910/DECam_00915313.fits.fz,/net/archive/pipe/20191207/ct4m/2019B-0910/c4d_191208_013131_osd_r_v1.fits.fz,1.09,"{'gte': 54.27083333333333, 'lte': 54.27083333333333}","{'gte': -27.11486111111111, 'lte': -27.11486111111111}",54.27083333333333,-27.11486111111111,r DECam SDSS c0002 6415.0 1480.0,None,,140.0,0,2019-12-08,2019-12-08T01:31:31.075659+0000,[4674],Shen,2019B-0910,2021-05-30,decam,ct4m,ct,,object,SN-C1,stacked,dqmask,,2019-12-07,[None]
2020-11-19T06:39:46.221715+0000,d57f6294552a6a6abd89f5fe39c63025,334175040,/data_local/images/DTS/2019B-0910/DECam_00925489.fits.fz,/net/archive/pipe/20200120/ct4m/2019B-0910/c4d_200121_034458_osj_r_v1.fits.fz,1.38,"{'gte': 54.27445833333332, 'lte': 54.27445833333332}","{'gte': -29.088666666666665, 'lte': -29.088666666666665}",54.27445833333332,-29.088666666666665,r DECam SDSS c0002 6415.0 1480.0,None,,140.0,0,2020-01-21,2020-01-21T03:44:58.539314+0000,[4674],Shen,2019B-0910,2021-07-13,decam,ct4m,ct,,object,SN-C2,stacked,image1,,2020-01-20,[None]
2020-11-19T07:25:25.246945+0000,d9424bda30cb0ec4e4ad400e2eb916d5,239181120,/data_local/images/DTS/2019B-0910/DECam_00915313.fits.fz,/net/archive/pipe/20191207/ct4m/2019B-0910/c4d_191208_013131_osw_r_v1.fits.fz,1.09,"{'gte': 54.27083333333333, 'lte': 54.27083333333333}","{'gte': -27.11486111111111, 'lte': -27.11486111111111}",54.27083333333333,-27.11486111111111,r DECam SDSS c0002 6415.0 1480.0,None,,140.0,0,2019-12-08,2019-12-08T01:31:31.075659+0000,[4674],Shen,2019B-0910,2021-05-30,decam,ct4m,ct,,object,SN-C1,stacked,wtmap,,2019-12-07,[None]
2020-11-19T10:55:00.524370+0000,d91a1b7dd75a5af03472984633717657,1454400,/data_local/images/DTS/2019B-0910/DECam_00892224.fits.fz,/net/archive/pipe/20190830/ct4m/2019B-0910/c4d_190831_080338_osd_r_v1.fits.fz,1.08,"{'gte': 54.281749999999995, 'lte': 54.281749999999995}","{'gte': -27.116305555555556, 'lte': -27.116305555555556}",54.281749999999995,-27.116305555555556,r DECam SDSS c0002 6415.0 1480.0,None,,140.0,0,2019-08-31,2019-08-31T08:03:38.356329+0000,[4674],Shen,2019B-0910,2021-02-20,decam,ct4m,ct,,object,SN-C1,stacked,dqmask,,2019-08-30,[None]
2020-11-19T06:09:17.796882+0000,ef846daca9aab0af2c69356df68fd52e,240471360,/data_local/images/DTS/2019B-0910/DECam_00921217.fits.fz,/net/archive/pipe/20191220/ct4m/2019B-0910/c4d_191221_033056_osw_g_v1.fits.fz,1.04,"{'gte': 52.65145833333333, 'lte': 52.65145833333333}","{'gte': -28.102444444444444, 'lte': -28.102444444444444}",52.65145833333333,-28.102444444444444,g DECam SDSS c0001 4720.0 1520.0,None,,20.0,0,2019-12-21,2019-12-21T03:30:56.267555+0000,[4674],Shen,2019B-0910,2021-06-12,decam,ct4m,ct,,object,SN-C3,stacked,wtmap,,2019-12-20,[None]
2020-11-19T06:39:26.157590+0000,cab084a5e1a3f8cff46d36aaf7585178,238933440,/data_local/images/DTS/2019B-0910/DECam_00915329.fits.fz,/net/archive/pipe/20191207/ct4m/2019B-0910/c4d_191208_015942_osw_i_v1.fits.fz,1.04,"{'gte': 52.65004166666666, 'lte': 52.65004166666666}","{'gte': -28.100194444444448, 'lte': -28.100194444444448}",52.65004166666666,-28.100194444444448,i DECam SDSS c0003 7835.0 1470.0,None,,180.0,0,2019-12-08,2019-12-08T01:59:42.007624+0000,[4674],Shen,2019B-0910,2021-05-30,decam,ct4m,ct,,object,SN-C3,stacked,wtmap,,2019-12-07,[None]
2020-11-19T03:19:45.946278+0000,d5346ddc394a10761db3d1376100e3eb,337720320,/data_local/images/DTS/2019B-0910/DECam_00908561.fits.fz,/net/archive/pipe/20191116/ct4m/2019B-0910/c4d_191117_022009_osj_r_v1.fits.fz,1.16,"{'gte': 54.273999999999994, 'lte': 54.273999999999994}","{'gte': -27.111805555555556, 'lte': -27.111805555555556}",54.273999999999994,-27.111805555555556,r DECam SDSS c0002 6415.0 1480.0,None,,140.0,0,2019-11-17,2019-11-17T02:20:09.121999+0000,[4674],Shen,2019B-0910,2021-05-09,decam,ct4m,ct,,object,SN-C1,stacked,image1,,2019-11-16,[None]
2020-11-19T04:36:25.691662+0000,ce1e169d1fe37679784eccb8bfe28f83,238924800,/data_local/images/DTS/2019B-0910/DECam_00927213.fits.fz,/net/archive/pipe/20200127/ct4m/2019B-0910/c4d_200128_015226_osw_i_v1.fits.fz,1.11,"{'gte': 54.273624999999996, 'lte': 54.273624999999996}","{'gte': -29.08908333333333, 'lte': -29.08908333333333}",54.273624999999996,-29.08908333333333,i DECam SDSS c0003 7835.0 1470.0,None,,180.0,0,2020-01-28,2020-01-28T01:52:26.288993+0000,[4674],Shen,2019B-0910,2021-07-20,decam,ct4m,ct,,object,SN-C2,stacked,wtmap,,2020-01-27,[None]
2020-11-19T02:48:16.933592+0000,cfe1f5845eebdd29e827184045007bf8,1065600,/data_local/images/DTS/2019B-0910/DECam_00912544.fits.fz,/net/archive/pipe/20191130/ct4m/2019B-0910/c4d_191201_020017_osd_g_v1.fits.fz,1.07,"{'gte': 52.649499999999996, 'lte': 52.649499999999996}","{'gte': -28.103083333333334, 'lte': -28.103083333333334}",52.649499999999996,-28.103083333333334,g DECam SDSS c0001 4720.0 1520.0,None,,20.0,0,2019-12-01,2019-12-01T02:00:17.452526+0000,[4674],Shen,2019B-0910,2021-05-23,decam,ct4m,ct,,object,SN-C3,stacked,dqmask,,2019-11-30,[None]
2020-11-19T05:55:29.990539+0000,c9ae6000fb7c76b54eacf426b02f3faa,1186560,/data_local/images/DTS/2019B-0910/DECam_00917137.fits.fz,/net/archive/pipe/20191213/ct4m/2019B-0910/c4d_191214_014002_osd_g_v1.fits.fz,1.04,"{'gte': 54.27508333333333, 'lte': 54.27508333333333}","{'gte': -27.112194444444444, 'lte': -27.112194444444444}",54.27508333333333,-27.112194444444444,g DECam SDSS c0001 4720.0 1520.0,None,,160.0,0,2019-12-14,2019-12-14T01:40:02.206190+0000,[4674],Shen,2019B-0910,2021-06-05,decam,ct4m,ct,,object,SN-C1,stacked,dqmask,,2019-12-13,[None]
2020-11-19T06:11:18.217359+0000,f1e134567cc6dbb1f2133d6b826774da,1088640,/data_local/images/DTS/2019B-0910/DECam_00925472.fits.fz,/net/archive/pipe/20200120/ct4m/2019B-0910/c4d_200121_031440_osd_g_v1.fits.fz,1.29,"{'gte': 52.65149999999999, 'lte': 52.65149999999999}","{'gte': -28.102111111111114, 'lte': -28.102111111111114}",52.65149999999999,-28.102111111111114,g DECam SDSS c0001 4720.0 1520.0,None,,20.0,0,2020-01-21,2020-01-21T03:14:40.903715+0000,[4674],Shen,2019B-0910,2021-07-13,decam,ct4m,ct,,object,SN-C3,stacked,dqmask,,2020-01-20,[None]
2020-11-19T03:19:45.463082+0000,cb065558a08c35203c546807d7704803,5083200,/data_local/images/DTS/2019B-0910/DECam_00908575.fits.fz,/net/archive/pipe/20191116/ct4m/2019B-0910/c4d_191117_024733_ose_i_v1.fits.fz,1.09,"{'gte': 54.27345833333332, 'lte': 54.27345833333332}","{'gte': -29.0885, 'lte': -29.0885}",54.27345833333332,-29.0885,i DECam SDSS c0003 7835.0 1470.0,None,,180.0,0,2019-11-17,2019-11-17T02:47:33.109440+0000,[4674],Shen,2019B-0910,2021-05-09,decam,ct4m,ct,,object,SN-C2,stacked,expmap,,2019-11-16,[None]
2020-11-18T18:33:14.845934+0000,cd48c363925abd033211d936895cb360,1177920,/data_local/images/DTS/2019B-0910/DECam_00902577.fits.fz,/net/archive/pipe/20191021/ct4m/2019B-0910/c4d_191022_080123_osd_i_v1.fits.fz,1.08,"{'gte': 54.275749999999995, 'lte': 54.275749999999995}","{'gte': -27.112833333333334, 'lte': -27.112833333333334}",54.275749999999995,-27.112833333333334,i DECam SDSS c0003 7835.0 1470.0,None,,180.0,0,2019-10-22,2019-10-22T08:01:23.545321+0000,[4674],Shen,2019B-0910,2021-04-13,decam,ct4m,ct,,object,SN-C1,stacked,dqmask,,2019-10-21,[None]
2020-11-19T06:39:09.976574+0000,dc4abc5e0592a1629ed9b52f34286b8e,2448000,/data_local/images/DTS/2019B-0910/DECam_00908587.fits.fz,/net/archive/pipe/20191116/ct4m/2019B-0910/c4d_191117_031141_osd_i_v1.fits.fz,1.05,"{'gte': 52.649583333333325, 'lte': 52.649583333333325}","{'gte': -28.099916666666665, 'lte': -28.099916666666665}",52.649583333333325,-28.099916666666665,i DECam SDSS c0003 7835.0 1470.0,None,,180.0,0,2019-11-17,2019-11-17T03:11:41.463385+0000,[4674],Shen,2019B-0910,2021-05-09,decam,ct4m,ct,,object,SN-C3,stacked,dqmask,,2019-11-16,[None]
2020-11-19T05:55:26.725494+0000,cc944940948e8fc54c402d36a73bdb63,336965760,/data_local/images/DTS/2019B-0910/DECam_00917132.fits.fz,/net/archive/pipe/20191213/ct4m/2019B-0910/c4d_191214_013108_osj_r_v1.fits.fz,1.04,"{'gte': 52.646375, 'lte': 52.646375}","{'gte': -28.10152777777778, 'lte': -28.10152777777778}",52.646375,-28.10152777777778,r DECam SDSS c0002 6415.0 1480.0,None,,140.0,0,2019-12-14,2019-12-14T01:31:08.134018+0000,[4674],Shen,2019B-0910,2021-06-05,decam,ct4m,ct,,object,SN-C3,stacked,image1,,2019-12-13,[None]
2020-11-19T06:39:45.345602+0000,d830f571ac802d19eb365d723bc14d4f,238167360,/data_local/images/DTS/2019B-0910/DECam_00925484.fits.fz,/net/archive/pipe/20200120/ct4m/2019B-0910/c4d_200121_033547_osw_i_v1.fits.fz,1.35,"{'gte': 54.27470833333333, 'lte': 54.27470833333333}","{'gte': -27.110972222222223, 'lte': -27.110972222222223}",54.27470833333333,-27.110972222222223,i DECam SDSS c0003 7835.0 1470.0,None,,180.0,0,2020-01-21,2020-01-21T03:35:47.674765+0000,[4674],Shen,2019B-0910,2021-07-13,decam,ct4m,ct,,object,SN-C1,stacked,wtmap,,2020-01-20,[None]
2020-11-18T23:20:05.791537+0000,dc4e546069e9301d4b145cce0671f89e,1143360,/data_local/images/DTS/2019B-0910/DECam_00892206.fits.fz,/net/archive/pipe/20190830/ct4m/2019B-0910/c4d_190831_072012_osd_g_v1.fits.fz,1.16,"{'gte': 52.646583333333325, 'lte': 52.646583333333325}","{'gte': -28.10238888888889, 'lte': -28.10238888888889}",52.646583333333325,-28.10238888888889,g DECam SDSS c0001 4720.0 1520.0,None,,20.0,0,2019-08-31,2019-08-31T07:20:12.224231+0000,[4674],Shen,2019B-0910,2021-02-20,decam,ct4m,ct,,object,SN-C3,stacked,dqmask,,2019-08-30,[None]
2020-11-18T23:35:05.948047+0000,c98656f868fd4c88b219081c1c6fd7b2,3389760,/data_local/images/DTS/2019B-0910/DECam_00898479.fits.fz,/net/archive/pipe/20190926/ct4m/2019B-0910/c4d_190927_064654_ose_r_v1.fits.fz,1.04,"{'gte': 54.27375, 'lte': 54.27375}","{'gte': -29.08747222222222, 'lte': -29.08747222222222}",54.27375,-29.08747222222222,r DECam SDSS c0002 6415.0 1480.0,None,,140.0,0,2019-09-27,2019-09-27T06:46:54.175792+0000,[4674],Shen,2019B-0910,2021-03-19,decam,ct4m,ct,,object,SN-C2,stacked,expmap,,2019-09-26,[None]
2020-11-19T06:39:26.232307+0000,dea27aaf779ce56cb64ddbe4631cb2b6,1056960,/data_local/images/DTS/2019B-0910/DECam_00915311.fits.fz,/net/archive/pipe/20191207/ct4m/2019B-0910/c4d_191208_012752_osd_g_v1.fits.fz,1.09,"{'gte': 54.27237499999999, 'lte': 54.27237499999999}","{'gte': -27.113194444444446, 'lte': -27.113194444444446}",54.27237499999999,-27.113194444444446,g DECam SDSS c0001 4720.0 1520.0,None,,160.0,0,2019-12-08,2019-12-08T01:27:52.164712+0000,[4674],Shen,2019B-0910,2021-05-30,decam,ct4m,ct,,object,SN-C1,stacked,dqmask,,2019-12-07,[None]
2020-11-19T06:07:24.029301+0000,d43bacff156483b90f82cda0bf21e971,1445760,/data_local/images/DTS/2019B-0910/DECam_00921230.fits.fz,/net/archive/pipe/20191220/ct4m/2019B-0910/c4d_191221_035558_osd_g_v1.fits.fz,1.07,"{'gte': 54.273999999999994, 'lte': 54.273999999999994}","{'gte': -27.112361111111113, 'lte': -27.112361111111113}",54.273999999999994,-27.112361111111113,g DECam SDSS c0001 4720.0 1520.0,None,,160.0,0,2019-12-21,2019-12-21T03:55:58.419716+0000,[4674],Shen,2019B-0910,2021-06-12,decam,ct4m,ct,,object,SN-C1,stacked,dqmask,,2019-12-20,[None]
2020-11-19T03:27:40.287087+0000,cff9736e3221e073c70064d2f65b548f,333247680,/data_local/images/DTS/2019B-0910/DECam_00908571.fits.fz,/net/archive/pipe/20191116/ct4m/2019B-0910/c4d_191117_024040_osj_g_v1.fits.fz,1.11,"{'gte': 54.27345833333332, 'lte': 54.27345833333332}","{'gte': -29.088472222222222, 'lte': -29.088472222222222}",54.27345833333332,-29.088472222222222,g DECam SDSS c0001 4720.0 1520.0,None,,160.0,0,2019-11-17,2019-11-17T02:40:40.407991+0000,[4674],Shen,2019B-0910,2021-05-09,decam,ct4m,ct,,object,SN-C2,stacked,image1,,2019-11-16,[None]
2020-11-19T05:55:30.614083+0000,d6455a27197fc6b133c33735fc008654,4636800,/data_local/images/DTS/2019B-0910/DECam_00917146.fits.fz,/net/archive/pipe/20191213/ct4m/2019B-0910/c4d_191214_015600_ose_r_v1.fits.fz,1.02,"{'gte': 54.275375, 'lte': 54.275375}","{'gte': -29.088277777777776, 'lte': -29.088277777777776}",54.275375,-29.088277777777776,r DECam SDSS c0002 6415.0 1480.0,None,,140.0,0,2019-12-14,2019-12-14T01:56:00.940679+0000,[4674],Shen,2019B-0910,2021-06-05,decam,ct4m,ct,,object,SN-C2,stacked,expmap,,2019-12-13,[None]
2020-11-19T02:53:30.027994+0000,d1bcaec6a71b13ed60b15d215ceb5d66,338256000,/data_local/images/DTS/2019B-0910/DECam_00925100.fits.fz,/net/archive/pipe/20200105/ct4m/2019B-0910/c4d_200106_032319_osj_g_v1.fits.fz,1.12,"{'gte': 54.27349999999999, 'lte': 54.27349999999999}","{'gte': -27.112305555555558, 'lte': -27.112305555555558}",54.27349999999999,-27.112305555555558,g DECam SDSS c0001 4720.0 1520.0,None,,160.0,0,2020-01-06,2020-01-06T03:23:19.126506+0000,[4674],Shen,2019B-0910,2021-06-28,decam,ct4m,ct,,object,SN-C1,stacked,image1,,2020-01-05,[None]
2020-11-19T12:24:52.772736+0000,cc2ec119310752ed78c1104d6a1bc5c4,3942720,/data_local/images/DTS/2019B-0910/DECam_00940736.fits.fz,/net/archive/pipe/20200303/ct4m/2019B-0910/c4d_200304_003235_ose_g_v1.fits.fz,1.29,"{'gte': 54.274916666666655, 'lte': 54.274916666666655}","{'gte': -27.112250000000003, 'lte': -27.112250000000003}",54.274916666666655,-27.112250000000003,g DECam SDSS c0001 4720.0 1520.0,None,,160.0,0,2020-03-04,2020-03-04T00:32:35.131887+0000,[4674],Shen,2019B-0910,2021-08-25,decam,ct4m,ct,,object,SN-C1,stacked,expmap,,2020-03-03,[None]
2020-11-19T03:19:44.550857+0000,dab8a53344afe117b611aafd6df92bc5,237640320,/data_local/images/DTS/2019B-0910/DECam_00908559.fits.fz,/net/archive/pipe/20191116/ct4m/2019B-0910/c4d_191117_021631_osw_g_v1.fits.fz,1.17,"{'gte': 54.27375, 'lte': 54.27375}","{'gte': -27.11175, 'lte': -27.11175}",54.27375,-27.11175,g DECam SDSS c0001 4720.0 1520.0,None,,160.0,0,2019-11-17,2019-11-17T02:16:31.588656+0000,[4674],Shen,2019B-0910,2021-05-09,decam,ct4m,ct,,object,SN-C1,stacked,wtmap,,2019-11-16,[None]
2020-11-19T03:19:47.080690+0000,da4b4fd3abe6f38eb0a6cb677b44e1d0,4777920,/data_local/images/DTS/2019B-0910/DECam_00908585.fits.fz,/net/archive/pipe/20191116/ct4m/2019B-0910/c4d_191117_030823_ose_r_v1.fits.fz,1.05,"{'gte': 52.649833333333326, 'lte': 52.649833333333326}","{'gte': -28.09986111111111, 'lte': -28.09986111111111}",52.649833333333326,-28.09986111111111,r DECam SDSS c0002 6415.0 1480.0,None,,140.0,0,2019-11-17,2019-11-17T03:08:23.964879+0000,[4674],Shen,2019B-0910,2021-05-09,decam,ct4m,ct,,object,SN-C3,stacked,expmap,,2019-11-16,[None]
2020-11-19T03:01:12.194690+0000,dc133e851ce4d2e9b406d110ca09456f,346032000,/data_local/images/DTS/2019B-0910/DECam_00927197.fits.fz,/net/archive/pipe/20200127/ct4m/2019B-0910/c4d_200128_012421_osj_r_v1.fits.fz,1.07,"{'gte': 52.65154166666666, 'lte': 52.65154166666666}","{'gte': -28.10002777777778, 'lte': -28.10002777777778}",52.65154166666666,-28.10002777777778,r DECam SDSS c0002 6415.0 1480.0,None,,280.0,0,2020-01-28,2020-01-28T01:24:21.304367+0000,[4674],Shen,2019B-0910,2021-07-20,decam,ct4m,ct,,object,SN-C3,stacked,image1,,2020-01-27,[None]
2020-11-19T04:49:15.734644+0000,e0805f1d06c37cee037800ae3715a4a7,1451520,/data_local/images/DTS/2019B-0910/DECam_00906055.fits.fz,/net/archive/pipe/20191104/ct4m/2019B-0910/c4d_191105_025135_osd_r_v1.fits.fz,1.2,"{'gte': 54.273999999999994, 'lte': 54.273999999999994}","{'gte': -29.08897222222222, 'lte': -29.08897222222222}",54.273999999999994,-29.08897222222222,r DECam SDSS c0002 6415.0 1480.0,None,,140.0,0,2019-11-05,2019-11-05T02:51:35.305643+0000,[4674],Shen,2019B-0910,2021-04-27,decam,ct4m,ct,,object,SN-C2,stacked,dqmask,,2019-11-04,[None]
2020-11-19T10:12:26.680779+0000,d7bffbadf0b56c2373b442d114248208,1543680,/data_local/images/DTS/2019B-0910/DECam_00889321.fits.fz,/net/archive/pipe/20190821/ct4m/2019B-0910/c4d_190822_082802_osd_r_v1.fits.fz,1.1,"{'gte': 54.272458333333326, 'lte': 54.272458333333326}","{'gte': -29.088583333333332, 'lte': -29.088583333333332}",54.272458333333326,-29.088583333333332,r DECam SDSS c0002 6415.0 1480.0,None,,140.0,0,2019-08-22,2019-08-22T08:28:02.812759+0000,[4674],Shen,2019B-0910,2021-02-11,decam,ct4m,ct,,object,SN-C2,stacked,dqmask,,2019-08-21,[None]
2020-11-19T06:39:39.292059+0000,d5780e90832fe0fa49a52a19745eeed2,1209600,/data_local/images/DTS/2019B-0910/DECam_00921222.fits.fz,/net/archive/pipe/20191220/ct4m/2019B-0910/c4d_191221_033928_osd_i_v1.fits.fz,1.05,"{'gte': 52.650541666666655, 'lte': 52.650541666666655}","{'gte': -28.098694444444444, 'lte': -28.098694444444444}",52.650541666666655,-28.098694444444444,i DECam SDSS c0003 7835.0 1470.0,None,,180.0,0,2019-12-21,2019-12-21T03:39:28.689666+0000,[4674],Shen,2019B-0910,2021-06-12,decam,ct4m,ct,,object,SN-C3,stacked,dqmask,,2019-12-20,[None]
2020-11-19T03:01:12.145248+0000,ce37c83c999d7194a8b43e281329eeeb,9218880,/data_local/images/DTS/2019B-0910/DECam_00927197.fits.fz,/net/archive/pipe/20200127/ct4m/2019B-0910/c4d_200128_012421_ose_r_v1.fits.fz,1.07,"{'gte': 52.65154166666666, 'lte': 52.65154166666666}","{'gte': -28.10002777777778, 'lte': -28.10002777777778}",52.65154166666666,-28.10002777777778,r DECam SDSS c0002 6415.0 1480.0,None,,280.0,0,2020-01-28,2020-01-28T01:24:21.304367+0000,[4674],Shen,2019B-0910,2021-07-20,decam,ct4m,ct,,object,SN-C3,stacked,expmap,,2020-01-27,[None]
2020-11-18T18:52:40.433111+0000,d61b98235e16ce8ec151d6f8eec9dbe9,1434240,/data_local/images/DTS/2019B-0910/DECam_00906043.fits.fz,/net/archive/pipe/20191104/ct4m/2019B-0910/c4d_191105_022722_osd_r_v1.fits.fz,1.29,"{'gte': 54.273708333333325, 'lte': 54.273708333333325}","{'gte': -27.11052777777778, 'lte': -27.11052777777778}",54.273708333333325,-27.11052777777778,r DECam SDSS c0002 6415.0 1480.0,None,,140.0,0,2019-11-05,2019-11-05T02:27:22.674127+0000,[4674],Shen,2019B-0910,2021-04-27,decam,ct4m,ct,,object,SN-C1,stacked,dqmask,,2019-11-04,[None]
2020-11-18T20:50:49.086356+0000,e0f6f00e5e211d43b9fe2fd14458b8c1,1339200,/data_local/images/DTS/2019B-0910/DECam_00906065.fits.fz,/net/archive/pipe/20191104/ct4m/2019B-0910/c4d_191105_031211_osd_g_v1.fits.fz,1.13,"{'gte': 52.650499999999994, 'lte': 52.650499999999994}","{'gte': -28.100083333333334, 'lte': -28.100083333333334}",52.650499999999994,-28.100083333333334,g DECam SDSS c0001 4720.0 1520.0,None,,160.0,0,2019-11-05,2019-11-05T03:12:11.785665+0000,[4674],Shen,2019B-0910,2021-04-27,decam,ct4m,ct,,object,SN-C3,stacked,dqmask,,2019-11-04,[None]
2020-11-19T06:11:21.707184+0000,d53c096c00d402092466e3f682196401,238383360,/data_local/images/DTS/2019B-0910/DECam_00925482.fits.fz,/net/archive/pipe/20200120/ct4m/2019B-0910/c4d_200121_033230_osw_r_v1.fits.fz,1.34,"{'gte': 54.274874999999994, 'lte': 54.274874999999994}","{'gte': -27.110944444444446, 'lte': -27.110944444444446}",54.274874999999994,-27.110944444444446,r DECam SDSS c0002 6415.0 1480.0,None,,140.0,0,2020-01-21,2020-01-21T03:32:30.819568+0000,[4674],Shen,2019B-0910,2021-07-13,decam,ct4m,ct,,object,SN-C1,stacked,wtmap,,2020-01-20,[None]
2020-11-18T18:30:00.874241+0000,f6569e10c810478111f93834f47fbfc4,338970240,/data_local/images/DTS/2019B-0910/DECam_00900804.fits.fz,/net/archive/pipe/20191004/ct4m/2019B-0910/c4d_191005_060415_osj_i_v1.fits.fz,1.05,"{'gte': 54.274125, 'lte': 54.274125}","{'gte': -27.11127777777778, 'lte': -27.11127777777778}",54.274125,-27.11127777777778,i DECam SDSS c0003 7835.0 1470.0,None,,360.0,0,2019-10-05,2019-10-05T06:04:15.001600+0000,[4674],Shen,2019B-0910,2021-03-27,decam,ct4m,ct,,object,SN-C1,stacked,image1,,2019-10-04,[None]
2020-11-18T23:26:13.014027+0000,e15db45bd98a85b0ac4d02d1e6161238,344067840,/data_local/images/DTS/2019B-0910/DECam_00895683.fits.fz,/net/archive/pipe/20190915/ct4m/2019B-0910/c4d_190916_064148_osj_g_v1.fits.fz,1.1,"{'gte': 52.65266666666666, 'lte': 52.65266666666666}","{'gte': -28.100527777777778, 'lte': -28.100527777777778}",52.65266666666666,-28.100527777777778,g DECam SDSS c0001 4720.0 1520.0,None,,20.0,0,2019-09-16,2019-09-16T06:41:48.200196+0000,[4674],Shen,2019B-0910,2021-03-08,decam,ct4m,ct,,object,SN-C3,stacked,image1,,2019-09-15,[None]
2020-11-19T05:55:25.318804+0000,d9708c30efca569ac00edf8aa0d360cc,460782720,/data_local/images/DTS/2019B-0910/DECam_00917129.fits.fz,/net/archive/pipe/20191213/ct4m/2019B-0910/c4d_191214_012553_osj_g_v1.fits.fz,1.05,"{'gte': 52.88704166666666, 'lte': 52.88704166666666}","{'gte': -27.93386111111111, 'lte': -27.93386111111111}",52.88704166666666,-27.93386111111111,g DECam SDSS c0001 4720.0 1520.0,None,,30.0,0,2019-12-14,2019-12-14T01:25:53.713230+0000,[4674],Shen,2019B-0910,2021-06-05,decam,ct4m,ct,,object,SN-C3,stacked,image1,,2019-12-13,[None]
2020-11-19T13:09:16.268861+0000,cf00d0da39f6a310aac63a25afc7874d,1627200,/data_local/images/DTS/2019B-0910/DECam_00892209.fits.fz,/net/archive/pipe/20190830/ct4m/2019B-0910/c4d_190831_072519_osd_r_v1.fits.fz,1.14,"{'gte': 52.65045833333333, 'lte': 52.65045833333333}","{'gte': -28.09933333333333, 'lte': -28.09933333333333}",52.65045833333333,-28.09933333333333,r DECam SDSS c0002 6415.0 1480.0,None,,140.0,0,2019-08-31,2019-08-31T07:25:19.964823+0000,[4674],Shen,2019B-0910,2021-02-20,decam,ct4m,ct,,object,SN-C3,stacked,dqmask,,2019-08-30,[None]
2020-11-19T02:53:29.611451+0000,d9266a5ba351c6f08a6ac894eb45eaea,1019520,/data_local/images/DTS/2019B-0910/DECam_00925095.fits.fz,/net/archive/pipe/20200105/ct4m/2019B-0910/c4d_200106_031415_osd_r_v1.fits.fz,1.11,"{'gte': 52.651291666666665, 'lte': 52.651291666666665}","{'gte': -28.099888888888888, 'lte': -28.099888888888888}",52.651291666666665,-28.099888888888888,r DECam SDSS c0002 6415.0 1480.0,None,,140.0,0,2020-01-06,2020-01-06T03:14:15.764427+0000,[4674],Shen,2019B-0910,2021-06-28,decam,ct4m,ct,,object,SN-C3,stacked,dqmask,,2020-01-05,[None]
2020-11-18T18:29:54.533217+0000,d0a574bf2aee8a59a26f3e3c8e839da1,347143680,/data_local/images/DTS/2019B-0910/DECam_00900787.fits.fz,/net/archive/pipe/20191004/ct4m/2019B-0910/c4d_191005_053200_osj_g_v1.fits.fz,1.09,"{'gte': 52.653, 'lte': 52.653}","{'gte': -28.101944444444445, 'lte': -28.101944444444445}",52.653,-28.101944444444445,g DECam SDSS c0001 4720.0 1520.0,None,,40.0,0,2019-10-05,2019-10-05T05:32:00.690685+0000,[4674],Shen,2019B-0910,2021-03-27,decam,ct4m,ct,,object,SN-C3,stacked,image1,,2019-10-04,[None]
2020-11-19T02:53:29.517722+0000,f93c2634dd0e0c3e2ca178906c801427,238512960,/data_local/images/DTS/2019B-0910/DECam_00925092.fits.fz,/net/archive/pipe/20200105/ct4m/2019B-0910/c4d_200106_030858_osw_g_v1.fits.fz,1.1,"{'gte': 52.647499999999994, 'lte': 52.647499999999994}","{'gte': -28.09872222222222, 'lte': -28.09872222222222}",52.647499999999994,-28.09872222222222,g DECam SDSS c0001 4720.0 1520.0,None,,20.0,0,2020-01-06,2020-01-06T03:08:58.818990+0000,[4674],Shen,2019B-0910,2021-06-28,decam,ct4m,ct,,object,SN-C3,stacked,wtmap,,2020-01-05,[None]
2020-11-18T18:30:00.235608+0000,cf2e377d7d96dc0fac8b10bf8532955b,335018880,/data_local/images/DTS/2019B-0910/DECam_00900811.fits.fz,/net/archive/pipe/20191004/ct4m/2019B-0910/c4d_191005_061636_osj_i_v1.fits.fz,1.04,"{'gte': 54.27354166666666, 'lte': 54.27354166666666}","{'gte': -29.088555555555555, 'lte': -29.088555555555555}",54.27354166666666,-29.088555555555555,i DECam SDSS c0003 7835.0 1470.0,None,,360.0,0,2019-10-05,2019-10-05T06:16:36.345872+0000,[4674],Shen,2019B-0910,2021-03-27,decam,ct4m,ct,,object,SN-C2,stacked,image1,,2019-10-04,[None]
2020-11-19T00:11:36.780211+0000,d9d9b2f483207b1dfce15ad32a65f9a0,336188160,/data_local/images/DTS/2019B-0910/DECam_00892231.fits.fz,/net/archive/pipe/20190830/ct4m/2019B-0910/c4d_190831_081603_osj_r_v1.fits.fz,1.06,"{'gte': 54.27445833333332, 'lte': 54.27445833333332}","{'gte': -29.08897222222222, 'lte': -29.08897222222222}",54.27445833333332,-29.08897222222222,r DECam SDSS c0002 6415.0 1480.0,None,,140.0,0,2019-08-31,2019-08-31T08:16:03.479548+0000,[4674],Shen,2019B-0910,2021-02-20,decam,ct4m,ct,,object,SN-C2,stacked,image1,,2019-08-30,[None]
2020-11-18T18:29:57.830932+0000,d76aa58371b4ecb7b55e0be6d7f11d14,245577600,/data_local/images/DTS/2019B-0910/DECam_00900788.fits.fz,/net/archive/pipe/20191004/ct4m/2019B-0910/c4d_191005_053337_osw_g_v1.fits.fz,1.09,"{'gte': 52.648374999999994, 'lte': 52.648374999999994}","{'gte': -28.101583333333334, 'lte': -28.101583333333334}",52.648374999999994,-28.101583333333334,g DECam SDSS c0001 4720.0 1520.0,None,,320.0,0,2019-10-05,2019-10-05T05:33:37.550315+0000,[4674],Shen,2019B-0910,2021-03-27,decam,ct4m,ct,,object,SN-C3,stacked,wtmap,,2019-10-04,[None]
2020-11-19T06:09:19.063488+0000,d0e722f77a38fbdaa32578437a208115,333198720,/data_local/images/DTS/2019B-0910/DECam_00921218.fits.fz,/net/archive/pipe/20191220/ct4m/2019B-0910/c4d_191221_033233_osj_g_v1.fits.fz,1.04,"{'gte': 52.650375, 'lte': 52.650375}","{'gte': -28.099, 'lte': -28.099}",52.650375,-28.099,g DECam SDSS c0001 4720.0 1520.0,None,,160.0,0,2019-12-21,2019-12-21T03:32:33.229853+0000,[4674],Shen,2019B-0910,2021-06-12,decam,ct4m,ct,,object,SN-C3,stacked,image1,,2019-12-20,[None]
2020-11-19T03:00:19.526457+0000,d1a070c0d6f992ce7cabfadaa1acc21f,823680,/data_local/images/DTS/2019B-0910/DECam_00927194.fits.fz,/net/archive/pipe/20200127/ct4m/2019B-0910/c4d_200128_011915_osd_g_v1.fits.fz,1.06,"{'gte': 52.651083333333325, 'lte': 52.651083333333325}","{'gte': -28.099138888888888, 'lte': -28.099138888888888}",52.651083333333325,-28.099138888888888,g DECam SDSS c0001 4720.0 1520.0,None,,30.0,0,2020-01-28,2020-01-28T01:19:15.796442+0000,[4674],Shen,2019B-0910,2021-07-20,decam,ct4m,ct,,object,SN-C3,stacked,dqmask,,2020-01-27,[None]
2020-11-19T04:36:24.346303+0000,b7b8da356c596770ab36fd1792625511,5607360,/data_local/images/DTS/2019B-0910/DECam_00927211.fits.fz,/net/archive/pipe/20200127/ct4m/2019B-0910/c4d_200128_014908_ose_r_v1.fits.fz,1.1,"{'gte': 54.274375, 'lte': 54.274375}","{'gte': -29.089027777777776, 'lte': -29.089027777777776}",54.274375,-29.089027777777776,r DECam SDSS c0002 6415.0 1480.0,None,,140.0,0,2020-01-28,2020-01-28T01:49:08.169763+0000,[4674],Shen,2019B-0910,2021-07-20,decam,ct4m,ct,,object,SN-C2,stacked,expmap,,2020-01-27,[None]
2020-11-18T23:35:01.718763+0000,d19a25d954ab26edac768006bc02a0df,2070720,/data_local/images/DTS/2019B-0910/DECam_00898469.fits.fz,/net/archive/pipe/20190926/ct4m/2019B-0910/c4d_190927_062911_ose_g_v1.fits.fz,1.06,"{'gte': 54.27375, 'lte': 54.27375}","{'gte': -27.114222222222224, 'lte': -27.114222222222224}",54.27375,-27.114222222222224,g DECam SDSS c0001 4720.0 1520.0,None,,20.0,0,2019-09-27,2019-09-27T06:29:11.699964+0000,[4674],Shen,2019B-0910,2021-03-19,decam,ct4m,ct,,object,SN-C1,stacked,expmap,,2019-09-26,[None]
2020-11-18T23:21:31.384334+0000,d1ff732cb5bd18a7f1c4c5ae693209eb,332743680,/data_local/images/DTS/2019B-0910/DECam_00895698.fits.fz,/net/archive/pipe/20190915/ct4m/2019B-0910/c4d_190916_071045_osj_r_v1.fits.fz,1.07,"{'gte': 54.27299999999999, 'lte': 54.27299999999999}","{'gte': -27.111888888888892, 'lte': -27.111888888888892}",54.27299999999999,-27.111888888888892,r DECam SDSS c0002 6415.0 1480.0,None,,140.0,0,2019-09-16,2019-09-16T07:10:45.475346+0000,[4674],Shen,2019B-0910,2021-03-08,decam,ct4m,ct,,object,SN-C1,stacked,image1,,2019-09-15,[None]
2020-11-19T06:09:17.490105+0000,e72e6b191a1e99c7d351c3cedd98bee1,334987200,/data_local/images/DTS/2019B-0910/DECam_00921217.fits.fz,/net/archive/pipe/20191220/ct4m/2019B-0910/c4d_191221_033056_osj_g_v1.fits.fz,1.04,"{'gte': 52.65145833333333, 'lte': 52.65145833333333}","{'gte': -28.102444444444444, 'lte': -28.102444444444444}",52.65145833333333,-28.102444444444444,g DECam SDSS c0001 4720.0 1520.0,None,,20.0,0,2019-12-21,2019-12-21T03:30:56.267555+0000,[4674],Shen,2019B-0910,2021-06-12,decam,ct4m,ct,,object,SN-C3,stacked,image1,,2019-12-20,[None]
2020-11-19T03:04:22.120973+0000,b6274744a5847e27c5159ab13f996afa,242521920,/data_local/images/DTS/2019B-0910/DECam_00927199.fits.fz,/net/archive/pipe/20200127/ct4m/2019B-0910/c4d_200128_012737_osw_i_v1.fits.fz,1.08,"{'gte': 52.65158333333333, 'lte': 52.65158333333333}","{'gte': -28.09958333333333, 'lte': -28.09958333333333}",52.65158333333333,-28.09958333333333,i DECam SDSS c0003 7835.0 1470.0,None,,360.0,0,2020-01-28,2020-01-28T01:27:37.332195+0000,[4674],Shen,2019B-0910,2021-07-20,decam,ct4m,ct,,object,SN-C3,stacked,wtmap,,2020-01-27,[None]
2020-11-19T03:19:47.309960+0000,db03397a122d043e1ff0d613e8ebc1f1,1255680,/data_local/images/DTS/2019B-0910/DECam_00908582.fits.fz,/net/archive/pipe/20191116/ct4m/2019B-0910/c4d_191117_030315_osd_g_v1.fits.fz,1.06,"{'gte': 52.649583333333325, 'lte': 52.649583333333325}","{'gte': -28.100194444444448, 'lte': -28.100194444444448}",52.649583333333325,-28.100194444444448,g DECam SDSS c0001 4720.0 1520.0,None,,20.0,0,2019-11-17,2019-11-17T03:03:15.818403+0000,[4674],Shen,2019B-0910,2021-05-09,decam,ct4m,ct,,object,SN-C3,stacked,dqmask,,2019-11-16,[None]
2020-11-18T21:58:14.037006+0000,fb9dccf5ed8da0f0067b766530991c70,4800960,/data_local/images/DTS/2019B-0910/DECam_00892226.fits.fz,/net/archive/pipe/20190830/ct4m/2019B-0910/c4d_190831_080655_ose_i_v1.fits.fz,1.08,"{'gte': 54.28183333333333, 'lte': 54.28183333333333}","{'gte': -27.10891666666667, 'lte': -27.10891666666667}",54.28183333333333,-27.10891666666667,i DECam SDSS c0003 7835.0 1470.0,None,,180.0,0,2019-08-31,2019-08-31T08:06:55.609162+0000,[4674],Shen,2019B-0910,2021-02-20,decam,ct4m,ct,,object,SN-C1,stacked,expmap,,2019-08-30,[None]
2020-11-19T05:55:32.584613+0000,bb2a248be9bbddb1c295fa49d281c879,239964480,/data_local/images/DTS/2019B-0910/DECam_00917148.fits.fz,/net/archive/pipe/20191213/ct4m/2019B-0910/c4d_191214_015920_osw_i_v1.fits.fz,1.02,"{'gte': 54.276083333333325, 'lte': 54.276083333333325}","{'gte': -29.087055555555555, 'lte': -29.087055555555555}",54.276083333333325,-29.087055555555555,i DECam SDSS c0003 7835.0 1470.0,None,,180.0,0,2019-12-14,2019-12-14T01:59:20.355630+0000,[4674],Shen,2019B-0910,2021-06-05,decam,ct4m,ct,,object,SN-C2,stacked,wtmap,,2019-12-13,[None]
2020-11-18T23:35:05.951661+0000,e65849dd484b7e5400ce350fe40be6b0,334365120,/data_local/images/DTS/2019B-0910/DECam_00898479.fits.fz,/net/archive/pipe/20190926/ct4m/2019B-0910/c4d_190927_064654_osj_r_v1.fits.fz,1.04,"{'gte': 54.27375, 'lte': 54.27375}","{'gte': -29.08747222222222, 'lte': -29.08747222222222}",54.27375,-29.08747222222222,r DECam SDSS c0002 6415.0 1480.0,None,,140.0,0,2019-09-27,2019-09-27T06:46:54.175792+0000,[4674],Shen,2019B-0910,2021-03-19,decam,ct4m,ct,,object,SN-C2,stacked,image1,,2019-09-26,[None]
2020-11-19T03:40:55.201851+0000,e4bb8396fc878bc3a059b39494f02edf,4806720,/data_local/images/DTS/2019B-0910/DECam_00892233.fits.fz,/net/archive/pipe/20190830/ct4m/2019B-0910/c4d_190831_081922_ose_i_v1.fits.fz,1.05,"{'gte': 54.274583333333325, 'lte': 54.274583333333325}","{'gte': -29.089222222222222, 'lte': -29.089222222222222}",54.274583333333325,-29.089222222222222,i DECam SDSS c0003 7835.0 1470.0,None,,180.0,0,2019-08-31,2019-08-31T08:19:22.256263+0000,[4674],Shen,2019B-0910,2021-02-20,decam,ct4m,ct,,object,SN-C2,stacked,expmap,,2019-08-30,[None]
2020-11-18T23:26:31.626549+0000,e43072ad98b0ae0edc769b9ad0942393,1471680,/data_local/images/DTS/2019B-0910/DECam_00895688.fits.fz,/net/archive/pipe/20190915/ct4m/2019B-0910/c4d_190916_065019_osd_i_v1.fits.fz,1.09,"{'gte': 52.64574999999999, 'lte': 52.64574999999999}","{'gte': -28.10377777777778, 'lte': -28.10377777777778}",52.64574999999999,-28.10377777777778,i DECam SDSS c0003 7835.0 1470.0,None,,180.0,0,2019-09-16,2019-09-16T06:50:19.787374+0000,[4674],Shen,2019B-0910,2021-03-08,decam,ct4m,ct,,object,SN-C3,stacked,dqmask,,2019-09-15,[None]
2020-11-18T18:29:48.796376+0000,fab814df7aa4647373eb5c668e6db080,340234560,/data_local/images/DTS/2019B-0910/DECam_00900790.fits.fz,/net/archive/pipe/20191004/ct4m/2019B-0910/c4d_191005_053715_osj_r_v1.fits.fz,1.08,"{'gte': 52.64691666666666, 'lte': 52.64691666666666}","{'gte': -28.102111111111114, 'lte': -28.102111111111114}",52.64691666666666,-28.102111111111114,r DECam SDSS c0002 6415.0 1480.0,None,,280.0,0,2019-10-05,2019-10-05T05:37:15.477196+0000,[4674],Shen,2019B-0910,2021-03-27,decam,ct4m,ct,,object,SN-C3,stacked,image1,,2019-10-04,[None]
2020-11-19T00:37:06.276061+0000,fae812f74dddaa94bdb5c6b2c48648c3,1537920,/data_local/images/DTS/2019B-0910/DECam_00902561.fits.fz,/net/archive/pipe/20191021/ct4m/2019B-0910/c4d_191022_073014_osd_g_v1.fits.fz,1.05,"{'gte': 52.651916666666665, 'lte': 52.651916666666665}","{'gte': -28.10338888888889, 'lte': -28.10338888888889}",52.651916666666665,-28.10338888888889,g DECam SDSS c0001 4720.0 1520.0,None,,160.0,0,2019-10-22,2019-10-22T07:30:14.105018+0000,[4674],Shen,2019B-0910,2021-04-13,decam,ct4m,ct,,object,SN-C3,stacked,dqmask,,2019-10-21,[None]
2020-11-19T02:48:16.574402+0000,de41b4e0addcd334b6e8f343086aec27,4780800,/data_local/images/DTS/2019B-0910/DECam_00912545.fits.fz,/net/archive/pipe/20191130/ct4m/2019B-0910/c4d_191201_020153_ose_g_v1.fits.fz,1.07,"{'gte': 52.65016666666666, 'lte': 52.65016666666666}","{'gte': -28.10088888888889, 'lte': -28.10088888888889}",52.65016666666666,-28.10088888888889,g DECam SDSS c0001 4720.0 1520.0,None,,160.0,0,2019-12-01,2019-12-01T02:01:53.616138+0000,[4674],Shen,2019B-0910,2021-05-23,decam,ct4m,ct,,object,SN-C3,stacked,expmap,,2019-11-30,[None]
2020-11-19T07:37:39.578465+0000,e53f84ca315315286842a498e145ba71,237870720,/data_local/images/DTS/2019B-0910/DECam_00892224.fits.fz,/net/archive/pipe/20190830/ct4m/2019B-0910/c4d_190831_080338_osw_r_v1.fits.fz,1.08,"{'gte': 54.281749999999995, 'lte': 54.281749999999995}","{'gte': -27.116305555555556, 'lte': -27.116305555555556}",54.281749999999995,-27.116305555555556,r DECam SDSS c0002 6415.0 1480.0,None,,140.0,0,2019-08-31,2019-08-31T08:03:38.356329+0000,[4674],Shen,2019B-0910,2021-02-20,decam,ct4m,ct,,object,SN-C1,stacked,wtmap,,2019-08-30,[None]
2020-11-19T03:19:44.985373+0000,d441f3d9d22eec78267f02ca001f378e,2298240,/data_local/images/DTS/2019B-0910/DECam_00908573.fits.fz,/net/archive/pipe/20191116/ct4m/2019B-0910/c4d_191117_024417_osd_r_v1.fits.fz,1.1,"{'gte': 54.273624999999996, 'lte': 54.273624999999996}","{'gte': -29.088555555555555, 'lte': -29.088555555555555}",54.273624999999996,-29.088555555555555,r DECam SDSS c0002 6415.0 1480.0,None,,140.0,0,2019-11-17,2019-11-17T02:44:17.626344+0000,[4674],Shen,2019B-0910,2021-05-09,decam,ct4m,ct,,object,SN-C2,stacked,dqmask,,2019-11-16,[None]
2020-11-18T18:52:42.858132+0000,e5fc6f0b513ab82f35b14f2b0cda6a38,239351040,/data_local/images/DTS/2019B-0910/DECam_00906057.fits.fz,/net/archive/pipe/20191104/ct4m/2019B-0910/c4d_191105_025453_osw_i_v1.fits.fz,1.19,"{'gte': 54.273291666666665, 'lte': 54.273291666666665}","{'gte': -29.08936111111111, 'lte': -29.08936111111111}",54.273291666666665,-29.08936111111111,i DECam SDSS c0003 7835.0 1470.0,None,,180.0,0,2019-11-05,2019-11-05T02:54:53.098434+0000,[4674],Shen,2019B-0910,2021-04-27,decam,ct4m,ct,,object,SN-C2,stacked,wtmap,,2019-11-04,[None]
2020-11-19T06:11:57.954108+0000,be88bba424ad007344b0b7df38d6bdbc,4881600,/data_local/images/DTS/2019B-0910/DECam_00923748.fits.fz,/net/archive/pipe/20191230/ct4m/2019B-0910/c4d_191231_033213_ose_g_v1.fits.fz,1.09,"{'gte': 54.27299999999999, 'lte': 54.27299999999999}","{'gte': -29.0875, 'lte': -29.0875}",54.27299999999999,-29.0875,g DECam SDSS c0001 4720.0 1520.0,None,,160.0,0,2019-12-31,2019-12-31T03:32:13.662520+0000,[4674],Shen,2019B-0910,2021-06-22,decam,ct4m,ct,,object,SN-C2,stacked,expmap,,2019-12-30,[None]
2020-11-18T18:33:08.658175+0000,ff05b3f7ec450357b2f7e7553b1b15da,332095680,/data_local/images/DTS/2019B-0910/DECam_00902561.fits.fz,/net/archive/pipe/20191021/ct4m/2019B-0910/c4d_191022_073014_osj_g_v1.fits.fz,1.05,"{'gte': 52.651916666666665, 'lte': 52.651916666666665}","{'gte': -28.10338888888889, 'lte': -28.10338888888889}",52.651916666666665,-28.10338888888889,g DECam SDSS c0001 4720.0 1520.0,None,,160.0,0,2019-10-22,2019-10-22T07:30:14.105018+0000,[4674],Shen,2019B-0910,2021-04-13,decam,ct4m,ct,,object,SN-C3,stacked,image1,,2019-10-21,[None]
2020-11-19T06:39:26.153209+0000,dd800c076d328ab1eb471728306f5b32,338506560,/data_local/images/DTS/2019B-0910/DECam_00915329.fits.fz,/net/archive/pipe/20191207/ct4m/2019B-0910/c4d_191208_015942_osj_i_v1.fits.fz,1.04,"{'gte': 52.65004166666666, 'lte': 52.65004166666666}","{'gte': -28.100194444444448, 'lte': -28.100194444444448}",52.65004166666666,-28.100194444444448,i DECam SDSS c0003 7835.0 1470.0,None,,180.0,0,2019-12-08,2019-12-08T01:59:42.007624+0000,[4674],Shen,2019B-0910,2021-05-30,decam,ct4m,ct,,object,SN-C3,stacked,image1,,2019-12-07,[None]
2020-11-18T21:08:34.052134+0000,e3af60bcb6a108d1058f178555de4623,239604480,/data_local/images/DTS/2019B-0910/DECam_00912523.fits.fz,/net/archive/pipe/20191130/ct4m/2019B-0910/c4d_191201_011743_osw_r_v1.fits.fz,1.18,"{'gte': 54.27083333333333, 'lte': 54.27083333333333}","{'gte': -27.114472222222222, 'lte': -27.114472222222222}",54.27083333333333,-27.114472222222222,r DECam SDSS c0002 6415.0 1480.0,None,,140.0,0,2019-12-01,2019-12-01T01:17:43.511557+0000,[4674],Shen,2019B-0910,2021-05-23,decam,ct4m,ct,,object,SN-C1,stacked,wtmap,,2019-11-30,[None]
2020-11-18T22:26:53.530696+0000,fd33f6e9b8901e6e81493e7ccf5c3091,333904320,/data_local/images/DTS/2019B-0910/DECam_00892226.fits.fz,/net/archive/pipe/20190830/ct4m/2019B-0910/c4d_190831_080655_osj_i_v1.fits.fz,1.08,"{'gte': 54.28183333333333, 'lte': 54.28183333333333}","{'gte': -27.10891666666667, 'lte': -27.10891666666667}",54.28183333333333,-27.10891666666667,i DECam SDSS c0003 7835.0 1470.0,None,,180.0,0,2019-08-31,2019-08-31T08:06:55.609162+0000,[4674],Shen,2019B-0910,2021-02-20,decam,ct4m,ct,,object,SN-C1,stacked,image1,,2019-08-30,[None]
2020-11-18T18:29:57.819783+0000,fdecfc2bf99c1ee4da314c5c74510d2c,10552320,/data_local/images/DTS/2019B-0910/DECam_00900788.fits.fz,/net/archive/pipe/20191004/ct4m/2019B-0910/c4d_191005_053337_ose_g_v1.fits.fz,1.09,"{'gte': 52.648374999999994, 'lte': 52.648374999999994}","{'gte': -28.101583333333334, 'lte': -28.101583333333334}",52.648374999999994,-28.101583333333334,g DECam SDSS c0001 4720.0 1520.0,None,,320.0,0,2019-10-05,2019-10-05T05:33:37.550315+0000,[4674],Shen,2019B-0910,2021-03-27,decam,ct4m,ct,,object,SN-C3,stacked,expmap,,2019-10-04,[None]
2020-11-18T18:29:53.897991+0000,e3b45ba278327d24dc5e9dd1cc82a629,1105920,/data_local/images/DTS/2019B-0910/DECam_00900804.fits.fz,/net/archive/pipe/20191004/ct4m/2019B-0910/c4d_191005_060415_osd_i_v1.fits.fz,1.05,"{'gte': 54.274125, 'lte': 54.274125}","{'gte': -27.11127777777778, 'lte': -27.11127777777778}",54.274125,-27.11127777777778,i DECam SDSS c0003 7835.0 1470.0,None,,360.0,0,2019-10-05,2019-10-05T06:04:15.001600+0000,[4674],Shen,2019B-0910,2021-03-27,decam,ct4m,ct,,object,SN-C1,stacked,dqmask,,2019-10-04,[None]
2020-11-18T18:29:57.646856+0000,e66c3180dc9d0d784249a87c2fedcf57,7600320,/data_local/images/DTS/2019B-0910/DECam_00900809.fits.fz,/net/archive/pipe/20191004/ct4m/2019B-0910/c4d_191005_061319_ose_r_v1.fits.fz,1.04,"{'gte': 54.27354166666666, 'lte': 54.27354166666666}","{'gte': -29.08836111111111, 'lte': -29.08836111111111}",54.27354166666666,-29.08836111111111,r DECam SDSS c0002 6415.0 1480.0,None,,280.0,0,2019-10-05,2019-10-05T06:13:19.761593+0000,[4674],Shen,2019B-0910,2021-03-27,decam,ct4m,ct,,object,SN-C2,stacked,expmap,,2019-10-04,[None]
2020-11-19T06:09:46.827667+0000,e7c46c51f6e3c20166f57560bb125740,238864320,/data_local/images/DTS/2019B-0910/DECam_00925100.fits.fz,/net/archive/pipe/20200105/ct4m/2019B-0910/c4d_200106_032319_osw_g_v1.fits.fz,1.12,"{'gte': 54.27349999999999, 'lte': 54.27349999999999}","{'gte': -27.112305555555558, 'lte': -27.112305555555558}",54.27349999999999,-27.112305555555558,g DECam SDSS c0001 4720.0 1520.0,None,,160.0,0,2020-01-06,2020-01-06T03:23:19.126506+0000,[4674],Shen,2019B-0910,2021-06-28,decam,ct4m,ct,,object,SN-C1,stacked,wtmap,,2020-01-05,[None]
2020-11-19T06:09:18.647803+0000,deb77ea9b162e71f6580e04b72a7b705,1356480,/data_local/images/DTS/2019B-0910/DECam_00921218.fits.fz,/net/archive/pipe/20191220/ct4m/2019B-0910/c4d_191221_033233_osd_g_v1.fits.fz,1.04,"{'gte': 52.650375, 'lte': 52.650375}","{'gte': -28.099, 'lte': -28.099}",52.650375,-28.099,g DECam SDSS c0001 4720.0 1520.0,None,,160.0,0,2019-12-21,2019-12-21T03:32:33.229853+0000,[4674],Shen,2019B-0910,2021-06-12,decam,ct4m,ct,,object,SN-C3,stacked,dqmask,,2019-12-20,[None]
2020-11-19T02:48:16.580348+0000,e7dd6367dfc8e92a502f195889485e06,238164480,/data_local/images/DTS/2019B-0910/DECam_00912545.fits.fz,/net/archive/pipe/20191130/ct4m/2019B-0910/c4d_191201_020153_osw_g_v1.fits.fz,1.07,"{'gte': 52.65016666666666, 'lte': 52.65016666666666}","{'gte': -28.10088888888889, 'lte': -28.10088888888889}",52.65016666666666,-28.10088888888889,g DECam SDSS c0001 4720.0 1520.0,None,,160.0,0,2019-12-01,2019-12-01T02:01:53.616138+0000,[4674],Shen,2019B-0910,2021-05-23,decam,ct4m,ct,,object,SN-C3,stacked,wtmap,,2019-11-30,[None]
2020-11-18T18:52:45.460864+0000,bf3b34a27ba035d360b509cca044a289,1065600,/data_local/images/DTS/2019B-0910/DECam_00906064.fits.fz,/net/archive/pipe/20191104/ct4m/2019B-0910/c4d_191105_031035_osd_g_v1.fits.fz,1.13,"{'gte': 52.650541666666655, 'lte': 52.650541666666655}","{'gte': -28.102777777777778, 'lte': -28.102777777777778}",52.650541666666655,-28.102777777777778,g DECam SDSS c0001 4720.0 1520.0,None,,20.0,0,2019-11-05,2019-11-05T03:10:35.940991+0000,[4674],Shen,2019B-0910,2021-04-27,decam,ct4m,ct,,object,SN-C3,stacked,dqmask,,2019-11-04,[None]
2020-11-19T03:04:34.331990+0000,f77671a06107e4bcc7743adb1dd796d5,1405440,/data_local/images/DTS/2019B-0910/DECam_00927209.fits.fz,/net/archive/pipe/20200127/ct4m/2019B-0910/c4d_200128_014529_osd_g_v1.fits.fz,1.1,"{'gte': 54.27462499999999, 'lte': 54.27462499999999}","{'gte': -29.08908333333333, 'lte': -29.08908333333333}",54.27462499999999,-29.08908333333333,g DECam SDSS c0001 4720.0 1520.0,None,,160.0,0,2020-01-28,2020-01-28T01:45:29.454433+0000,[4674],Shen,2019B-0910,2021-07-20,decam,ct4m,ct,,object,SN-C2,stacked,dqmask,,2020-01-27,[None]
2020-11-18T23:35:03.190389+0000,d52eccedf51cc6ab8f10648d0b7756dc,239330880,/data_local/images/DTS/2019B-0910/DECam_00898472.fits.fz,/net/archive/pipe/20190926/ct4m/2019B-0910/c4d_190927_063429_osw_r_v1.fits.fz,1.06,"{'gte': 54.27270833333333, 'lte': 54.27270833333333}","{'gte': -27.11202777777778, 'lte': -27.11202777777778}",54.27270833333333,-27.11202777777778,r DECam SDSS c0002 6415.0 1480.0,None,,140.0,0,2019-09-27,2019-09-27T06:34:29.366252+0000,[4674],Shen,2019B-0910,2021-03-19,decam,ct4m,ct,,object,SN-C1,stacked,wtmap,,2019-09-26,[None]
2020-11-19T06:09:19.028900+0000,efbe99d9986321339e4b87429aa8636e,5077440,/data_local/images/DTS/2019B-0910/DECam_00921218.fits.fz,/net/archive/pipe/20191220/ct4m/2019B-0910/c4d_191221_033233_ose_g_v1.fits.fz,1.04,"{'gte': 52.650375, 'lte': 52.650375}","{'gte': -28.099, 'lte': -28.099}",52.650375,-28.099,g DECam SDSS c0001 4720.0 1520.0,None,,160.0,0,2019-12-21,2019-12-21T03:32:33.229853+0000,[4674],Shen,2019B-0910,2021-06-12,decam,ct4m,ct,,object,SN-C3,stacked,expmap,,2019-12-20,[None]
2020-11-19T12:28:13.806539+0000,f082f42026c513de5023da02e88d3a74,332838720,/data_local/images/DTS/2019B-0910/DECam_00940738.fits.fz,/net/archive/pipe/20200303/ct4m/2019B-0910/c4d_200304_003621_osi_r_v1.fits.fz,1.31,"{'gte': 54.27483333333333, 'lte': 54.27483333333333}","{'gte': -27.111805555555556, 'lte': -27.111805555555556}",54.27483333333333,-27.111805555555556,r DECam SDSS c0002 6415.0 1480.0,None,,140.0,0,2020-03-04,2020-03-04T00:36:21.855344+0000,[4674],Shen,2019B-0910,2021-08-25,decam,ct4m,ct,,object,SN-C1,stacked,image,,2020-03-03,[None]
2020-11-19T06:11:54.620369+0000,d39713553289df7cca9e058718624253,1379520,/data_local/images/DTS/2019B-0910/DECam_00923752.fits.fz,/net/archive/pipe/20191230/ct4m/2019B-0910/c4d_191231_033909_osd_i_v1.fits.fz,1.1,"{'gte': 54.27391666666666, 'lte': 54.27391666666666}","{'gte': -29.088277777777776, 'lte': -29.088277777777776}",54.27391666666666,-29.088277777777776,i DECam SDSS c0003 7835.0 1470.0,None,,180.0,0,2019-12-31,2019-12-31T03:39:09.251008+0000,[4674],Shen,2019B-0910,2021-06-22,decam,ct4m,ct,,object,SN-C2,stacked,dqmask,,2019-12-30,[None]
2020-11-19T06:09:50.037271+0000,ceb7343e60fe3a2f4a340729af59e497,1261440,/data_local/images/DTS/2019B-0910/DECam_00925484.fits.fz,/net/archive/pipe/20200120/ct4m/2019B-0910/c4d_200121_033547_osd_i_v1.fits.fz,1.35,"{'gte': 54.27470833333333, 'lte': 54.27470833333333}","{'gte': -27.110972222222223, 'lte': -27.110972222222223}",54.27470833333333,-27.110972222222223,i DECam SDSS c0003 7835.0 1470.0,None,,180.0,0,2020-01-21,2020-01-21T03:35:47.674765+0000,[4674],Shen,2019B-0910,2021-07-13,decam,ct4m,ct,,object,SN-C1,stacked,dqmask,,2020-01-20,[None]
2020-11-19T06:39:26.282018+0000,f047cdc2b59255e12e31d014aa42a765,237764160,/data_local/images/DTS/2019B-0910/DECam_00915324.fits.fz,/net/archive/pipe/20191207/ct4m/2019B-0910/c4d_191208_015109_osw_g_v1.fits.fz,1.05,"{'gte': 52.64929166666666, 'lte': 52.64929166666666}","{'gte': -28.103083333333334, 'lte': -28.103083333333334}",52.64929166666666,-28.103083333333334,g DECam SDSS c0001 4720.0 1520.0,None,,20.0,0,2019-12-08,2019-12-08T01:51:09.205910+0000,[4674],Shen,2019B-0910,2021-05-30,decam,ct4m,ct,,object,SN-C3,stacked,wtmap,,2019-12-07,[None]
2020-11-19T03:04:28.466089+0000,ead147067235c676a717d6072db65abe,333743040,/data_local/images/DTS/2019B-0910/DECam_00927204.fits.fz,/net/archive/pipe/20200127/ct4m/2019B-0910/c4d_200128_013648_osj_r_v1.fits.fz,1.08,"{'gte': 54.27270833333333, 'lte': 54.27270833333333}","{'gte': -27.11163888888889, 'lte': -27.11163888888889}",54.27270833333333,-27.11163888888889,r DECam SDSS c0002 6415.0 1480.0,None,,140.0,0,2020-01-28,2020-01-28T01:36:48.751527+0000,[4674],Shen,2019B-0910,2021-07-20,decam,ct4m,ct,,object,SN-C1,stacked,image1,,2020-01-27,[None]
2020-11-19T06:39:44.955271+0000,eb2a71cf9af064f9207668f165659f3c,1405440,/data_local/images/DTS/2019B-0910/DECam_00925487.fits.fz,/net/archive/pipe/20200120/ct4m/2019B-0910/c4d_200121_034120_osd_g_v1.fits.fz,1.37,"{'gte': 54.274333333333324, 'lte': 54.274333333333324}","{'gte': -29.088833333333334, 'lte': -29.088833333333334}",54.274333333333324,-29.088833333333334,g DECam SDSS c0001 4720.0 1520.0,None,,160.0,0,2020-01-21,2020-01-21T03:41:20.355467+0000,[4674],Shen,2019B-0910,2021-07-13,decam,ct4m,ct,,object,SN-C2,stacked,dqmask,,2020-01-20,[None]
2020-11-19T06:09:48.057203+0000,ce28ab528c587ec3c2c5cf683733dbd5,238705920,/data_local/images/DTS/2019B-0910/DECam_00925102.fits.fz,/net/archive/pipe/20200105/ct4m/2019B-0910/c4d_200106_032659_osw_r_v1.fits.fz,1.13,"{'gte': 54.27241666666666, 'lte': 54.27241666666666}","{'gte': -27.112416666666668, 'lte': -27.112416666666668}",54.27241666666666,-27.112416666666668,r DECam SDSS c0002 6415.0 1480.0,None,,140.0,0,2020-01-06,2020-01-06T03:26:59.556267+0000,[4674],Shen,2019B-0910,2021-06-28,decam,ct4m,ct,,object,SN-C1,stacked,wtmap,,2020-01-05,[None]
2020-11-19T06:39:45.243815+0000,ccccaada1cbaf47a656e8dd90f7cb66a,334972800,/data_local/images/DTS/2019B-0910/DECam_00925473.fits.fz,/net/archive/pipe/20200120/ct4m/2019B-0910/c4d_200121_031616_osj_g_v1.fits.fz,1.29,"{'gte': 52.65041666666666, 'lte': 52.65041666666666}","{'gte': -28.10002777777778, 'lte': -28.10002777777778}",52.65041666666666,-28.10002777777778,g DECam SDSS c0001 4720.0 1520.0,None,,160.0,0,2020-01-21,2020-01-21T03:16:16.259809+0000,[4674],Shen,2019B-0910,2021-07-13,decam,ct4m,ct,,object,SN-C3,stacked,image1,,2020-01-20,[None]
2020-11-19T03:04:21.938966+0000,e3f07c0bed5c4e9e8548026b82443570,1385280,/data_local/images/DTS/2019B-0910/DECam_00927202.fits.fz,/net/archive/pipe/20200127/ct4m/2019B-0910/c4d_200128_013309_osd_g_v1.fits.fz,1.08,"{'gte': 54.27408333333332, 'lte': 54.27408333333332}","{'gte': -27.111777777777778, 'lte': -27.111777777777778}",54.27408333333332,-27.111777777777778,g DECam SDSS c0001 4720.0 1520.0,None,,160.0,0,2020-01-28,2020-01-28T01:33:09.679793+0000,[4674],Shen,2019B-0910,2021-07-20,decam,ct4m,ct,,object,SN-C1,stacked,dqmask,,2020-01-27,[None]
2020-11-19T07:30:15.157915+0000,e931fac01e657abbc0ea4d18060b684b,245911680,/data_local/images/DTS/2019B-0910/DECam_00892222.fits.fz,/net/archive/pipe/20190830/ct4m/2019B-0910/c4d_190831_080000_osw_g_v1.fits.fz,1.09,"{'gte': 54.27779166666666, 'lte': 54.27779166666666}","{'gte': -27.114250000000002, 'lte': -27.114250000000002}",54.27779166666666,-27.114250000000002,g DECam SDSS c0001 4720.0 1520.0,None,,160.0,0,2019-08-31,2019-08-31T08:00:00.616424+0000,[4674],Shen,2019B-0910,2021-02-20,decam,ct4m,ct,,object,SN-C1,stacked,wtmap,,2019-08-30,[None]
2020-11-18T23:35:05.738387+0000,ec39f0b83970342d659a824572e9acef,3718080,/data_local/images/DTS/2019B-0910/DECam_00898477.fits.fz,/net/archive/pipe/20190926/ct4m/2019B-0910/c4d_190927_064318_ose_g_v1.fits.fz,1.04,"{'gte': 54.273666666666664, 'lte': 54.273666666666664}","{'gte': -29.088472222222222, 'lte': -29.088472222222222}",54.273666666666664,-29.088472222222222,g DECam SDSS c0001 4720.0 1520.0,None,,160.0,0,2019-09-27,2019-09-27T06:43:18.472706+0000,[4674],Shen,2019B-0910,2021-03-19,decam,ct4m,ct,,object,SN-C2,stacked,expmap,,2019-09-26,[None]
2020-11-19T00:26:27.826121+0000,f0a68fe9625fb85ffdaec0ed7cd8e240,4599360,/data_local/images/DTS/2019B-0910/DECam_00940740.fits.fz,/net/archive/pipe/20200303/ct4m/2019B-0910/c4d_200304_003943_ose_i_v1.fits.fz,1.32,"{'gte': 54.27479166666666, 'lte': 54.27479166666666}","{'gte': -27.111888888888892, 'lte': -27.111888888888892}",54.27479166666666,-27.111888888888892,i DECam SDSS c0003 7835.0 1470.0,None,,180.0,0,2020-03-04,2020-03-04T00:39:43.224176+0000,[4674],Shen,2019B-0910,2021-08-25,decam,ct4m,ct,,object,SN-C1,stacked,expmap,,2020-03-03,[None]
2020-11-18T20:32:57.104935+0000,ea6d46a198fd80ad53776e451662fdf6,1296000,/data_local/images/DTS/2019B-0910/DECam_00889312.fits.fz,/net/archive/pipe/20190821/ct4m/2019B-0910/c4d_190822_081159_osd_g_v1.fits.fz,1.13,"{'gte': 54.272749999999995, 'lte': 54.272749999999995}","{'gte': -27.112750000000002, 'lte': -27.112750000000002}",54.272749999999995,-27.112750000000002,g DECam SDSS c0001 4720.0 1520.0,None,,160.0,0,2019-08-22,2019-08-22T08:11:59.136221+0000,[4674],Shen,2019B-0910,2021-02-11,decam,ct4m,ct,,object,SN-C1,stacked,dqmask,,2019-08-21,[None]
2020-11-19T08:31:14.546733+0000,e7507f9bda64af8df6f4756ade53c8d4,239120640,/data_local/images/DTS/2019B-0910/DECam_00889323.fits.fz,/net/archive/pipe/20190821/ct4m/2019B-0910/c4d_190822_083120_osw_i_v1.fits.fz,1.09,"{'gte': 54.27254166666666, 'lte': 54.27254166666666}","{'gte': -29.08861111111111, 'lte': -29.08861111111111}",54.27254166666666,-29.08861111111111,i DECam SDSS c0003 7835.0 1470.0,None,,180.0,0,2019-08-22,2019-08-22T08:31:20.720592+0000,[4674],Shen,2019B-0910,2021-02-11,decam,ct4m,ct,,object,SN-C2,stacked,wtmap,,2019-08-21,[None]
2020-11-19T02:48:16.212990+0000,e6da8670ea0145e08550c17fe635137f,1471680,/data_local/images/DTS/2019B-0910/DECam_00912537.fits.fz,/net/archive/pipe/20191130/ct4m/2019B-0910/c4d_191201_014510_osd_i_v1.fits.fz,1.11,"{'gte': 54.27358333333333, 'lte': 54.27358333333333}","{'gte': -29.088583333333332, 'lte': -29.088583333333332}",54.27358333333333,-29.088583333333332,i DECam SDSS c0003 7835.0 1470.0,None,,180.0,0,2019-12-01,2019-12-01T01:45:10.622797+0000,[4674],Shen,2019B-0910,2021-05-23,decam,ct4m,ct,,object,SN-C2,stacked,dqmask,,2019-11-30,[None]
2020-11-18T23:26:13.319027+0000,e326f6f7265b7391ebbbed1e691d8f93,4610880,/data_local/images/DTS/2019B-0910/DECam_00895686.fits.fz,/net/archive/pipe/20190915/ct4m/2019B-0910/c4d_190916_064701_ose_r_v1.fits.fz,1.09,"{'gte': 52.646375, 'lte': 52.646375}","{'gte': -28.102611111111113, 'lte': -28.102611111111113}",52.646375,-28.102611111111113,r DECam SDSS c0002 6415.0 1480.0,None,,140.0,0,2019-09-16,2019-09-16T06:47:01.961747+0000,[4674],Shen,2019B-0910,2021-03-08,decam,ct4m,ct,,object,SN-C3,stacked,expmap,,2019-09-15,[None]
2020-11-18T23:25:00.678694+0000,ed52f4cefb69328343daa738f13696f7,333754560,/data_local/images/DTS/2019B-0910/DECam_00895707.fits.fz,/net/archive/pipe/20190915/ct4m/2019B-0910/c4d_190916_072629_osj_i_v1.fits.fz,1.04,"{'gte': 54.27383333333333, 'lte': 54.27383333333333}","{'gte': -29.087416666666666, 'lte': -29.087416666666666}",54.27383333333333,-29.087416666666666,i DECam SDSS c0003 7835.0 1470.0,None,,180.0,0,2019-09-16,2019-09-16T07:26:29.914260+0000,[4674],Shen,2019B-0910,2021-03-08,decam,ct4m,ct,,object,SN-C2,stacked,image1,,2019-09-15,[None]
2020-11-19T06:09:17.803085+0000,d6ef595a2fcfc0eff757b02702fd1349,239250240,/data_local/images/DTS/2019B-0910/DECam_00921242.fits.fz,/net/archive/pipe/20191220/ct4m/2019B-0910/c4d_191221_042022_osw_g_v1.fits.fz,1.11,"{'gte': 54.273999999999994, 'lte': 54.273999999999994}","{'gte': -29.08825, 'lte': -29.08825}",54.273999999999994,-29.08825,g DECam SDSS c0001 4720.0 1520.0,None,,160.0,0,2019-12-21,2019-12-21T04:20:22.998580+0000,[4674],Shen,2019B-0910,2021-06-12,decam,ct4m,ct,,object,SN-C2,stacked,wtmap,,2019-12-20,[None]
2020-11-18T18:52:43.549115+0000,e8d07bbabccd30e354b454b97fe67f40,239477760,/data_local/images/DTS/2019B-0910/DECam_00906045.fits.fz,/net/archive/pipe/20191104/ct4m/2019B-0910/c4d_191105_023040_osw_i_v1.fits.fz,1.27,"{'gte': 54.27475, 'lte': 54.27475}","{'gte': -27.110000000000003, 'lte': -27.110000000000003}",54.27475,-27.110000000000003,i DECam SDSS c0003 7835.0 1470.0,None,,180.0,0,2019-11-05,2019-11-05T02:30:40.432773+0000,[4674],Shen,2019B-0910,2021-04-27,decam,ct4m,ct,,object,SN-C1,stacked,wtmap,,2019-11-04,[None]
2020-11-19T05:49:06.243878+0000,d04388df49dfabd0e39b8fed15f84cb3,3672000,/data_local/images/DTS/2019B-0910/DECam_00915324.fits.fz,/net/archive/pipe/20191207/ct4m/2019B-0910/c4d_191208_015109_ose_g_v1.fits.fz,1.05,"{'gte': 52.64929166666666, 'lte': 52.64929166666666}","{'gte': -28.103083333333334, 'lte': -28.103083333333334}",52.64929166666666,-28.103083333333334,g DECam SDSS c0001 4720.0 1520.0,None,,20.0,0,2019-12-08,2019-12-08T01:51:09.205910+0000,[4674],Shen,2019B-0910,2021-05-30,decam,ct4m,ct,,object,SN-C3,stacked,expmap,,2019-12-07,[None]
2020-11-19T06:11:51.372324+0000,d06fbb2dcca33423461a08000d037990,333532800,/data_local/images/DTS/2019B-0910/DECam_00923738.fits.fz,/net/archive/pipe/20191230/ct4m/2019B-0910/c4d_191231_031422_osj_i_v1.fits.fz,1.07,"{'gte': 52.64999999999999, 'lte': 52.64999999999999}","{'gte': -28.09936111111111, 'lte': -28.09936111111111}",52.64999999999999,-28.09936111111111,i DECam SDSS c0003 7835.0 1470.0,None,,180.0,0,2019-12-31,2019-12-31T03:14:22.277256+0000,[4674],Shen,2019B-0910,2021-06-22,decam,ct4m,ct,,object,SN-C3,stacked,image1,,2019-12-30,[None]
2020-11-18T23:35:05.734658+0000,f420ddcc4ad6301af905ab13d2add29d,973440,/data_local/images/DTS/2019B-0910/DECam_00898477.fits.fz,/net/archive/pipe/20190926/ct4m/2019B-0910/c4d_190927_064318_osd_g_v1.fits.fz,1.04,"{'gte': 54.273666666666664, 'lte': 54.273666666666664}","{'gte': -29.088472222222222, 'lte': -29.088472222222222}",54.273666666666664,-29.088472222222222,g DECam SDSS c0001 4720.0 1520.0,None,,160.0,0,2019-09-27,2019-09-27T06:43:18.472706+0000,[4674],Shen,2019B-0910,2021-03-19,decam,ct4m,ct,,object,SN-C2,stacked,dqmask,,2019-09-26,[None]
2020-11-18T18:29:57.713636+0000,ead7338c2b4509794ef9dbb9d70ee80a,335773440,/data_local/images/DTS/2019B-0910/DECam_00900800.fits.fz,/net/archive/pipe/20191004/ct4m/2019B-0910/c4d_191005_055718_osj_g_v1.fits.fz,1.06,"{'gte': 54.274375, 'lte': 54.274375}","{'gte': -27.111555555555558, 'lte': -27.111555555555558}",54.274375,-27.111555555555558,g DECam SDSS c0001 4720.0 1520.0,None,,320.0,0,2019-10-05,2019-10-05T05:57:18.073380+0000,[4674],Shen,2019B-0910,2021-03-27,decam,ct4m,ct,,object,SN-C1,stacked,image1,,2019-10-04,[None]
2020-11-18T20:58:24.937400+0000,f34551273834b31051305a22fe93176a,4138560,/data_local/images/DTS/2019B-0910/DECam_00892206.fits.fz,/net/archive/pipe/20190830/ct4m/2019B-0910/c4d_190831_072012_ose_g_v1.fits.fz,1.16,"{'gte': 52.646583333333325, 'lte': 52.646583333333325}","{'gte': -28.10238888888889, 'lte': -28.10238888888889}",52.646583333333325,-28.10238888888889,g DECam SDSS c0001 4720.0 1520.0,None,,20.0,0,2019-08-31,2019-08-31T07:20:12.224231+0000,[4674],Shen,2019B-0910,2021-02-20,decam,ct4m,ct,,object,SN-C3,stacked,expmap,,2019-08-30,[None]
2020-11-19T06:09:19.066751+0000,f3f6d460e4ae40705ad3786b1c7bae50,238176000,/data_local/images/DTS/2019B-0910/DECam_00921218.fits.fz,/net/archive/pipe/20191220/ct4m/2019B-0910/c4d_191221_033233_osw_g_v1.fits.fz,1.04,"{'gte': 52.650375, 'lte': 52.650375}","{'gte': -28.099, 'lte': -28.099}",52.650375,-28.099,g DECam SDSS c0001 4720.0 1520.0,None,,160.0,0,2019-12-21,2019-12-21T03:32:33.229853+0000,[4674],Shen,2019B-0910,2021-06-12,decam,ct4m,ct,,object,SN-C3,stacked,wtmap,,2019-12-20,[None]
2020-11-19T06:09:48.903743+0000,f32c82836a71801297d142becb898b76,1252800,/data_local/images/DTS/2019B-0910/DECam_00925489.fits.fz,/net/archive/pipe/20200120/ct4m/2019B-0910/c4d_200121_034458_osd_r_v1.fits.fz,1.38,"{'gte': 54.27445833333332, 'lte': 54.27445833333332}","{'gte': -29.088666666666665, 'lte': -29.088666666666665}",54.27445833333332,-29.088666666666665,r DECam SDSS c0002 6415.0 1480.0,None,,140.0,0,2020-01-21,2020-01-21T03:44:58.539314+0000,[4674],Shen,2019B-0910,2021-07-13,decam,ct4m,ct,,object,SN-C2,stacked,dqmask,,2020-01-20,[None]
2020-11-18T18:30:00.296117+0000,f3875a0c87772bd1a0478f14d404c59d,249912000,/data_local/images/DTS/2019B-0910/DECam_00900792.fits.fz,/net/archive/pipe/20191004/ct4m/2019B-0910/c4d_191005_054032_osw_i_v1.fits.fz,1.08,"{'gte': 52.64608333333332, 'lte': 52.64608333333332}","{'gte': -28.102694444444445, 'lte': -28.102694444444445}",52.64608333333332,-28.102694444444445,i DECam SDSS c0003 7835.0 1470.0,None,,360.0,0,2019-10-05,2019-10-05T05:40:32.440171+0000,[4674],Shen,2019B-0910,2021-03-27,decam,ct4m,ct,,object,SN-C3,stacked,wtmap,,2019-10-04,[None]
2020-11-19T09:27:10.918755+0000,f2d2924bf31f4c3ea2da58fc790a63b5,1431360,/data_local/images/DTS/2019B-0910/DECam_00892207.fits.fz,/net/archive/pipe/20190830/ct4m/2019B-0910/c4d_190831_072144_osd_g_v1.fits.fz,1.15,"{'gte': 52.65041666666666, 'lte': 52.65041666666666}","{'gte': -28.09936111111111, 'lte': -28.09936111111111}",52.65041666666666,-28.09936111111111,g DECam SDSS c0001 4720.0 1520.0,None,,160.0,0,2019-08-31,2019-08-31T07:21:44.036391+0000,[4674],Shen,2019B-0910,2021-02-20,decam,ct4m,ct,,object,SN-C3,stacked,dqmask,,2019-08-30,[None]
2020-11-19T02:52:15.895592+0000,dfb89389f380711490225937d06558a6,1480320,/data_local/images/DTS/2019B-0910/DECam_00923741.fits.fz,/net/archive/pipe/20191230/ct4m/2019B-0910/c4d_191231_031952_osd_g_v1.fits.fz,1.07,"{'gte': 54.27470833333333, 'lte': 54.27470833333333}","{'gte': -27.112305555555558, 'lte': -27.112305555555558}",54.27470833333333,-27.112305555555558,g DECam SDSS c0001 4720.0 1520.0,None,,160.0,0,2019-12-31,2019-12-31T03:19:52.334856+0000,[4674],Shen,2019B-0910,2021-06-22,decam,ct4m,ct,,object,SN-C1,stacked,dqmask,,2019-12-30,[None]
2020-11-18T18:29:45.586340+0000,f71304e22cd5ff48e4e0b6735d1af36d,16050240,/data_local/images/DTS/2019B-0910/DECam_00900799.fits.fz,/net/archive/pipe/20191004/ct4m/2019B-0910/c4d_191005_055541_ose_g_v1.fits.fz,1.07,"{'gte': 54.27295833333333, 'lte': 54.27295833333333}","{'gte': -27.114250000000002, 'lte': -27.114250000000002}",54.27295833333333,-27.114250000000002,g DECam SDSS c0001 4720.0 1520.0,None,,20.0,0,2019-10-05,2019-10-05T05:55:41.999512+0000,[4674],Shen,2019B-0910,2021-03-27,decam,ct4m,ct,,object,SN-C1,stacked,expmap,,2019-10-04,[None]
2020-11-19T05:55:32.550602+0000,e068230148d9110f1c5439f5ae60c2fc,4798080,/data_local/images/DTS/2019B-0910/DECam_00917148.fits.fz,/net/archive/pipe/20191213/ct4m/2019B-0910/c4d_191214_015920_ose_i_v1.fits.fz,1.02,"{'gte': 54.276083333333325, 'lte': 54.276083333333325}","{'gte': -29.087055555555555, 'lte': -29.087055555555555}",54.276083333333325,-29.087055555555555,i DECam SDSS c0003 7835.0 1470.0,None,,180.0,0,2019-12-14,2019-12-14T01:59:20.355630+0000,[4674],Shen,2019B-0910,2021-06-05,decam,ct4m,ct,,object,SN-C2,stacked,expmap,,2019-12-13,[None]
2020-11-18T18:33:06.939699+0000,f3448bbdfaf42bc1dfd7670c02382d78,1699200,/data_local/images/DTS/2019B-0910/DECam_00902565.fits.fz,/net/archive/pipe/20191021/ct4m/2019B-0910/c4d_191022_073706_osd_i_v1.fits.fz,1.05,"{'gte': 52.65174999999999, 'lte': 52.65174999999999}","{'gte': -28.102055555555555, 'lte': -28.102055555555555}",52.65174999999999,-28.102055555555555,i DECam SDSS c0003 7835.0 1470.0,None,,180.0,0,2019-10-22,2019-10-22T07:37:06.815070+0000,[4674],Shen,2019B-0910,2021-04-13,decam,ct4m,ct,,object,SN-C3,stacked,dqmask,,2019-10-21,[None]
2020-11-18T23:35:01.532899+0000,d314591de64c1ce3e1f7f0554ad6c4f9,350795520,/data_local/images/DTS/2019B-0910/DECam_00898457.fits.fz,/net/archive/pipe/20190926/ct4m/2019B-0910/c4d_190927_060530_osj_g_v1.fits.fz,1.09,"{'gte': 52.651291666666665, 'lte': 52.651291666666665}","{'gte': -28.100944444444448, 'lte': -28.100944444444448}",52.651291666666665,-28.100944444444448,g DECam SDSS c0001 4720.0 1520.0,None,,40.0,0,2019-09-27,2019-09-27T06:05:30.917435+0000,[4674],Shen,2019B-0910,2021-03-19,decam,ct4m,ct,,object,SN-C3,stacked,image1,,2019-09-26,[None]
2020-11-19T06:09:51.148111+0000,f44dc86312fbce10498fda8449cc46ad,4786560,/data_local/images/DTS/2019B-0910/DECam_00925484.fits.fz,/net/archive/pipe/20200120/ct4m/2019B-0910/c4d_200121_033547_ose_i_v1.fits.fz,1.35,"{'gte': 54.27470833333333, 'lte': 54.27470833333333}","{'gte': -27.110972222222223, 'lte': -27.110972222222223}",54.27470833333333,-27.110972222222223,i DECam SDSS c0003 7835.0 1470.0,None,,180.0,0,2020-01-21,2020-01-21T03:35:47.674765+0000,[4674],Shen,2019B-0910,2021-07-13,decam,ct4m,ct,,object,SN-C1,stacked,expmap,,2020-01-20,[None]
2020-11-19T03:04:29.598643+0000,ff8daeeb0897731e3e5cfb4d8c8dca64,238392000,/data_local/images/DTS/2019B-0910/DECam_00927206.fits.fz,/net/archive/pipe/20200127/ct4m/2019B-0910/c4d_200128_014005_osw_i_v1.fits.fz,1.09,"{'gte': 54.27287499999999, 'lte': 54.27287499999999}","{'gte': -27.112111111111112, 'lte': -27.112111111111112}",54.27287499999999,-27.112111111111112,i DECam SDSS c0003 7835.0 1470.0,None,,180.0,0,2020-01-28,2020-01-28T01:40:05.183479+0000,[4674],Shen,2019B-0910,2021-07-20,decam,ct4m,ct,,object,SN-C1,stacked,wtmap,,2020-01-27,[None]
2020-11-19T12:29:21.037865+0000,fa9fabe2a3ab413726e6e08b95b2c4f3,239581440,/data_local/images/DTS/2019B-0910/DECam_00940736.fits.fz,/net/archive/pipe/20200303/ct4m/2019B-0910/c4d_200304_003235_osw_g_v1.fits.fz,1.29,"{'gte': 54.274916666666655, 'lte': 54.274916666666655}","{'gte': -27.112250000000003, 'lte': -27.112250000000003}",54.274916666666655,-27.112250000000003,g DECam SDSS c0001 4720.0 1520.0,None,,160.0,0,2020-03-04,2020-03-04T00:32:35.131887+0000,[4674],Shen,2019B-0910,2021-08-25,decam,ct4m,ct,,object,SN-C1,stacked,wtmap,,2020-03-03,[None]
2020-11-19T02:53:28.695110+0000,d6ebf35721ab5c72a9b3492789c93896,4815360,/data_local/images/DTS/2019B-0910/DECam_00925111.fits.fz,/net/archive/pipe/20200105/ct4m/2019B-0910/c4d_200106_034246_ose_i_v1.fits.fz,1.16,"{'gte': 54.274375, 'lte': 54.274375}","{'gte': -29.089416666666665, 'lte': -29.089416666666665}",54.274375,-29.089416666666665,i DECam SDSS c0003 7835.0 1470.0,None,,180.0,0,2020-01-06,2020-01-06T03:42:46.298255+0000,[4674],Shen,2019B-0910,2021-06-28,decam,ct4m,ct,,object,SN-C2,stacked,expmap,,2020-01-05,[None]
2020-11-19T02:48:38.129290+0000,f69f88f307549ef1116a26dbfe114ac1,334676160,/data_local/images/DTS/2019B-0910/DECam_00915318.fits.fz,/net/archive/pipe/20191207/ct4m/2019B-0910/c4d_191208_014016_osj_g_v1.fits.fz,1.07,"{'gte': 54.27354166666666, 'lte': 54.27354166666666}","{'gte': -29.088916666666666, 'lte': -29.088916666666666}",54.27354166666666,-29.088916666666666,g DECam SDSS c0001 4720.0 1520.0,None,,160.0,0,2019-12-08,2019-12-08T01:40:16.702432+0000,[4674],Shen,2019B-0910,2021-05-30,decam,ct4m,ct,,object,SN-C2,stacked,image1,,2019-12-07,[None]
2020-11-19T04:38:54.201890+0000,f97cea7ee36e40d14fd33a2c6f6de258,337711680,/data_local/images/DTS/2019B-0910/DECam_00912535.fits.fz,/net/archive/pipe/20191130/ct4m/2019B-0910/c4d_191201_014153_osj_r_v1.fits.fz,1.12,"{'gte': 54.27375, 'lte': 54.27375}","{'gte': -29.08797222222222, 'lte': -29.08797222222222}",54.27375,-29.08797222222222,r DECam SDSS c0002 6415.0 1480.0,None,,140.0,0,2019-12-01,2019-12-01T01:41:53.061388+0000,[4674],Shen,2019B-0910,2021-05-23,decam,ct4m,ct,,object,SN-C2,stacked,image1,,2019-11-30,[None]
2020-11-19T06:39:25.970072+0000,f6940340a5cb9fff486c44c3b1207589,1152000,/data_local/images/DTS/2019B-0910/DECam_00915320.fits.fz,/net/archive/pipe/20191207/ct4m/2019B-0910/c4d_191208_014353_osd_r_v1.fits.fz,1.06,"{'gte': 54.27349999999999, 'lte': 54.27349999999999}","{'gte': -29.089222222222222, 'lte': -29.089222222222222}",54.27349999999999,-29.089222222222222,r DECam SDSS c0002 6415.0 1480.0,None,,140.0,0,2019-12-08,2019-12-08T01:43:53.734350+0000,[4674],Shen,2019B-0910,2021-05-30,decam,ct4m,ct,,object,SN-C2,stacked,dqmask,,2019-12-07,[None]
2020-11-18T23:58:24.323043+0000,d61ebf6fcb81926f1783036d7af8623d,238072320,/data_local/images/DTS/2019B-0910/DECam_00889321.fits.fz,/net/archive/pipe/20190821/ct4m/2019B-0910/c4d_190822_082802_osw_r_v1.fits.fz,1.1,"{'gte': 54.272458333333326, 'lte': 54.272458333333326}","{'gte': -29.088583333333332, 'lte': -29.088583333333332}",54.272458333333326,-29.088583333333332,r DECam SDSS c0002 6415.0 1480.0,None,,140.0,0,2019-08-22,2019-08-22T08:28:02.812759+0000,[4674],Shen,2019B-0910,2021-02-11,decam,ct4m,ct,,object,SN-C2,stacked,wtmap,,2019-08-21,[None]
2020-11-19T13:08:31.723815+0000,faa1848187484fc1d14283dc3d16f487,4677120,/data_local/images/DTS/2019B-0910/DECam_00906067.fits.fz,/net/archive/pipe/20191104/ct4m/2019B-0910/c4d_191105_031550_ose_r_v1.fits.fz,1.12,"{'gte': 52.65008333333333, 'lte': 52.65008333333333}","{'gte': -28.100444444444445, 'lte': -28.100444444444445}",52.65008333333333,-28.100444444444445,r DECam SDSS c0002 6415.0 1480.0,None,,140.0,0,2019-11-05,2019-11-05T03:15:50.930577+0000,[4674],Shen,2019B-0910,2021-04-27,decam,ct4m,ct,,object,SN-C3,stacked,expmap,,2019-11-04,[None]
2020-11-19T00:35:11.187687+0000,d65ddcc6c1817b7a6d6fc33b4c739243,9792000,/data_local/images/DTS/2019B-0910/DECam_00900804.fits.fz,/net/archive/pipe/20191004/ct4m/2019B-0910/c4d_191005_060415_ose_i_v1.fits.fz,1.05,"{'gte': 54.274125, 'lte': 54.274125}","{'gte': -27.11127777777778, 'lte': -27.11127777777778}",54.274125,-27.11127777777778,i DECam SDSS c0003 7835.0 1470.0,None,,360.0,0,2019-10-05,2019-10-05T06:04:15.001600+0000,[4674],Shen,2019B-0910,2021-03-27,decam,ct4m,ct,,object,SN-C1,stacked,expmap,,2019-10-04,[None]
2020-11-19T06:09:53.554532+0000,f9dee9911d5ee56c533b2949de74ebc7,338592960,/data_local/images/DTS/2019B-0910/DECam_00925491.fits.fz,/net/archive/pipe/20200120/ct4m/2019B-0910/c4d_200121_034815_osj_i_v1.fits.fz,1.4,"{'gte': 54.27416666666666, 'lte': 54.27416666666666}","{'gte': -29.088583333333332, 'lte': -29.088583333333332}",54.27416666666666,-29.088583333333332,i DECam SDSS c0003 7835.0 1470.0,None,,180.0,0,2020-01-21,2020-01-21T03:48:15.546112+0000,[4674],Shen,2019B-0910,2021-07-13,decam,ct4m,ct,,object,SN-C2,stacked,image1,,2020-01-20,[None]
2020-11-18T22:41:40.340632+0000,e4af3e84717dc41e99db3a31c84a48c6,5088960,/data_local/images/DTS/2019B-0910/DECam_00892207.fits.fz,/net/archive/pipe/20190830/ct4m/2019B-0910/c4d_190831_072144_ose_g_v1.fits.fz,1.15,"{'gte': 52.65041666666666, 'lte': 52.65041666666666}","{'gte': -28.09936111111111, 'lte': -28.09936111111111}",52.65041666666666,-28.09936111111111,g DECam SDSS c0001 4720.0 1520.0,None,,160.0,0,2019-08-31,2019-08-31T07:21:44.036391+0000,[4674],Shen,2019B-0910,2021-02-20,decam,ct4m,ct,,object,SN-C3,stacked,expmap,,2019-08-30,[None]
2020-11-19T03:27:43.984499+0000,d4e767b0c9598b939808e0b51dc34742,237545280,/data_local/images/DTS/2019B-0910/DECam_00908571.fits.fz,/net/archive/pipe/20191116/ct4m/2019B-0910/c4d_191117_024040_osw_g_v1.fits.fz,1.11,"{'gte': 54.27345833333332, 'lte': 54.27345833333332}","{'gte': -29.088472222222222, 'lte': -29.088472222222222}",54.27345833333332,-29.088472222222222,g DECam SDSS c0001 4720.0 1520.0,None,,160.0,0,2019-11-17,2019-11-17T02:40:40.407991+0000,[4674],Shen,2019B-0910,2021-05-09,decam,ct4m,ct,,object,SN-C2,stacked,wtmap,,2019-11-16,[None]
2020-11-19T06:11:55.782168+0000,fa5f13acc511d175e00dd9bdb1380c45,240655680,/data_local/images/DTS/2019B-0910/DECam_00923738.fits.fz,/net/archive/pipe/20191230/ct4m/2019B-0910/c4d_191231_031422_osw_i_v1.fits.fz,1.07,"{'gte': 52.64999999999999, 'lte': 52.64999999999999}","{'gte': -28.09936111111111, 'lte': -28.09936111111111}",52.64999999999999,-28.09936111111111,i DECam SDSS c0003 7835.0 1470.0,None,,180.0,0,2019-12-31,2019-12-31T03:14:22.277256+0000,[4674],Shen,2019B-0910,2021-06-22,decam,ct4m,ct,,object,SN-C3,stacked,wtmap,,2019-12-30,[None]
2020-11-19T02:51:30.992231+0000,fa2f20145c7e5abc75ef7fad5ca83aea,1488960,/data_local/images/DTS/2019B-0910/DECam_00921232.fits.fz,/net/archive/pipe/20191220/ct4m/2019B-0910/c4d_191221_035936_osd_r_v1.fits.fz,1.07,"{'gte': 54.27429166666666, 'lte': 54.27429166666666}","{'gte': -27.11202777777778, 'lte': -27.11202777777778}",54.27429166666666,-27.11202777777778,r DECam SDSS c0002 6415.0 1480.0,None,,140.0,0,2019-12-21,2019-12-21T03:59:36.489757+0000,[4674],Shen,2019B-0910,2021-06-12,decam,ct4m,ct,,object,SN-C1,stacked,dqmask,,2019-12-20,[None]
2020-11-19T13:08:32.758466+0000,f721ad2d3e25549522c507e6c8b66a5e,240085440,/data_local/images/DTS/2019B-0910/DECam_00906069.fits.fz,/net/archive/pipe/20191104/ct4m/2019B-0910/c4d_191105_031908_osw_i_v1.fits.fz,1.11,"{'gte': 52.64945833333333, 'lte': 52.64945833333333}","{'gte': -28.10086111111111, 'lte': -28.10086111111111}",52.64945833333333,-28.10086111111111,i DECam SDSS c0003 7835.0 1470.0,None,,180.0,0,2019-11-05,2019-11-05T03:19:08.637072+0000,[4674],Shen,2019B-0910,2021-04-27,decam,ct4m,ct,,object,SN-C3,stacked,wtmap,,2019-11-04,[None]
2020-11-18T18:29:48.800761+0000,e2b0a697cc7f6510098b1ce9147decbe,9397440,/data_local/images/DTS/2019B-0910/DECam_00900790.fits.fz,/net/archive/pipe/20191004/ct4m/2019B-0910/c4d_191005_053715_ose_r_v1.fits.fz,1.08,"{'gte': 52.64691666666666, 'lte': 52.64691666666666}","{'gte': -28.102111111111114, 'lte': -28.102111111111114}",52.64691666666666,-28.102111111111114,r DECam SDSS c0002 6415.0 1480.0,None,,280.0,0,2019-10-05,2019-10-05T05:37:15.477196+0000,[4674],Shen,2019B-0910,2021-03-27,decam,ct4m,ct,,object,SN-C3,stacked,expmap,,2019-10-04,[None]
2020-11-19T08:31:29.904665+0000,e2138e0d1ab4968c70f68f3916b37da7,3954240,/data_local/images/DTS/2019B-0910/DECam_00895683.fits.fz,/net/archive/pipe/20190915/ct4m/2019B-0910/c4d_190916_064148_ose_g_v1.fits.fz,1.1,"{'gte': 52.65266666666666, 'lte': 52.65266666666666}","{'gte': -28.100527777777778, 'lte': -28.100527777777778}",52.65266666666666,-28.100527777777778,g DECam SDSS c0001 4720.0 1520.0,None,,20.0,0,2019-09-16,2019-09-16T06:41:48.200196+0000,[4674],Shen,2019B-0910,2021-03-08,decam,ct4m,ct,,object,SN-C3,stacked,expmap,,2019-09-15,[None]
2020-11-18T23:35:01.725910+0000,e324c6fc071971ff183d40736fe0de5b,243544320,/data_local/images/DTS/2019B-0910/DECam_00898469.fits.fz,/net/archive/pipe/20190926/ct4m/2019B-0910/c4d_190927_062911_osw_g_v1.fits.fz,1.06,"{'gte': 54.27375, 'lte': 54.27375}","{'gte': -27.114222222222224, 'lte': -27.114222222222224}",54.27375,-27.114222222222224,g DECam SDSS c0001 4720.0 1520.0,None,,20.0,0,2019-09-27,2019-09-27T06:29:11.699964+0000,[4674],Shen,2019B-0910,2021-03-19,decam,ct4m,ct,,object,SN-C1,stacked,wtmap,,2019-09-26,[None]
2020-11-18T21:17:38.868426+0000,f6ec8a2d8238485ccf5688c6f01649c1,1198080,/data_local/images/DTS/2019B-0910/DECam_00889323.fits.fz,/net/archive/pipe/20190821/ct4m/2019B-0910/c4d_190822_083120_osd_i_v1.fits.fz,1.09,"{'gte': 54.27254166666666, 'lte': 54.27254166666666}","{'gte': -29.08861111111111, 'lte': -29.08861111111111}",54.27254166666666,-29.08861111111111,i DECam SDSS c0003 7835.0 1470.0,None,,180.0,0,2019-08-22,2019-08-22T08:31:20.720592+0000,[4674],Shen,2019B-0910,2021-02-11,decam,ct4m,ct,,object,SN-C2,stacked,dqmask,,2019-08-21,[None]
2020-11-19T10:50:16.301038+0000,f902b92dd7b44e80a897cc441df8d5cc,1272960,/data_local/images/DTS/2019B-0910/DECam_00892233.fits.fz,/net/archive/pipe/20190830/ct4m/2019B-0910/c4d_190831_081922_osd_i_v1.fits.fz,1.05,"{'gte': 54.274583333333325, 'lte': 54.274583333333325}","{'gte': -29.089222222222222, 'lte': -29.089222222222222}",54.274583333333325,-29.089222222222222,i DECam SDSS c0003 7835.0 1470.0,None,,180.0,0,2019-08-31,2019-08-31T08:19:22.256263+0000,[4674],Shen,2019B-0910,2021-02-20,decam,ct4m,ct,,object,SN-C2,stacked,dqmask,,2019-08-30,[None]
2020-11-19T04:36:25.688402+0000,e4666feffb6ebd21e6f4e9bd9580badd,332464320,/data_local/images/DTS/2019B-0910/DECam_00927213.fits.fz,/net/archive/pipe/20200127/ct4m/2019B-0910/c4d_200128_015226_osj_i_v1.fits.fz,1.11,"{'gte': 54.273624999999996, 'lte': 54.273624999999996}","{'gte': -29.08908333333333, 'lte': -29.08908333333333}",54.273624999999996,-29.08908333333333,i DECam SDSS c0003 7835.0 1470.0,None,,180.0,0,2020-01-28,2020-01-28T01:52:26.288993+0000,[4674],Shen,2019B-0910,2021-07-20,decam,ct4m,ct,,object,SN-C2,stacked,image1,,2020-01-27,[None]
2020-11-19T06:09:17.383868+0000,ff66ac3703b0be7d03c4b40837be620d,1440000,/data_local/images/DTS/2019B-0910/DECam_00921242.fits.fz,/net/archive/pipe/20191220/ct4m/2019B-0910/c4d_191221_042022_osd_g_v1.fits.fz,1.11,"{'gte': 54.273999999999994, 'lte': 54.273999999999994}","{'gte': -29.08825, 'lte': -29.08825}",54.273999999999994,-29.08825,g DECam SDSS c0001 4720.0 1520.0,None,,160.0,0,2019-12-21,2019-12-21T04:20:22.998580+0000,[4674],Shen,2019B-0910,2021-06-12,decam,ct4m,ct,,object,SN-C2,stacked,dqmask,,2019-12-20,[None]
2020-11-19T00:37:49.500483+0000,f6378865987cd8532dac6aa1ae24a320,4979520,/data_local/images/DTS/2019B-0910/DECam_00906069.fits.fz,/net/archive/pipe/20191104/ct4m/2019B-0910/c4d_191105_031908_ose_i_v1.fits.fz,1.11,"{'gte': 52.64945833333333, 'lte': 52.64945833333333}","{'gte': -28.10086111111111, 'lte': -28.10086111111111}",52.64945833333333,-28.10086111111111,i DECam SDSS c0003 7835.0 1470.0,None,,180.0,0,2019-11-05,2019-11-05T03:19:08.637072+0000,[4674],Shen,2019B-0910,2021-04-27,decam,ct4m,ct,,object,SN-C3,stacked,expmap,,2019-11-04,[None]
2020-11-19T02:53:27.654357+0000,fb5a8674f57af592c4c1d8265585fe05,1022400,/data_local/images/DTS/2019B-0910/DECam_00925109.fits.fz,/net/archive/pipe/20200105/ct4m/2019B-0910/c4d_200106_033929_osd_r_v1.fits.fz,1.15,"{'gte': 54.274125, 'lte': 54.274125}","{'gte': -29.09022222222222, 'lte': -29.09022222222222}",54.274125,-29.09022222222222,r DECam SDSS c0002 6415.0 1480.0,None,,140.0,0,2020-01-06,2020-01-06T03:39:29.468603+0000,[4674],Shen,2019B-0910,2021-06-28,decam,ct4m,ct,,object,SN-C2,stacked,dqmask,,2020-01-05,[None]
2020-11-19T03:04:21.942426+0000,fd90c34b294916a2028ab758b4ac8d8a,4985280,/data_local/images/DTS/2019B-0910/DECam_00927202.fits.fz,/net/archive/pipe/20200127/ct4m/2019B-0910/c4d_200128_013309_ose_g_v1.fits.fz,1.08,"{'gte': 54.27408333333332, 'lte': 54.27408333333332}","{'gte': -27.111777777777778, 'lte': -27.111777777777778}",54.27408333333332,-27.111777777777778,g DECam SDSS c0001 4720.0 1520.0,None,,160.0,0,2020-01-28,2020-01-28T01:33:09.679793+0000,[4674],Shen,2019B-0910,2021-07-20,decam,ct4m,ct,,object,SN-C1,stacked,expmap,,2020-01-27,[None]
2020-11-18T23:41:13.043873+0000,fdd22f0ca2b19e7a08794e87540c9c57,237801600,/data_local/images/DTS/2019B-0910/DECam_00892209.fits.fz,/net/archive/pipe/20190830/ct4m/2019B-0910/c4d_190831_072519_osw_r_v1.fits.fz,1.14,"{'gte': 52.65045833333333, 'lte': 52.65045833333333}","{'gte': -28.09933333333333, 'lte': -28.09933333333333}",52.65045833333333,-28.09933333333333,r DECam SDSS c0002 6415.0 1480.0,None,,140.0,0,2019-08-31,2019-08-31T07:25:19.964823+0000,[4674],Shen,2019B-0910,2021-02-20,decam,ct4m,ct,,object,SN-C3,stacked,wtmap,,2019-08-30,[None]
2020-11-18T18:52:39.148810+0000,e6a1f19b9391ec4ec81412a5ba17bd2b,1883520,/data_local/images/DTS/2019B-0910/DECam_00906041.fits.fz,/net/archive/pipe/20191104/ct4m/2019B-0910/c4d_191105_022344_osd_g_v1.fits.fz,1.3,"{'gte': 54.273624999999996, 'lte': 54.273624999999996}","{'gte': -27.111555555555558, 'lte': -27.111555555555558}",54.273624999999996,-27.111555555555558,g DECam SDSS c0001 4720.0 1520.0,None,,160.0,0,2019-11-05,2019-11-05T02:23:44.839894+0000,[4674],Shen,2019B-0910,2021-04-27,decam,ct4m,ct,,object,SN-C1,stacked,dqmask,,2019-11-04,[None]
2020-11-19T03:00:19.537266+0000,fb05c423e4e6e29d0ad7d26e57552bd8,6122880,/data_local/images/DTS/2019B-0910/DECam_00927194.fits.fz,/net/archive/pipe/20200127/ct4m/2019B-0910/c4d_200128_011915_ose_g_v1.fits.fz,1.06,"{'gte': 52.651083333333325, 'lte': 52.651083333333325}","{'gte': -28.099138888888888, 'lte': -28.099138888888888}",52.651083333333325,-28.099138888888888,g DECam SDSS c0001 4720.0 1520.0,None,,30.0,0,2020-01-28,2020-01-28T01:19:15.796442+0000,[4674],Shen,2019B-0910,2021-07-20,decam,ct4m,ct,,object,SN-C3,stacked,expmap,,2020-01-27,[None]
2020-11-18T23:19:42.883101+0000,ff200c14d97b255ea5469409798190cd,1307520,/data_local/images/DTS/2019B-0910/DECam_00895703.fits.fz,/net/archive/pipe/20190915/ct4m/2019B-0910/c4d_190916_071937_osd_g_v1.fits.fz,1.05,"{'gte': 54.273999999999994, 'lte': 54.273999999999994}","{'gte': -29.087805555555555, 'lte': -29.087805555555555}",54.273999999999994,-29.087805555555555,g DECam SDSS c0001 4720.0 1520.0,None,,160.0,0,2019-09-16,2019-09-16T07:19:37.060052+0000,[4674],Shen,2019B-0910,2021-03-08,decam,ct4m,ct,,object,SN-C2,stacked,dqmask,,2019-09-15,[None]
2020-11-18T21:13:15.468248+0000,ff5ee212fe28d8abb9eb2331967def9d,333282240,/data_local/images/DTS/2019B-0910/DECam_00889314.fits.fz,/net/archive/pipe/20190821/ct4m/2019B-0910/c4d_190822_081536_osj_r_v1.fits.fz,1.13,"{'gte': 54.27262499999999, 'lte': 54.27262499999999}","{'gte': -27.1125, 'lte': -27.1125}",54.27262499999999,-27.1125,r DECam SDSS c0002 6415.0 1480.0,None,,140.0,0,2019-08-22,2019-08-22T08:15:36.995012+0000,[4674],Shen,2019B-0910,2021-02-11,decam,ct4m,ct,,object,SN-C1,stacked,image1,,2019-08-21,[None]
2020-11-19T06:11:58.335179+0000,fe92c10a79853470d2bbb75ee4dddc88,238700160,/data_local/images/DTS/2019B-0910/DECam_00923743.fits.fz,/net/archive/pipe/20191230/ct4m/2019B-0910/c4d_191231_032330_osw_r_v1.fits.fz,1.08,"{'gte': 54.27358333333333, 'lte': 54.27358333333333}","{'gte': -27.112083333333334, 'lte': -27.112083333333334}",54.27358333333333,-27.112083333333334,r DECam SDSS c0002 6415.0 1480.0,None,,140.0,0,2019-12-31,2019-12-31T03:23:30.749873+0000,[4674],Shen,2019B-0910,2021-06-22,decam,ct4m,ct,,object,SN-C1,stacked,wtmap,,2019-12-30,[None]
2020-11-18T18:33:02.916421+0000,fdab4a2c6de8f343e1a37780c41b97cf,236194560,/data_local/images/DTS/2019B-0910/DECam_00902561.fits.fz,/net/archive/pipe/20191021/ct4m/2019B-0910/c4d_191022_073014_osw_g_v1.fits.fz,1.05,"{'gte': 52.651916666666665, 'lte': 52.651916666666665}","{'gte': -28.10338888888889, 'lte': -28.10338888888889}",52.651916666666665,-28.10338888888889,g DECam SDSS c0001 4720.0 1520.0,None,,160.0,0,2019-10-22,2019-10-22T07:30:14.105018+0000,[4674],Shen,2019B-0910,2021-04-13,decam,ct4m,ct,,object,SN-C3,stacked,wtmap,,2019-10-21,[None]
2020-11-18T19:18:05.189567+0000,fdf0735705af9928e731d5a667f64c9e,238049280,/data_local/images/DTS/2019B-0910/DECam_00889319.fits.fz,/net/archive/pipe/20190821/ct4m/2019B-0910/c4d_190822_082424_osw_g_v1.fits.fz,1.1,"{'gte': 54.27320833333333, 'lte': 54.27320833333333}","{'gte': -29.08813888888889, 'lte': -29.08813888888889}",54.27320833333333,-29.08813888888889,g DECam SDSS c0001 4720.0 1520.0,None,,160.0,0,2019-08-22,2019-08-22T08:24:24.793553+0000,[4674],Shen,2019B-0910,2021-02-11,decam,ct4m,ct,,object,SN-C2,stacked,wtmap,,2019-08-21,[None]
2020-11-18T18:33:08.170010+0000,ffeb4d5d37c9f6f0389faadee3f01e7c,16583040,/data_local/images/DTS/2019B-0910/DECam_00902577.fits.fz,/net/archive/pipe/20191021/ct4m/2019B-0910/c4d_191022_080123_ose_i_v1.fits.fz,1.08,"{'gte': 54.275749999999995, 'lte': 54.275749999999995}","{'gte': -27.112833333333334, 'lte': -27.112833333333334}",54.275749999999995,-27.112833333333334,i DECam SDSS c0003 7835.0 1470.0,None,,180.0,0,2019-10-22,2019-10-22T08:01:23.545321+0000,[4674],Shen,2019B-0910,2021-04-13,decam,ct4m,ct,,object,SN-C1,stacked,expmap,,2019-10-21,[None]
2020-11-18T23:20:06.788618+0000,e71cb528b2db98cee71482be909ab805,237188160,/data_local/images/DTS/2019B-0910/DECam_00895703.fits.fz,/net/archive/pipe/20190915/ct4m/2019B-0910/c4d_190916_071937_osw_g_v1.fits.fz,1.05,"{'gte': 54.273999999999994, 'lte': 54.273999999999994}","{'gte': -29.087805555555555, 'lte': -29.087805555555555}",54.273999999999994,-29.087805555555555,g DECam SDSS c0001 4720.0 1520.0,None,,160.0,0,2019-09-16,2019-09-16T07:19:37.060052+0000,[4674],Shen,2019B-0910,2021-03-08,decam,ct4m,ct,,object,SN-C2,stacked,wtmap,,2019-09-15,[None]
2020-11-18T23:35:05.944288+0000,fbfb78f70e7aac64083694d4e9b3b0c2,1169280,/data_local/images/DTS/2019B-0910/DECam_00898479.fits.fz,/net/archive/pipe/20190926/ct4m/2019B-0910/c4d_190927_064654_osd_r_v1.fits.fz,1.04,"{'gte': 54.27375, 'lte': 54.27375}","{'gte': -29.08747222222222, 'lte': -29.08747222222222}",54.27375,-29.08747222222222,r DECam SDSS c0002 6415.0 1480.0,None,,140.0,0,2019-09-27,2019-09-27T06:46:54.175792+0000,[4674],Shen,2019B-0910,2021-03-19,decam,ct4m,ct,,object,SN-C2,stacked,dqmask,,2019-09-26,[None]
2020-11-19T02:42:42.854591+0000,fca89b3e5433a7dfc2b0f37366a5ecd0,239526720,/data_local/images/DTS/2019B-0910/DECam_00927194.fits.fz,/net/archive/pipe/20200127/ct4m/2019B-0910/c4d_200128_011915_osw_g_v1.fits.fz,1.06,"{'gte': 52.651083333333325, 'lte': 52.651083333333325}","{'gte': -28.099138888888888, 'lte': -28.099138888888888}",52.651083333333325,-28.099138888888888,g DECam SDSS c0001 4720.0 1520.0,None,,30.0,0,2020-01-28,2020-01-28T01:19:15.796442+0000,[4674],Shen,2019B-0910,2021-07-20,decam,ct4m,ct,,object,SN-C3,stacked,wtmap,,2020-01-27,[None]
2020-11-19T06:39:39.273135+0000,fee1fda0d34ff5480513a0fff63e9d3a,333524160,/data_local/images/DTS/2019B-0910/DECam_00921232.fits.fz,/net/archive/pipe/20191220/ct4m/2019B-0910/c4d_191221_035936_osj_r_v1.fits.fz,1.07,"{'gte': 54.27429166666666, 'lte': 54.27429166666666}","{'gte': -27.11202777777778, 'lte': -27.11202777777778}",54.27429166666666,-27.11202777777778,r DECam SDSS c0002 6415.0 1480.0,None,,140.0,0,2019-12-21,2019-12-21T03:59:36.489757+0000,[4674],Shen,2019B-0910,2021-06-12,decam,ct4m,ct,,object,SN-C1,stacked,image1,,2019-12-20,[None]
2020-11-19T11:34:04.662106+0000,fffa3e1eb8dde2f5a5f35daca22a2978,8438400,/data_local/images/DTS/2019B-0910/DECam_00900802.fits.fz,/net/archive/pipe/20191004/ct4m/2019B-0910/c4d_191005_060056_ose_r_v1.fits.fz,1.06,"{'gte': 54.27462499999999, 'lte': 54.27462499999999}","{'gte': -27.11116666666667, 'lte': -27.11116666666667}",54.27462499999999,-27.11116666666667,r DECam SDSS c0002 6415.0 1480.0,None,,280.0,0,2019-10-05,2019-10-05T06:00:56.479971+0000,[4674],Shen,2019B-0910,2021-03-27,decam,ct4m,ct,,object,SN-C1,stacked,expmap,,2019-10-04,[None]
